Mq-135,Mq-136,Temperature,Humidity,minutes,tvc,RSL_minutes,class
48,317,29.3,62.4,1,2.002,625,1
46,318,29.3,62.3,1,2.002,625,1
30,302,29.3,62.3,1,2.002,625,1
43,303,29.3,62.5,1,2.002,625,1
31,296,29.3,62.9,1,2.002,625,1
31,295,29.4,64.2,1,2.002,625,1
37,309,29.4,64.1,1,2.002,625,1
33,294,29.4,63.8,1,2.002,625,1
32,306,29.4,63.4,1,2.002,625,1
18,293,29.4,63.4,1,2.002,625,1
19,284,29.4,64.4,1,2.002,625,1
32,285,29.3,64.1,1,2.002,625,1
22,281,29.4,63.8,2,2.002,624,1
30,294,29.4,63.3,2,2.002,624,1
32,294,29.4,63.0,2,2.002,624,1
26,288,29.3,62.5,2,2.002,624,1
31,283,29.4,62.4,2,2.002,624,1
15,268,29.4,62.2,2,2.002,624,1
26,277,29.3,62.1,2,2.002,624,1
14,266,29.3,62.0,2,2.002,624,1
15,265,29.4,62.2,2,2.002,624,1
13,265,29.4,62.2,2,2.002,624,1
22,272,29.4,62.1,2,2.002,624,1
22,272,29.3,62.1,2,2.002,624,1
11,258,29.4,62.1,3,2.002,623,1
14,259,29.4,62.2,3,2.002,623,1
16,265,29.4,62.0,3,2.002,623,1
15,267,29.4,62.2,3,2.002,623,1
26,274,29.4,62.5,3,2.002,623,1
32,275,29.4,62.3,3,2.002,623,1
32,279,29.4,62.3,3,2.002,623,1
26,277,29.4,62.7,3,2.002,623,1
22,265,29.4,63.2,3,2.002,623,1
26,265,29.4,64.2,3,2.002,623,1
22,264,29.4,65.4,3,2.002,623,1
34,276,29.4,66.3,3,2.002,623,1
34,274,29.4,67.5,4,2.002,622,1
34,276,29.4,68.3,4,2.002,622,1
21,271,29.4,69.4,4,2.002,622,1
34,269,29.5,70.3,4,2.002,622,1
31,270,29.5,70.8,4,2.002,622,1
31,268,29.5,71.5,4,2.002,622,1
21,256,29.5,72.0,4,2.002,622,1
33,265,29.5,72.5,4,2.002,622,1
22,254,29.5,72.9,4,2.002,622,1
33,265,29.5,73.2,4,2.002,622,1
30,264,29.5,73.6,4,2.002,622,1
30,263,29.5,73.9,4,2.002,622,1
20,262,29.5,74.2,5,2.002,621,1
30,264,29.5,74.5,5,2.002,621,1
28,258,29.5,74.7,5,2.002,621,1
25,256,29.6,74.8,5,2.002,621,1
28,259,29.6,74.9,5,2.002,621,1
28,254,29.6,75.3,5,2.002,621,1
26,254,29.6,75.5,5,2.002,621,1
25,256,29.6,74.8,5,2.002,621,1
28,259,29.6,74.9,5,2.002,621,1
28,254,29.6,75.3,5,2.002,621,1
26,254,29.6,75.5,5,2.002,621,1
16,252,29.6,75.7,5,2.002,621,1
25,241,29.6,76.0,6,2.25964,620,1
25,250,29.6,76.1,6,2.25964,620,1
15,247,29.6,76.3,6,2.25964,620,1
13,234,29.6,76.4,6,2.25964,620,1
15,234,29.6,76.5,6,2.25964,620,1
12,244,29.6,76.7,6,2.25964,620,1
14,232,29.6,76.9,6,2.25964,620,1
13,231,29.6,76.9,6,2.25964,620,1
13,230,29.7,77.0,6,2.25964,620,1
12,225,29.7,77.0,6,2.25964,620,1
12,227,29.7,77.1,6,2.25964,620,1
13,227,29.7,77.2,6,2.25964,620,1
10,224,29.7,77.2,7,2.25964,619,1
8,223,29.7,77.2,7,2.25964,619,1
10,220,29.7,77.3,7,2.25964,619,1
12,220,29.7,77.3,7,2.25964,619,1
18,232,29.7,77.3,7,2.25964,619,1
15,216,29.7,77.2,7,2.25964,619,1
12,215,29.7,77.1,7,2.25964,619,1
10,215,29.7,77.0,7,2.25964,619,1
9,225,29.7,77.1,7,2.25964,619,1
13,213,29.7,77.0,7,2.25964,619,1
4,210,29.7,77.0,7,2.25964,619,1
5,210,29.7,77.0,7,2.25964,619,1
15,223,29.8,77.1,8,2.25964,618,1
15,219,29.7,77.1,8,2.25964,618,1
15,218,29.7,77.1,8,2.25964,618,1
13,219,29.8,77.1,8,2.25964,618,1
5,208,29.8,77.1,8,2.25964,618,1
10,205,29.8,77.2,8,2.25964,618,1
15,217,29.8,77.1,8,2.25964,618,1
5,203,29.8,77.1,8,2.25964,618,1
5,206,29.8,77.2,8,2.25964,618,1
3,203,29.8,77.5,8,2.25964,618,1
6,203,29.8,77.5,8,2.25964,618,1
14,211,29.8,77.5,9,2.25964,617,1
15,208,29.8,77.7,9,2.25964,617,1
13,209,29.8,77.6,9,2.25964,617,1
1,204,29.9,77.5,9,2.25964,617,1
7,209,29.9,77.3,9,2.25964,617,1
3,199,29.9,77.1,9,2.25964,617,1
1,200,29.9,76.8,9,2.25964,617,1
15,203,29.9,76.8,9,2.25964,617,1
2,192,29.9,77.0,9,2.25964,617,1
1,193,29.9,77.2,9,2.25964,617,1
4,197,29.9,77.2,9,2.25964,617,1
10,203,29.9,77.2,9,2.25964,617,1
2,191,29.9,77.1,10,2.25964,616,1
2,192,29.9,77.0,10,2.25964,616,1
13,203,29.9,77.1,10,2.25964,616,1
11,203,29.9,77.0,10,2.25964,616,1
2,200,30.0,77.5,10,2.25964,616,1
12,198,30.0,77.8,10,2.25964,616,1
6,181,30.0,77.7,11,2.5039,615,1
4,188,30.1,78.0,11,2.5039,615,1
4,187,30.1,78.1,11,2.5039,615,1
4,188,30.1,78.0,11,2.5039,615,1
5,187,30.1,77.8,11,2.5039,615,1
6,187,30.1,77.6,11,2.5039,615,1
3,178,30.1,77.8,12,2.5039,614,1
4,180,30.1,77.9,12,2.5039,614,1
2,180,30.1,77.8,12,2.5039,614,1
3,181,30.1,77.9,12,2.5039,614,1
4,179,30.1,77.8,13,2.5039,613,1
1,177,30.2,77.8,13,2.5039,613,1
2,178,30.2,77.9,13,2.5039,613,1
3,174,30.2,77.9,13,2.5039,613,1
2,175,30.2,77.8,13,2.5039,613,1
1,172,30.2,77.5,13,2.5039,613,1
1,171,30.2,77.6,13,2.5039,613,1
1,172,30.2,77.5,14,2.5039,612,1
1,171,30.2,77.5,14,2.5039,612,1
1,136,31.9,89.8,119,2.96835,507,1
17,72,31.7,64.0,149,2.972955,477,1
28,88,31.7,66.5,163,2.975258,463,1
12,88,31.7,66.8,163,2.975258,463,1
15,80,31.7,67.5,165,2.975258,461,1
1,83,31.8,67.8,176,2.977561,450,1
1,94,31.8,67.1,177,2.977561,449,1
1,94,31.8,68.1,178,2.977561,448,1
2,93,31.8,65.9,181,2.978328,445,1
14,84,31.8,65.8,181,2.978328,445,1
1,95,31.7,65.3,184,2.978328,442,1
1,92,31.8,66.7,191,2.979864,435,1
3,92,31.8,66.5,196,2.980631,430,1
12,81,31.8,67.0,196,2.980631,430,1
1,103,31.7,61.6,197,2.980631,429,1
1,104,31.4,62.9,200,2.980631,426,1
1,105,31.2,64.4,203,2.981399,423,1
1,105,31.2,68.4,203,2.981399,423,1
2,92,31.2,70.6,203,2.981399,423,1
2,104,31.3,71.6,203,2.981399,423,1
3,106,31.3,72.3,203,2.981399,423,1
3,105,31.3,72.8,203,2.981399,423,1
2,106,31.3,73.6,203,2.981399,423,1
2,124,31.3,74.4,204,2.981399,422,1
2,108,31.3,74.9,204,2.981399,422,1
3,109,31.3,75.9,204,2.981399,422,1
3,109,31.3,76.6,204,2.981399,422,1
4,95,31.4,78.7,204,2.981399,422,1
2,100,31.4,79.6,204,2.981399,422,1
3,109,31.4,80.2,205,2.981399,421,1
3,100,31.5,80.4,205,2.981399,421,1
5,110,31.5,80.7,205,2.981399,421,1
2,109,31.5,80.9,205,2.981399,421,1
4,111,31.5,81.2,205,2.981399,421,1
5,110,31.5,81.3,205,2.981399,421,1
5,110,31.5,81.8,205,2.981399,421,1
3,111,31.5,82.3,205,2.981399,421,1
6,112,31.5,82.4,206,2.982166,420,1
4,112,31.5,82.6,206,2.982166,420,1
4,113,31.6,82.7,206,2.982166,420,1
5,112,31.6,82.8,206,2.982166,420,1
4,111,31.6,82.9,206,2.982166,420,1
4,113,31.6,83.0,206,2.982166,420,1
4,114,31.6,83.0,206,2.982166,420,1
5,114,31.6,83.1,206,2.982166,420,1
7,114,31.6,83.1,206,2.982166,420,1
6,113,31.6,83.2,207,2.982166,419,1
4,115,31.7,83.5,207,2.982166,419,1
6,116,31.7,83.5,207,2.982166,419,1
4,115,31.7,83.6,208,2.982166,418,1
5,119,31.7,83.6,208,2.982166,418,1
3,108,31.7,83.6,208,2.982166,418,1
5,118,31.7,83.6,208,2.982166,418,1
6,116,31.7,83.5,208,2.982166,418,1
6,118,31.7,83.5,208,2.982166,418,1
9,118,31.7,83.4,208,2.982166,418,1
5,119,31.7,83.4,208,2.982166,418,1
6,116,31.7,83.3,208,2.982166,418,1
5,119,31.7,83.3,209,2.982166,417,1
6,109,31.7,83.3,209,2.982166,417,1
5,116,31.7,83.3,209,2.982166,417,1
6,109,31.8,83.3,209,2.982166,417,1
6,119,31.8,83.3,209,2.982166,417,1
8,121,31.8,83.3,209,2.982166,417,1
6,119,31.8,83.4,209,2.982166,417,1
4,115,31.8,83.4,210,2.982166,416,1
6,120,31.8,83.4,210,2.982166,416,1
5,120,31.8,83.3,210,2.982166,416,1
6,120,31.8,83.4,210,2.982166,416,1
6,119,31.8,83.4,210,2.982166,416,1
5,122,31.8,83.4,210,2.982166,416,1
6,120,31.8,83.4,210,2.982166,416,1
9,120,31.8,83.4,210,2.982166,416,1
6,116,31.8,83.4,210,2.982166,416,1
10,121,31.8,83.3,210,2.982166,416,1
6,127,31.8,83.3,211,2.982934,415,1
6,122,31.9,83.4,211,2.982934,415,1
8,123,31.8,83.4,211,2.982934,415,1
6,121,31.9,83.4,211,2.982934,415,1
6,120,31.9,83.5,211,2.982934,415,1
9,123,31.9,83.7,211,2.982934,415,1
5,110,31.9,83.9,212,2.982934,414,1
9,120,31.9,83.8,212,2.982934,414,1
8,120,31.9,83.9,212,2.982934,414,1
28,121,31.9,83.9,212,2.982934,414,1
6,110,31.9,83.9,213,2.982934,413,1
7,120,31.9,83.9,213,2.982934,413,1
6,121,31.9,83.9,213,2.982934,413,1
3,122,31.9,83.9,213,2.982934,413,1
1,109,31.9,83.8,213,2.982934,413,1
8,122,31.9,83.9,213,2.982934,413,1
8,123,31.9,83.9,213,2.982934,413,1
7,109,31.9,84.0,214,2.982934,412,1
9,125,31.9,84.0,214,2.982934,412,1
8,125,32.0,84.0,214,2.982934,412,1
8,114,32.0,84.1,214,2.982934,412,1
8,123,32.0,84.1,214,2.982934,412,1
8,122,31.9,84.1,214,2.982934,412,1
9,124,32.0,84.2,214,2.982934,412,1
6,124,32.0,84.2,214,2.982934,412,1
8,122,32.0,84.2,215,2.982934,411,1
8,125,32.0,84.1,215,2.982934,411,1
10,123,32.0,84.1,215,2.982934,411,1
10,110,32.0,84.0,215,2.982934,411,1
9,124,32.0,84.1,216,2.983702,410,1
9,122,32.0,84.1,216,2.983702,410,1
10,118,32.0,84.3,216,2.983702,410,1
9,121,32.0,84.2,217,2.983702,409,1
3,111,32.0,84.2,217,2.983702,409,1
9,125,32.1,84.3,217,2.983702,409,1
8,124,32.1,84.3,217,2.983702,409,1
8,110,32.0,84.2,217,2.983702,409,1
9,124,32.1,84.3,217,2.983702,409,1
10,125,32.1,84.4,217,2.983702,409,1
10,111,32.1,84.5,217,2.983702,409,1
8,122,32.1,84.5,218,2.983702,408,1
9,125,32.1,84.6,218,2.983702,408,1
9,125,32.1,84.6,218,2.983702,408,1
9,124,32.1,84.6,218,2.983702,408,1
6,115,32.1,84.5,218,2.983702,408,1
8,125,32.1,84.5,219,2.983702,407,1
7,141,32.1,84.5,219,2.983702,407,1
10,120,32.1,84.4,219,2.983702,407,1
10,125,32.1,84.3,219,2.983702,407,1
9,124,32.1,84.3,219,2.983702,407,1
10,126,32.1,84.2,219,2.983702,407,1
1,125,32.1,84.1,219,2.983702,407,1
9,125,32.1,84.1,219,2.983702,407,1
9,122,32.1,84.1,219,2.983702,407,1
1,111,32.1,84.1,219,2.983702,407,1
1,111,32.1,84.1,219,2.983702,407,1
12,110,32.1,84.1,220,2.983702,406,1
12,125,32.1,84.0,220,2.983702,406,1
1,125,32.1,83.9,220,2.983702,406,1
9,120,32.1,84.0,220,2.983702,406,1
9,125,32.1,84.1,220,2.983702,406,1
4,112,32.1,84.2,221,2.984469,405,1
8,125,32.1,84.2,221,2.984469,405,1
10,125,32.1,84.2,221,2.984469,405,1
9,114,32.1,84.3,221,2.984469,405,1
9,124,32.1,84.2,221,2.984469,405,1
10,125,32.1,84.2,221,2.984469,405,1
10,125,32.1,84.3,221,2.984469,405,1
9,125,32.1,84.4,221,2.984469,405,1
9,125,32.1,84.4,221,2.984469,405,1
10,114,32.1,84.5,221,2.984469,405,1
9,125,32.1,84.7,222,2.984469,404,1
10,124,32.1,84.7,222,2.984469,404,1
10,125,32.1,84.6,222,2.984469,404,1
9,125,32.1,84.6,222,2.984469,404,1
10,125,32.1,84.6,222,2.984469,404,1
1,126,32.1,84.6,222,2.984469,404,1
10,125,32.2,84.8,223,2.984469,403,1
10,115,32.1,84.8,223,2.984469,403,1
10,125,32.2,84.8,223,2.984469,403,1
9,112,32.2,84.8,223,2.984469,403,1
10,125,32.2,84.8,223,2.984469,403,1
10,114,32.1,84.8,223,2.984469,403,1
8,125,32.2,84.6,223,2.984469,403,1
10,125,32.2,84.5,223,2.984469,403,1
8,126,32.2,84.5,224,2.984469,402,1
9,125,32.2,84.5,224,2.984469,402,1
12,116,32.2,84.5,224,2.984469,402,1
12,116,32.2,84.5,224,2.984469,402,1
9,126,32.2,84.7,224,2.984469,402,1
10,125,32.2,84.8,224,2.984469,402,1
13,125,32.2,84.8,224,2.984469,402,1
11,126,32.2,84.7,224,2.984469,402,1
9,126,32.2,84.8,224,2.984469,402,1
10,126,32.2,84.7,224,2.984469,402,1
10,125,32.2,84.6,225,2.984469,401,1
9,126,32.2,84.5,225,2.984469,401,1
9,125,32.2,84.4,225,2.984469,401,1
12,125,32.2,84.4,225,2.984469,401,1
1,115,32.2,84.3,225,2.984469,401,1
1,125,32.2,84.3,225,2.984469,401,1
12,125,32.2,84.3,225,2.984469,401,1
5,113,32.2,84.3,225,2.984469,401,1
9,125,32.2,84.3,225,2.984469,401,1
9,125,32.2,84.3,226,2.985237,400,1
11,126,32.2,84.2,226,2.985237,400,1
12,126,32.2,84.2,226,2.985237,400,1
10,126,32.2,84.2,226,2.985237,400,1
10,114,32.2,84.2,226,2.985237,400,1
10,125,32.2,84.2,226,2.985237,400,1
12,125,32.2,84.1,226,2.985237,400,1
9,126,32.2,84.2,226,2.985237,400,1
10,125,32.2,84.2,226,2.985237,400,1
10,125,32.2,84.2,227,2.985237,399,1
12,126,32.2,84.2,227,2.985237,399,1
13,125,32.2,84.1,227,2.985237,399,1
1,113,32.2,84.1,227,2.985237,399,1
2,115,32.2,84.1,227,2.985237,399,1
9,126,32.2,84.1,227,2.985237,399,1
10,114,32.2,84.1,227,2.985237,399,1
10,125,32.2,84.1,227,2.985237,399,1
10,125,32.2,84.1,227,2.985237,399,1
9,125,32.2,84.2,228,2.985237,398,1
13,125,32.2,84.3,228,2.985237,398,1
9,125,32.2,84.4,228,2.985237,398,1
6,126,32.2,84.4,228,2.985237,398,1
12,125,32.2,84.5,228,2.985237,398,1
10,126,32.2,84.5,228,2.985237,398,1
1,112,32.2,84.5,228,2.985237,398,1
4,116,32.2,84.4,228,2.985237,398,1
10,125,32.2,84.4,229,2.985237,397,1
1,112,32.2,84.5,229,2.985237,397,1
10,112,32.3,84.6,229,2.985237,397,1
1,115,32.3,84.6,229,2.985237,397,1
9,126,32.2,84.6,229,2.985237,397,1
10,125,32.2,84.5,229,2.985237,397,1
12,126,32.2,84.4,229,2.985237,397,1
10,125,32.2,84.4,229,2.985237,397,1
1,125,32.2,84.4,229,2.985237,397,1
9,126,32.2,84.4,229,2.985237,397,1
10,124,32.2,84.3,229,2.985237,397,1
2,116,32.3,84.4,230,2.985237,396,1
11,126,32.3,84.5,230,2.985237,396,1
9,114,32.3,84.5,230,2.985237,396,1
1,114,32.3,84.6,230,2.985237,396,1
1,114,32.3,84.7,230,2.985237,396,1
13,126,32.3,84.7,230,2.985237,396,1
11,102,32.3,84.8,231,2.986004,395,1
1,115,32.3,84.9,231,2.986004,395,1
11,125,32.3,84.8,231,2.986004,395,1
11,120,32.3,84.9,231,2.986004,395,1
10,126,32.3,84.9,231,2.986004,395,1
12,127,32.3,84.8,231,2.986004,395,1
13,126,32.3,84.8,231,2.986004,395,1
8,126,32.3,84.8,231,2.986004,395,1
10,114,32.3,84.7,231,2.986004,395,1
10,126,32.3,84.6,231,2.986004,395,1
12,126,32.3,84.5,231,2.986004,395,1
10,109,32.3,84.4,231,2.986004,395,1
11,126,32.3,84.3,232,2.986004,394,1
10,127,32.3,84.3,232,2.986004,394,1
11,126,32.3,84.3,232,2.986004,394,1
2,110,32.3,84.2,232,2.986004,394,1
11,126,32.3,84.3,232,2.986004,394,1
10,127,32.3,84.3,232,2.986004,394,1
11,126,32.3,84.3,232,2.986004,394,1
2,110,32.3,84.2,232,2.986004,394,1
1,114,32.3,84.1,232,2.986004,394,1
1,114,32.3,84.1,232,2.986004,394,1
1,117,32.3,84.2,233,2.986004,393,1
1,115,32.3,84.2,233,2.986004,393,1
1,115,32.3,84.1,233,2.986004,393,1
11,125,32.3,84.2,233,2.986004,393,1
12,126,32.3,84.2,233,2.986004,393,1
12,125,32.3,84.3,233,2.986004,393,1
12,125,32.3,84.3,233,2.986004,393,1
12,126,32.3,84.3,233,2.986004,393,1
12,125,32.3,84.3,233,2.986004,393,1
12,125,32.3,84.4,233,2.986004,393,1
12,126,32.3,84.4,233,2.986004,393,1
12,126,32.3,84.4,234,2.986004,392,1
1,126,32.3,84.6,234,2.986004,392,1
1,125,32.3,84.6,234,2.986004,392,1
1,126,32.3,84.6,234,2.986004,392,1
3,117,32.3,84.1,234,2.986004,392,1
2,112,32.3,84.0,234,2.986004,392,1
14,116,32.3,84.0,235,2.986004,391,1
12,114,32.3,84.0,235,2.986004,391,1
10,114,32.3,84.0,235,2.986004,391,1
10,126,32.3,84.0,235,2.986004,391,1
10,126,32.3,84.1,235,2.986004,391,1
9,126,32.3,84.1,235,2.986004,391,1
6,125,32.3,84.2,235,2.986004,391,1
11,125,32.3,84.3,235,2.986004,391,1
10,125,32.3,84.3,235,2.986004,391,1
1,114,32.3,84.3,235,2.986004,391,1
2,114,32.3,84.5,235,2.986004,391,1
2,119,32.3,84.7,236,2.986772,390,1
2,119,32.4,84.8,236,2.986772,390,1
10,126,32.3,84.8,236,2.986772,390,1
11,125,32.4,84.9,236,2.986772,390,1
10,125,32.3,85.0,236,2.986772,390,1
10,125,32.3,85.1,236,2.986772,390,1
12,125,32.3,85.2,236,2.986772,390,1
11,126,32.4,85.2,236,2.986772,390,1
13,126,32.3,85.2,236,2.986772,390,1
14,125,32.4,85.2,236,2.986772,390,1
3,114,32.3,85.4,237,2.986772,389,1
4,112,32.3,85.4,237,2.986772,389,1
4,121,32.4,85.4,237,2.986772,389,1
4,120,32.4,85.4,237,2.986772,389,1
11,125,32.4,85.4,237,2.986772,389,1
12,125,32.4,85.4,237,2.986772,389,1
10,125,32.3,85.4,237,2.986772,389,1
13,125,32.4,85.4,237,2.986772,389,1
12,125,32.4,85.3,237,2.986772,389,1
10,125,32.3,85.3,237,2.986772,389,1
10,126,32.4,85.2,238,2.986772,388,1
14,126,32.4,85.2,238,2.986772,388,1
13,125,32.4,85.2,238,2.986772,388,1
14,126,32.4,85.2,238,2.986772,388,1
14,126,32.4,85.2,238,2.986772,388,1
13,126,32.4,85.1,238,2.986772,388,1
13,126,32.4,85.0,238,2.986772,388,1
13,125,32.4,85.0,238,2.986772,388,1
2,114,32.4,85.0,238,2.986772,388,1
3,115,32.4,84.9,238,2.986772,388,1
1,114,32.4,84.9,238,2.986772,388,1
2,115,32.4,84.9,239,2.986772,387,1
3,114,32.4,85.0,239,2.986772,387,1
13,126,32.4,84.9,239,2.986772,387,1
12,125,32.4,84.8,239,2.986772,387,1
11,119,32.4,84.7,239,2.986772,387,1
10,124,32.4,84.7,239,2.986772,387,1
11,119,32.4,84.8,239,2.986772,387,1
12,125,32.4,84.9,239,2.986772,387,1
13,118,32.4,84.9,239,2.986772,387,1
12,115,32.4,84.9,239,2.986772,387,1
14,125,32.4,84.9,239,2.986772,387,1
13,126,32.4,84.8,239,2.986772,387,1
12,125,32.4,84.8,240,2.986772,386,1
12,126,32.4,84.7,240,2.986772,386,1
12,126,32.4,84.7,240,2.986772,386,1
12,126,32.4,84.8,240,2.986772,386,1
4,126,32.4,84.7,240,2.986772,386,1
1,115,32.4,84.7,240,2.986772,386,1
2,115,32.4,84.7,240,2.986772,386,1
1,117,32.4,84.8,240,2.986772,386,1
1,115,32.4,84.7,240,2.986772,386,1
1,115,32.4,84.8,240,2.986772,386,1
2,116,32.4,84.8,240,2.986772,386,1
6,116,32.4,84.8,240,2.986772,386,1
6,115,32.4,84.9,241,2.987539,385,1
9,121,32.4,84.9,241,2.987539,385,1
13,125,32.4,84.8,241,2.987539,385,1
13,126,32.4,84.8,241,2.987539,385,1
12,126,32.4,84.8,241,2.987539,385,1
10,125,32.4,84.7,241,2.987539,385,1
13,126,32.4,84.7,241,2.987539,385,1
12,124,32.4,84.6,241,2.987539,385,1
12,125,32.4,84.5,241,2.987539,385,1
12,125,32.4,84.5,241,2.987539,385,1
13,126,32.4,84.5,241,2.987539,385,1
12,126,32.4,84.6,241,2.987539,385,1
8,126,32.4,84.6,242,2.987539,384,1
14,125,32.4,84.6,242,2.987539,384,1
12,126,32.4,84.8,242,2.987539,384,1
12,126,32.4,84.8,242,2.987539,384,1
14,127,32.4,84.7,242,2.987539,384,1
12,126,32.4,84.6,242,2.987539,384,1
12,126,32.4,84.6,242,2.987539,384,1
12,126,32.4,84.7,242,2.987539,384,1
1,114,32.4,84.6,242,2.987539,384,1
3,116,32.4,84.6,242,2.987539,384,1
3,121,32.4,84.7,242,2.987539,384,1
2,118,32.4,84.6,242,2.987539,384,1
3,117,32.4,84.7,243,2.987539,383,1
3,118,32.4,84.7,243,2.987539,383,1
1,115,32.4,84.7,243,2.987539,383,1
3,115,32.4,84.8,243,2.987539,383,1
13,125,32.4,84.9,243,2.987539,383,1
14,124,32.4,84.9,243,2.987539,383,1
13,125,32.4,84.9,243,2.987539,383,1
13,125,32.4,84.8,243,2.987539,383,1
13,126,32.4,84.8,243,2.987539,383,1
12,126,32.4,84.8,243,2.987539,383,1
2,125,32.4,84.8,243,2.987539,383,1
2,115,32.4,84.9,243,2.987539,383,1
1,115,32.4,84.9,244,2.987539,382,1
3,116,32.4,84.8,244,2.987539,382,1
3,118,32.4,84.8,244,2.987539,382,1
3,116,32.4,84.6,244,2.987539,382,1
14,116,32.4,84.6,244,2.987539,382,1
13,115,32.4,84.5,244,2.987539,382,1
13,115,32.4,84.5,244,2.987539,382,1
13,126,32.4,84.5,244,2.987539,382,1
12,124,32.4,84.7,244,2.987539,382,1
12,126,32.4,84.8,244,2.987539,382,1
14,126,32.4,85.0,244,2.987539,382,1
12,125,32.4,85.3,244,2.987539,382,1
14,126,32.4,85.5,245,2.987539,381,1
12,126,32.4,85.7,245,2.987539,381,1
4,118,32.4,85.7,245,2.987539,381,1
1,119,32.4,85.9,245,2.987539,381,1
1,117,32.5,85.8,245,2.987539,381,1
2,116,32.5,85.8,245,2.987539,381,1
13,126,32.4,85.7,245,2.987539,381,1
12,125,32.4,85.8,245,2.987539,381,1
12,126,32.4,85.9,245,2.987539,381,1
14,128,32.5,85.9,245,2.987539,381,1
12,126,32.4,86.1,245,2.987539,381,1
13,127,32.5,86.2,246,3.0924,380,1
13,126,32.5,86.4,246,3.0924,380,1
13,129,32.4,86.4,246,3.0924,380,1
13,126,32.5,86.4,246,3.0924,380,1
13,128,32.4,86.3,246,3.0924,380,1
4,116,32.4,86.1,246,3.0924,380,1
13,120,32.5,86.1,246,3.0924,380,1
14,126,32.4,85.9,246,3.0924,380,1
13,126,32.4,85.6,246,3.0924,380,1
13,126,32.4,85.7,246,3.0924,380,1
13,125,32.4,85.9,246,3.0924,380,1
12,126,32.4,85.8,247,3.0924,379,1
15,126,32.4,85.7,247,3.0924,379,1
13,126,32.4,85.5,247,3.0924,379,1
13,126,32.4,85.5,247,3.0924,379,1
13,126,32.4,85.5,247,3.0924,379,1
13,126,32.5,85.6,247,3.0924,379,1
14,125,32.4,85.8,247,3.0924,379,1
15,126,32.5,85.8,247,3.0924,379,1
1,125,32.5,85.9,247,3.0924,379,1
14,127,32.5,85.9,247,3.0924,379,1
14,126,32.4,85.9,247,3.0924,379,1
4,117,32.5,85.8,248,3.0924,378,1
6,116,32.5,85.9,248,3.0924,378,1
2,115,32.5,85.9,248,3.0924,378,1
6,116,32.5,86.0,248,3.0924,378,1
6,116,32.5,86.2,248,3.0924,378,1
2,116,32.5,86.2,248,3.0924,378,1
2,116,32.5,86.3,248,3.0924,378,1
5,115,32.5,86.3,248,3.0924,378,1
2,116,32.5,86.4,248,3.0924,378,1
5,117,32.5,86.4,248,3.0924,378,1
3,123,32.5,86.4,248,3.0924,378,1
5,119,32.5,86.5,248,3.0924,378,1
9,116,32.5,86.5,249,3.0924,377,1
2,114,32.5,86.6,249,3.0924,377,1
13,125,32.5,86.6,249,3.0924,377,1
14,126,32.5,86.7,249,3.0924,377,1
13,126,32.5,86.7,249,3.0924,377,1
14,126,32.5,86.7,249,3.0924,377,1
14,127,32.5,86.7,249,3.0924,377,1
13,126,32.5,86.7,249,3.0924,377,1
12,126,32.5,86.7,249,3.0924,377,1
6,118,32.5,86.7,249,3.0924,377,1
5,116,32.5,86.7,249,3.0924,377,1
2,117,32.5,86.7,250,3.0924,376,1
2,114,32.5,86.7,250,3.0924,376,1
4,115,32.5,86.7,250,3.0924,376,1
5,115,32.5,86.7,250,3.0924,376,1
2,116,32.5,86.7,250,3.0924,376,1
3,114,32.5,86.8,250,3.0924,376,1
15,126,32.5,86.9,250,3.0924,376,1
15,126,32.5,86.9,250,3.0924,376,1
14,126,32.5,86.8,250,3.0924,376,1
14,126,32.5,86.7,250,3.0924,376,1
14,127,32.5,86.5,250,3.0924,376,1
13,127,32.5,86.4,250,3.0924,376,1
14,126,32.5,86.2,251,3.0924,375,1
14,126,32.5,86.1,251,3.0924,375,1
15,126,32.5,85.9,251,3.0924,375,1
14,126,32.5,85.9,251,3.0924,375,1
13,126,32.5,85.8,251,3.0924,375,1
15,126,32.5,85.8,251,3.0924,375,1
14,126,32.5,85.9,251,3.0924,375,1
15,126,32.5,86.0,251,3.0924,375,1
14,127,32.5,86.1,251,3.0924,375,1
14,126,32.5,86.2,251,3.0924,375,1
15,126,32.5,86.2,251,3.0924,375,1
1,114,32.5,86.1,251,3.0924,375,1
1,114,32.5,86.2,252,3.0924,374,1
3,114,32.5,86.1,252,3.0924,374,1
4,115,32.5,86.2,252,3.0924,374,1
15,126,32.5,86.2,252,3.0924,374,1
14,127,32.5,86.2,252,3.0924,374,1
6,131,32.5,86.3,252,3.0924,374,1
3,126,32.5,86.2,252,3.0924,374,1
15,126,32.6,86.2,252,3.0924,374,1
12,126,32.5,86.3,252,3.0924,374,1
15,126,32.5,86.3,252,3.0924,374,1
14,126,32.5,86.5,252,3.0924,374,1
13,126,32.5,86.5,252,3.0924,374,1
15,126,32.6,86.7,253,3.0924,373,1
14,121,32.5,86.7,253,3.0924,373,1
14,126,32.5,86.7,253,3.0924,373,1
10,126,32.5,86.7,253,3.0924,373,1
15,126,32.6,86.7,253,3.0924,373,1
14,125,32.5,86.7,253,3.0924,373,1
14,126,32.5,86.8,253,3.0924,373,1
14,126,32.6,86.8,253,3.0924,373,1
14,126,32.6,86.9,253,3.0924,373,1
14,126,32.5,86.9,253,3.0924,373,1
14,126,32.6,86.9,253,3.0924,373,1
15,126,32.5,86.9,253,3.0924,373,1
14,126,32.5,86.9,254,3.0924,372,1
4,116,32.6,87.0,254,3.0924,372,1
4,114,32.6,87.1,254,3.0924,372,1
4,121,32.6,87.3,254,3.0924,372,1
2,116,32.6,87.3,254,3.0924,372,1
4,115,32.6,87.5,254,3.0924,372,1
1,115,32.5,87.5,254,3.0924,372,1
15,126,32.6,87.7,254,3.0924,372,1
15,127,32.6,87.9,254,3.0924,372,1
9,121,32.6,87.9,254,3.0924,372,1
14,125,32.6,87.9,254,3.0924,372,1
13,126,32.6,88.0,255,3.0924,371,1
14,126,32.6,88.0,255,3.0924,371,1
4,115,32.6,88.0,255,3.0924,371,1
5,116,32.6,88.0,255,3.0924,371,1
6,115,32.6,88.0,255,3.0924,371,1
14,118,32.6,88.0,255,3.0924,371,1
14,119,32.6,88.0,255,3.0924,371,1
14,126,32.6,88.0,255,3.0924,371,1
15,126,32.6,88.1,255,3.0924,371,1
15,123,32.6,88.1,255,3.0924,371,1
14,125,32.6,88.2,255,3.0924,371,1
15,126,32.6,88.2,255,3.0924,371,1
13,126,32.6,88.1,256,3.0924,370,1
12,120,32.6,88.0,256,3.0924,370,1
14,125,32.6,87.8,256,3.0924,370,1
15,125,32.6,87.8,256,3.0924,370,1
14,125,32.6,87.7,256,3.0924,370,1
15,128,32.6,87.6,256,3.0924,370,1
15,125,32.6,87.4,256,3.0924,370,1
5,112,32.6,87.3,256,3.0924,370,1
3,115,32.6,87.2,256,3.0924,370,1
4,113,32.6,87.2,256,3.0924,370,1
15,126,32.6,87.2,256,3.0924,370,1
15,126,32.6,87.1,256,3.0924,370,1
14,120,32.6,87.1,257,3.0924,369,1
15,126,32.6,87.1,257,3.0924,369,1
15,125,32.6,87.2,257,3.0924,369,1
15,125,32.6,87.3,257,3.0924,369,1
15,121,32.6,87.3,257,3.0924,369,1
9,116,32.6,87.3,257,3.0924,369,1
3,116,32.6,87.3,257,3.0924,369,1
4,116,32.6,87.1,257,3.0924,369,1
4,116,32.6,87.1,257,3.0924,369,1
3,114,32.6,86.9,257,3.0924,369,1
6,116,32.6,86.8,257,3.0924,369,1
5,120,32.6,86.7,257,3.0924,369,1
6,115,32.6,86.6,258,3.0924,368,1
15,125,32.6,86.6,258,3.0924,368,1
15,123,32.6,86.7,258,3.0924,368,1
15,124,32.6,86.7,258,3.0924,368,1
15,126,32.6,86.8,258,3.0924,368,1
14,126,32.6,86.8,258,3.0924,368,1
15,126,32.6,86.7,258,3.0924,368,1
15,125,32.6,86.6,258,3.0924,368,1
15,125,32.6,86.4,258,3.0924,368,1
15,125,32.6,86.3,258,3.0924,368,1
15,125,32.6,86.4,258,3.0924,368,1
13,125,32.6,86.5,258,3.0924,368,1
4,125,32.6,86.6,259,3.0924,367,1
1,123,32.6,86.7,259,3.0924,367,1
8,115,32.6,86.7,259,3.0924,367,1
5,114,32.6,86.8,259,3.0924,367,1
7,120,32.6,86.7,259,3.0924,367,1
5,115,32.6,86.5,259,3.0924,367,1
15,125,32.6,86.5,259,3.0924,367,1
15,125,32.6,86.9,259,3.0924,367,1
5,125,32.6,87.0,259,3.0924,367,1
1,115,32.6,87.1,259,3.0924,367,1
6,113,32.6,87.1,259,3.0924,367,1
6,117,32.6,87.0,259,3.0924,367,1
6,114,32.6,86.9,260,3.0924,366,1
5,118,32.6,86.8,260,3.0924,366,1
9,115,32.6,86.7,260,3.0924,366,1
5,115,32.6,86.6,260,3.0924,366,1
6,117,32.6,86.6,260,3.0924,366,1
6,117,32.6,86.6,260,3.0924,366,1
6,116,32.6,86.7,260,3.0924,366,1
4,116,32.6,86.7,260,3.0924,366,1
15,117,32.6,86.7,260,3.0924,366,1
15,113,32.6,86.8,260,3.0924,366,1
11,115,32.6,86.8,260,3.0924,366,1
15,127,32.6,86.9,260,3.0924,366,1
15,127,32.6,86.8,261,3.0924,365,1
15,126,32.6,86.9,261,3.0924,365,1
10,125,32.6,86.9,261,3.0924,365,1
10,126,32.6,86.9,261,3.0924,365,1
7,115,32.6,86.9,261,3.0924,365,1
5,116,32.6,86.8,261,3.0924,365,1
6,116,32.6,86.8,261,3.0924,365,1
10,126,32.6,86.8,261,3.0924,365,1
10,126,32.6,86.9,261,3.0924,365,1
15,126,32.6,87.0,261,3.0924,365,1
15,127,32.6,87.1,261,3.0924,365,1
13,126,32.6,87.2,261,3.0924,365,1
15,126,32.6,87.2,262,3.0924,364,1
15,127,32.6,87.2,262,3.0924,364,1
15,126,32.6,87.1,262,3.0924,364,1
14,127,32.6,86.8,262,3.0924,364,1
15,127,32.6,86.7,262,3.0924,364,1
15,126,32.6,86.6,262,3.0924,364,1
15,125,32.6,86.7,262,3.0924,364,1
5,118,32.6,86.8,262,3.0924,364,1
6,114,32.6,86.8,262,3.0924,364,1
5,116,32.6,86.9,262,3.0924,364,1
4,119,32.6,87.0,262,3.0924,364,1
6,119,32.6,87.1,262,3.0924,364,1
8,119,32.6,87.2,263,3.0924,363,1
5,119,32.6,87.3,263,3.0924,363,1
6,116,32.6,87.4,263,3.0924,363,1
6,120,32.6,87.5,263,3.0924,363,1
10,119,32.6,87.5,263,3.0924,363,1
15,118,32.6,87.6,263,3.0924,363,1
6,115,32.6,87.6,263,3.0924,363,1
6,115,32.6,87.6,263,3.0924,363,1
5,116,32.6,87.5,263,3.0924,363,1
9,114,32.6,87.5,263,3.0924,363,1
5,118,32.7,87.4,263,3.0924,363,1
6,115,32.6,87.3,263,3.0924,363,1
5,114,32.7,87.3,264,3.0924,362,1
4,115,32.7,87.2,264,3.0924,362,1
7,114,32.6,87.2,264,3.0924,362,1
10,115,32.6,87.2,264,3.0924,362,1
15,127,32.6,87.2,264,3.0924,362,1
15,126,32.6,87.1,264,3.0924,362,1
15,126,32.7,87.0,264,3.0924,362,1
15,127,32.6,86.9,264,3.0924,362,1
15,126,32.6,87.0,264,3.0924,362,1
15,126,32.6,87.0,264,3.0924,362,1
6,126,32.6,87.1,264,3.0924,362,1
7,127,32.6,87.1,264,3.0924,362,1
6,116,32.6,87.1,265,3.0924,361,1
5,115,32.6,87.0,265,3.0924,361,1
7,122,32.6,87.0,265,3.0924,361,1
9,118,32.6,87.0,265,3.0924,361,1
10,117,32.6,87.0,265,3.0924,361,1
5,118,32.7,87.0,265,3.0924,361,1
5,116,32.7,86.9,265,3.0924,361,1
6,117,32.6,86.9,265,3.0924,361,1
6,114,32.7,86.9,265,3.0924,361,1
5,116,32.6,86.9,265,3.0924,361,1
6,114,32.6,86.9,265,3.0924,361,1
6,118,32.7,86.9,265,3.0924,361,1
6,114,32.7,86.8,266,3.0924,360,1
6,118,32.6,86.8,266,3.0924,360,1
6,115,32.7,86.8,266,3.0924,360,1
15,116,32.6,86.8,266,3.0924,360,1
15,126,32.7,86.8,266,3.0924,360,1
15,126,32.6,86.9,266,3.0924,360,1
15,126,32.6,86.9,266,3.0924,360,1
10,126,32.6,87.0,266,3.0924,360,1
4,119,32.7,87.1,266,3.0924,360,1
6,119,32.7,87.1,266,3.0924,360,1
11,118,32.7,87.2,266,3.0924,360,1
6,126,32.7,87.3,266,3.0924,360,1
11,125,32.7,87.4,267,3.0924,359,1
9,123,32.7,87.4,267,3.0924,359,1
15,126,32.7,87.5,267,3.0924,359,1
15,126,32.7,87.4,267,3.0924,359,1
16,126,32.7,87.5,267,3.0924,359,1
10,125,32.7,87.4,267,3.0924,359,1
12,126,32.7,87.3,267,3.0924,359,1
6,125,32.7,87.1,267,3.0924,359,1
8,120,32.7,87.0,267,3.0924,359,1
6,116,32.7,86.9,267,3.0924,359,1
7,120,32.6,86.7,267,3.0924,359,1
6,115,32.7,86.7,267,3.0924,359,1
6,117,32.6,86.6,268,3.0924,358,1
9,120,32.7,86.6,268,3.0924,358,1
12,122,32.7,86.7,268,3.0924,358,1
16,126,32.6,86.7,268,3.0924,358,1
16,127,32.7,86.8,268,3.0924,358,1
16,122,32.7,86.9,268,3.0924,358,1
16,127,32.7,87.1,268,3.0924,358,1
16,126,32.7,87.2,268,3.0924,358,1
15,115,32.7,87.2,268,3.0924,358,1
8,118,32.7,87.2,268,3.0924,358,1
5,118,32.7,87.0,268,3.0924,358,1
17,126,32.7,86.9,268,3.0924,358,1
15,126,32.7,86.7,269,3.0924,357,1
6,115,32.7,86.6,269,3.0924,357,1
5,117,32.7,86.5,269,3.0924,357,1
8,116,32.7,86.4,269,3.0924,357,1
12,119,32.7,86.4,269,3.0924,357,1
12,119,32.7,86.6,269,3.0924,357,1
15,126,32.7,86.7,269,3.0924,357,1
16,126,32.7,86.9,269,3.0924,357,1
15,128,32.7,87.1,269,3.0924,357,1
16,124,32.7,87.2,269,3.0924,357,1
16,126,32.7,87.5,269,3.0924,357,1
9,127,32.7,87.6,269,3.0924,357,1
12,127,32.7,87.6,270,3.0924,356,1
15,128,32.7,87.6,270,3.0924,356,1
16,129,32.7,87.5,270,3.0924,356,1
15,129,32.7,87.5,270,3.0924,356,1
14,122,32.7,87.5,270,3.0924,356,1
15,127,32.7,87.5,270,3.0924,356,1
15,126,32.7,87.5,270,3.0924,356,1
10,119,32.7,87.5,270,3.0924,356,1
6,119,32.7,87.6,270,3.0924,356,1
16,118,32.7,87.6,270,3.0924,356,1
16,127,32.7,87.7,270,3.0924,356,1
15,127,32.7,87.7,270,3.0924,356,1
15,125,32.7,87.7,271,3.30369,355,1
16,120,32.7,87.7,271,3.30369,355,1
15,127,32.7,87.6,271,3.30369,355,1
16,127,32.7,87.7,271,3.30369,355,1
17,129,32.7,87.7,271,3.30369,355,1
16,126,32.7,87.8,271,3.30369,355,1
15,127,32.7,87.7,271,3.30369,355,1
15,126,32.7,87.6,271,3.30369,355,1
15,127,32.7,87.4,271,3.30369,355,1
15,126,32.7,87.3,271,3.30369,355,1
15,126,32.7,87.0,271,3.30369,355,1
15,126,32.7,86.6,271,3.30369,355,1
17,127,32.7,86.5,272,3.30369,354,1
5,126,32.7,86.4,272,3.30369,354,1
9,118,32.7,86.4,272,3.30369,354,1
10,118,32.7,86.5,272,3.30369,354,1
7,112,32.7,86.7,272,3.30369,354,1
8,115,32.7,86.8,272,3.30369,354,1
9,118,32.7,87.0,272,3.30369,354,1
16,129,32.7,87.1,272,3.30369,354,1
15,127,32.7,87.5,272,3.30369,354,1
15,127,32.7,87.6,272,3.30369,354,1
16,126,32.7,87.5,272,3.30369,354,1
15,126,32.7,87.5,272,3.30369,354,1
15,126,32.7,87.4,273,3.30369,353,1
15,128,32.7,87.5,273,3.30369,353,1
15,130,32.7,87.4,273,3.30369,353,1
17,126,32.7,87.4,273,3.30369,353,1
15,126,32.7,87.3,273,3.30369,353,1
15,124,32.7,87.3,273,3.30369,353,1
15,124,32.7,87.2,273,3.30369,353,1
17,121,32.7,87.1,273,3.30369,353,1
18,120,32.7,87.2,273,3.30369,353,1
16,119,32.7,87.3,273,3.30369,353,1
17,123,32.7,87.2,273,3.30369,353,1
16,123,32.7,87.3,273,3.30369,353,1
15,126,32.7,87.2,274,3.30369,352,1
17,127,32.7,87.3,274,3.30369,352,1
16,126,32.7,87.3,274,3.30369,352,1
15,126,32.7,87.2,274,3.30369,352,1
16,126,32.7,87.2,274,3.30369,352,1
15,129,32.7,87.2,274,3.30369,352,1
17,129,32.7,87.2,274,3.30369,352,1
16,126,32.7,87.3,274,3.30369,352,1
17,127,32.7,87.3,274,3.30369,352,1
16,126,32.7,87.2,274,3.30369,352,1
16,122,32.7,87.1,274,3.30369,352,1
16,129,32.7,87.1,274,3.30369,352,1
16,128,32.7,87.1,275,3.30369,351,1
18,116,32.7,87.1,275,3.30369,351,1
16,120,32.7,87.1,275,3.30369,351,1
16,125,32.7,87.2,275,3.30369,351,1
15,127,32.7,87.2,275,3.30369,351,1
16,126,32.7,87.3,275,3.30369,351,1
11,123,32.7,87.4,275,3.30369,351,1
15,129,32.7,87.5,275,3.30369,351,1
15,128,32.7,87.5,275,3.30369,351,1
16,127,32.7,87.6,275,3.30369,351,1
16,129,32.7,87.6,275,3.30369,351,1
18,129,32.7,87.6,275,3.30369,351,1
16,129,32.7,87.6,276,3.30369,350,1
16,128,32.7,87.6,276,3.30369,350,1
18,130,32.7,87.6,276,3.30369,350,1
17,127,32.7,87.6,276,3.30369,350,1
16,129,32.7,87.5,276,3.30369,350,1
17,129,32.7,87.6,276,3.30369,350,1
15,127,32.7,87.7,276,3.30369,350,1
20,130,32.8,87.7,276,3.30369,350,1
16,130,32.8,87.7,276,3.30369,350,1
17,128,32.8,87.8,276,3.30369,350,1
17,127,32.7,87.8,276,3.30369,350,1
19,126,32.7,87.8,276,3.30369,350,1
16,127,32.8,87.7,277,3.30369,349,1
16,128,32.7,87.7,277,3.30369,349,1
17,130,32.7,87.7,277,3.30369,349,1
16,128,32.7,87.6,277,3.30369,349,1
12,126,32.8,87.6,277,3.30369,349,1
17,129,32.8,87.6,277,3.30369,349,1
17,129,32.7,87.5,277,3.30369,349,1
16,129,32.8,87.5,277,3.30369,349,1
19,131,32.8,87.4,277,3.30369,349,1
16,127,32.8,87.2,277,3.30369,349,1
15,128,32.7,87.1,277,3.30369,349,1
17,124,32.8,87.2,277,3.30369,349,1
16,118,32.7,87.2,278,3.30369,348,1
16,120,32.7,87.2,278,3.30369,348,1
12,120,32.8,87.4,278,3.30369,348,1
10,120,32.8,87.4,278,3.30369,348,1
12,120,32.7,87.5,278,3.30369,348,1
16,120,32.8,87.5,278,3.30369,348,1
10,121,32.7,87.5,278,3.30369,348,1
9,126,32.8,87.4,278,3.30369,348,1
9,128,32.8,87.3,278,3.30369,348,1
9,126,32.8,87.3,278,3.30369,348,1
15,129,32.8,87.5,278,3.30369,348,1
19,130,32.8,87.5,278,3.30369,348,1
16,125,32.8,87.6,279,3.30369,347,1
12,119,32.8,87.6,279,3.30369,347,1
10,118,32.8,87.7,279,3.30369,347,1
11,123,32.8,87.7,279,3.30369,347,1
18,119,32.8,87.7,279,3.30369,347,1
17,123,32.8,88.0,279,3.30369,347,1
15,122,32.8,88.0,279,3.30369,347,1
16,121,32.8,88.0,279,3.30369,347,1
19,130,32.8,88.0,279,3.30369,347,1
18,131,32.8,87.9,279,3.30369,347,1
11,121,32.8,87.9,279,3.30369,347,1
13,122,32.8,87.8,279,3.30369,347,1
12,122,32.8,87.7,280,3.30369,346,1
12,119,32.8,87.7,280,3.30369,346,1
10,122,32.8,87.6,280,3.30369,346,1
11,122,32.8,87.6,280,3.30369,346,1
10,122,32.8,87.6,280,3.30369,346,1
10,125,32.8,87.7,280,3.30369,346,1
14,126,32.8,87.7,280,3.30369,346,1
17,121,32.8,87.7,280,3.30369,346,1
18,130,32.8,87.7,280,3.30369,346,1
17,130,32.8,87.7,280,3.30369,346,1
18,128,32.8,87.6,280,3.30369,346,1
18,131,32.8,87.6,280,3.30369,346,1
17,126,32.8,87.7,281,3.30369,345,1
20,130,32.8,87.7,281,3.30369,345,1
18,131,32.8,87.6,281,3.30369,345,1
16,130,32.8,87.5,281,3.30369,345,1
17,130,32.8,87.5,281,3.30369,345,1
16,130,32.8,87.4,281,3.30369,345,1
12,130,32.8,87.5,281,3.30369,345,1
18,129,32.8,87.5,281,3.30369,345,1
19,130,32.8,87.6,281,3.30369,345,1
18,129,32.8,87.6,281,3.30369,345,1
11,131,32.8,87.7,281,3.30369,345,1
9,122,32.8,87.6,281,3.30369,345,1
9,120,32.8,87.5,282,3.30369,344,1
10,120,32.8,87.5,282,3.30369,344,1
16,125,32.8,87.5,282,3.30369,344,1
13,120,32.8,87.5,282,3.30369,344,1
19,126,32.8,87.5,282,3.30369,344,1
19,122,32.8,87.7,282,3.30369,344,1
19,124,32.8,87.9,282,3.30369,344,1
12,122,32.8,88.0,282,3.30369,344,1
11,122,32.8,88.1,282,3.30369,344,1
19,130,32.8,88.1,282,3.30369,344,1
18,127,32.8,88.1,282,3.30369,344,1
18,129,32.8,88.2,282,3.30369,344,1
19,130,32.8,88.2,283,3.30369,343,1
19,131,32.8,88.1,283,3.30369,343,1
18,131,32.8,88.0,283,3.30369,343,1
16,130,32.8,87.9,283,3.30369,343,1
20,131,32.8,87.9,283,3.30369,343,1
20,129,32.8,87.9,283,3.30369,343,1
18,129,32.8,87.9,283,3.30369,343,1
17,132,32.8,87.9,283,3.30369,343,1
19,128,32.8,88.0,283,3.30369,343,1
15,129,32.8,88.1,283,3.30369,343,1
14,129,32.8,88.2,283,3.30369,343,1
18,130,32.8,88.3,283,3.30369,343,1
20,131,32.8,88.3,284,3.30369,342,1
18,129,32.8,88.3,284,3.30369,342,1
19,130,32.8,88.2,284,3.30369,342,1
18,130,32.8,88.2,284,3.30369,342,1
15,122,32.8,88.0,284,3.30369,342,1
12,122,32.8,87.9,284,3.30369,342,1
8,121,32.8,87.8,284,3.30369,342,1
12,119,32.8,87.7,284,3.30369,342,1
12,117,32.8,87.8,284,3.30369,342,1
10,119,32.8,87.8,284,3.30369,342,1
14,121,32.8,87.9,284,3.30369,342,1
12,120,32.8,88.0,284,3.30369,342,1
15,121,32.8,88.2,285,3.30369,341,1
18,129,32.8,88.2,285,3.30369,341,1
20,125,32.8,88.2,285,3.30369,341,1
20,130,32.8,88.1,285,3.30369,341,1
20,130,32.8,88.0,285,3.30369,341,1
18,129,32.8,87.9,285,3.30369,341,1
18,129,32.8,87.9,285,3.30369,341,1
20,130,32.8,87.9,285,3.30369,341,1
20,129,32.8,87.9,285,3.30369,341,1
20,129,32.8,88.0,285,3.30369,341,1
18,128,32.8,88.0,285,3.30369,341,1
20,127,32.8,88.1,285,3.30369,341,1
20,130,32.8,88.2,286,3.30369,340,1
20,130,32.8,88.2,286,3.30369,340,1
12,128,32.8,88.1,286,3.30369,340,1
14,126,32.8,88.1,286,3.30369,340,1
15,120,32.8,88.1,286,3.30369,340,1
12,119,32.8,88.1,286,3.30369,340,1
17,123,32.8,88.1,286,3.30369,340,1
12,119,32.8,88.1,286,3.30369,340,1
12,120,32.8,88.1,286,3.30369,340,1
12,122,32.8,88.1,286,3.30369,340,1
10,123,32.8,88.1,286,3.30369,340,1
14,126,32.8,88.1,286,3.30369,340,1
14,123,32.8,88.1,287,3.30369,339,1
14,123,32.8,88.1,287,3.30369,339,1
13,122,32.8,88.1,287,3.30369,339,1
15,123,32.8,88.1,287,3.30369,339,1
17,125,32.8,88.1,287,3.30369,339,1
14,121,32.8,88.0,287,3.30369,339,1
16,120,32.8,88.0,287,3.30369,339,1
20,129,32.8,87.9,287,3.30369,339,1
22,129,32.8,87.8,287,3.30369,339,1
21,130,32.8,87.8,287,3.30369,339,1
19,131,32.8,87.8,287,3.30369,339,1
18,131,32.8,87.9,287,3.30369,339,1
20,130,32.8,87.9,288,3.30369,338,1
18,129,32.8,87.9,288,3.30369,338,1
19,129,32.8,88.1,288,3.30369,338,1
19,130,32.8,88.2,288,3.30369,338,1
19,130,32.8,88.4,288,3.30369,338,1
21,130,32.8,88.4,288,3.30369,338,1
21,130,32.8,88.4,288,3.30369,338,1
20,130,32.8,88.3,288,3.30369,338,1
22,130,32.8,88.2,288,3.30369,338,1
20,131,32.8,88.0,288,3.30369,338,1
19,133,32.8,87.8,288,3.30369,338,1
15,122,32.8,87.8,288,3.30369,338,1
14,121,32.8,87.8,289,3.30369,337,1
21,130,32.8,87.8,289,3.30369,337,1
24,130,32.8,88.1,289,3.30369,337,1
15,130,32.8,88.2,289,3.30369,337,1
19,131,32.8,88.4,289,3.30369,337,1
21,131,32.8,88.5,289,3.30369,337,1
22,130,32.8,88.6,289,3.30369,337,1
13,130,32.8,88.5,289,3.30369,337,1
15,131,32.8,88.3,289,3.30369,337,1
21,131,32.9,88.1,289,3.30369,337,1
20,129,32.9,88.0,289,3.30369,337,1
20,131,32.8,87.8,289,3.30369,337,1
14,134,32.8,87.7,290,3.30369,336,1
15,124,32.8,87.6,290,3.30369,336,1
14,120,32.8,87.5,290,3.30369,336,1
20,130,32.8,87.5,290,3.30369,336,1
21,131,32.9,87.6,290,3.30369,336,1
19,131,32.8,87.8,290,3.30369,336,1
19,131,32.8,87.8,290,3.30369,336,1
20,133,32.8,88.0,290,3.30369,336,1
19,131,32.8,88.1,290,3.30369,336,1
20,131,32.9,88.1,290,3.30369,336,1
22,131,32.8,88.1,290,3.30369,336,1
20,132,32.9,88.1,290,3.30369,336,1
21,131,32.8,88.1,291,3.30369,335,1
21,122,32.9,88.0,291,3.30369,335,1
24,122,32.9,88.1,291,3.30369,335,1
24,129,32.9,88.2,291,3.30369,335,1
22,131,32.9,88.3,291,3.30369,335,1
21,131,32.9,88.3,291,3.30369,335,1
22,131,32.8,88.5,291,3.30369,335,1
20,129,32.8,88.5,291,3.30369,335,1
15,119,32.8,88.5,291,3.30369,335,1
13,120,32.8,88.5,291,3.30369,335,1
14,120,32.9,88.6,291,3.30369,335,1
14,122,32.9,88.7,291,3.30369,335,1
18,120,32.9,88.7,292,3.30369,334,1
18,120,32.9,88.6,292,3.30369,334,1
22,130,32.9,88.5,292,3.30369,334,1
22,130,32.9,88.4,292,3.30369,334,1
22,130,32.9,88.5,292,3.30369,334,1
21,130,32.9,88.4,292,3.30369,334,1
24,130,32.9,88.4,292,3.30369,334,1
22,130,32.8,88.5,292,3.30369,334,1
15,128,32.9,88.6,292,3.30369,334,1
14,130,32.9,88.6,292,3.30369,334,1
15,130,32.9,88.6,292,3.30369,334,1
14,130,32.9,88.5,292,3.30369,334,1
13,121,32.9,88.5,293,3.30369,333,1
14,121,32.9,88.4,293,3.30369,333,1
15,119,32.9,88.5,293,3.30369,333,1
18,122,32.9,88.5,293,3.30369,333,1
18,122,32.9,88.7,293,3.30369,333,1
21,133,32.9,88.8,293,3.30369,333,1
22,132,32.9,88.8,293,3.30369,333,1
20,121,32.9,88.9,293,3.30369,333,1
22,126,32.9,88.8,293,3.30369,333,1
22,132,32.9,88.7,293,3.30369,333,1
21,130,32.9,88.8,293,3.30369,333,1
22,130,32.9,88.7,293,3.30369,333,1
21,126,32.9,88.8,294,3.30369,332,1
14,122,32.9,88.8,294,3.30369,332,1
15,120,32.9,88.9,294,3.30369,332,1
18,128,32.8,88.9,294,3.30369,332,1
15,124,32.9,89.1,294,3.30369,332,1
18,124,32.9,89.1,294,3.30369,332,1
18,122,32.9,89.1,294,3.30369,332,1
21,125,32.9,89.0,294,3.30369,332,1
21,128,32.9,89.0,294,3.30369,332,1
22,127,32.9,89.0,294,3.30369,332,1
23,122,32.9,88.9,294,3.30369,332,1
21,129,32.9,88.9,294,3.30369,332,1
21,133,32.9,88.7,295,3.30369,331,1
24,129,32.9,88.8,295,3.30369,331,1
22,129,32.9,88.8,295,3.30369,331,1
22,129,32.9,88.9,295,3.30369,331,1
25,129,32.9,88.8,295,3.30369,331,1
15,129,32.9,88.8,295,3.30369,331,1
16,120,32.9,88.8,295,3.30369,331,1
15,121,32.9,88.8,295,3.30369,331,1
15,121,32.9,88.8,295,3.30369,331,1
18,122,32.9,88.8,295,3.30369,331,1
15,120,32.9,88.7,295,3.30369,331,1
21,130,32.9,88.7,295,3.30369,331,1
22,130,32.9,88.6,296,3.521,330,1
24,130,32.9,88.5,296,3.521,330,1
23,131,32.9,88.5,296,3.521,330,1
15,131,32.9,88.5,296,3.521,330,1
15,123,32.9,88.6,296,3.521,330,1
15,123,32.9,88.6,296,3.521,330,1
9,125,32.9,88.6,296,3.521,330,1
13,121,32.9,88.6,296,3.521,330,1
15,121,32.9,88.6,296,3.521,330,1
15,123,32.9,88.6,296,3.521,330,1
22,122,32.9,88.5,296,3.521,330,1
25,124,32.9,88.4,296,3.521,330,1
21,133,32.9,88.4,297,3.521,329,1
24,134,32.9,88.5,297,3.521,329,1
25,125,32.9,88.5,297,3.521,329,1
25,130,32.9,88.5,297,3.521,329,1
23,130,32.9,88.6,297,3.521,329,1
16,120,32.9,88.6,297,3.521,329,1
15,122,32.9,88.7,297,3.521,329,1
15,123,32.9,88.8,297,3.521,329,1
15,122,32.9,88.9,297,3.521,329,1
15,122,32.9,88.9,297,3.521,329,1
15,125,32.9,88.9,297,3.521,329,1
15,125,32.9,88.9,297,3.521,329,1
15,122,32.9,88.9,298,3.521,328,1
25,123,32.9,88.8,298,3.521,328,1
25,120,32.9,88.9,298,3.521,328,1
15,123,32.9,88.8,298,3.521,328,1
15,122,32.9,88.9,298,3.521,328,1
15,123,32.9,88.9,298,3.521,328,1
26,131,32.9,89.0,298,3.521,328,1
25,131,32.9,89.0,298,3.521,328,1
24,132,32.9,89.1,298,3.521,328,1
28,133,32.9,89.1,298,3.521,328,1
15,128,32.9,89.1,298,3.521,328,1
15,125,32.9,89.2,298,3.521,328,1
15,122,32.9,89.2,299,3.521,327,1
25,131,32.9,89.2,299,3.521,327,1
25,131,32.9,89.2,299,3.521,327,1
25,131,32.9,89.3,299,3.521,327,1
25,133,32.9,89.2,299,3.521,327,1
26,133,32.9,89.2,299,3.521,327,1
26,130,32.9,89.1,299,3.521,327,1
16,124,32.9,89.1,299,3.521,327,1
15,124,32.9,89.1,299,3.521,327,1
24,133,32.9,89.1,299,3.521,327,1
26,131,32.9,89.0,299,3.521,327,1
28,130,32.9,89.0,299,3.521,327,1
24,131,32.9,89.0,300,3.521,326,1
25,131,32.9,89.0,300,3.521,326,1
26,131,32.9,89.1,300,3.521,326,1
26,133,32.9,89.0,300,3.521,326,1
25,132,32.9,88.9,300,3.521,326,1
26,132,32.9,88.8,300,3.521,326,1
26,131,32.9,88.4,300,3.521,326,1
26,132,32.9,88.3,300,3.521,326,1
25,133,32.9,88.1,300,3.521,326,1
27,133,32.9,88.1,300,3.521,326,1
29,132,32.9,88.1,300,3.521,326,1
22,131,32.9,88.1,300,3.521,326,1
17,132,32.9,88.1,301,3.521,325,1
27,134,32.9,88.2,301,3.521,325,1
26,133,32.9,88.2,301,3.521,325,1
25,132,32.9,88.2,301,3.521,325,1
24,135,32.9,88.3,301,3.521,325,1
28,132,32.9,88.3,301,3.521,325,1
21,133,32.9,88.4,301,3.521,325,1
17,131,32.9,88.4,301,3.521,325,1
15,128,32.9,88.5,301,3.521,325,1
15,128,32.9,88.4,301,3.521,325,1
15,125,32.9,88.4,301,3.521,325,1
16,124,32.9,88.5,301,3.521,325,1
17,124,32.9,88.4,302,3.521,324,1
15,123,32.9,88.4,302,3.521,324,1
16,125,32.9,88.3,302,3.521,324,1
26,135,32.9,88.3,302,3.521,324,1
26,135,32.9,88.2,302,3.521,324,1
28,133,32.9,88.2,302,3.521,324,1
25,135,32.9,88.2,302,3.521,324,1
26,134,32.9,88.2,302,3.521,324,1
17,121,32.9,88.3,302,3.521,324,1
16,123,32.9,88.4,302,3.521,324,1
16,125,32.9,88.5,302,3.521,324,1
26,126,32.9,88.6,302,3.521,324,1
26,125,32.9,88.7,303,3.521,323,1
26,134,32.9,88.6,303,3.521,323,1
27,134,32.9,88.6,303,3.521,323,1
28,133,32.9,88.5,303,3.521,323,1
28,132,32.9,88.4,303,3.521,323,1
27,132,32.9,88.2,303,3.521,323,1
26,131,32.9,88.2,303,3.521,323,1
28,133,32.9,88.3,303,3.521,323,1
16,130,32.9,88.5,303,3.521,323,1
16,123,32.9,88.7,303,3.521,323,1
17,125,32.9,88.8,303,3.521,323,1
18,128,32.9,88.8,303,3.521,323,1
16,124,32.9,88.8,304,3.521,322,1
17,123,32.9,88.7,304,3.521,322,1
17,124,32.9,88.6,304,3.521,322,1
18,123,32.9,88.6,304,3.521,322,1
22,122,32.9,88.6,304,3.521,322,1
16,124,32.9,88.6,304,3.521,322,1
17,124,33.0,88.7,304,3.521,322,1
28,134,32.9,88.7,304,3.521,322,1
28,134,32.9,88.7,304,3.521,322,1
28,125,32.9,88.8,304,3.521,322,1
16,122,32.9,88.9,304,3.521,322,1
16,125,33.0,89.0,304,3.521,322,1
27,134,33.0,89.0,305,3.521,321,1
27,136,33.0,89.1,305,3.521,321,1
29,131,32.9,89.1,305,3.521,321,1
28,135,33.0,89.0,305,3.521,321,1
28,131,33.0,88.9,305,3.521,321,1
26,134,33.0,88.8,305,3.521,321,1
28,133,33.0,88.7,305,3.521,321,1
28,134,33.0,88.7,305,3.521,321,1
28,135,33.0,88.7,305,3.521,321,1
28,135,33.0,88.7,305,3.521,321,1
29,134,32.9,88.8,305,3.521,321,1
28,136,32.9,88.9,305,3.521,321,1
25,134,33.0,89.0,306,3.521,320,1
29,137,33.0,89.0,306,3.521,320,1
25,135,33.0,89.0,306,3.521,320,1
28,133,33.0,88.9,306,3.521,320,1
26,135,33.0,88.9,306,3.521,320,1
30,135,32.9,88.8,306,3.521,320,1
26,134,32.9,88.7,306,3.521,320,1
30,135,33.0,88.6,306,3.521,320,1
30,135,33.0,88.4,306,3.521,320,1
28,134,33.0,88.4,306,3.521,320,1
31,137,33.0,88.3,306,3.521,320,1
30,134,32.9,88.5,306,3.521,320,1
30,131,33.0,88.7,307,3.521,319,1
30,134,33.0,88.8,307,3.521,319,1
30,133,33.0,89.0,307,3.521,319,1
28,128,32.9,88.9,307,3.521,319,1
28,126,33.0,88.9,307,3.521,319,1
31,126,32.9,88.8,307,3.521,319,1
19,125,33.0,88.7,307,3.521,319,1
18,125,33.0,88.7,307,3.521,319,1
20,126,33.0,88.6,307,3.521,319,1
16,125,33.0,88.6,307,3.521,319,1
17,125,33.0,88.7,307,3.521,319,1
18,125,33.0,88.7,307,3.521,319,1
20,125,33.0,88.8,308,3.521,318,1
28,136,33.0,88.8,308,3.521,318,1
30,136,33.0,88.8,308,3.521,318,1
28,134,33.0,88.7,308,3.521,318,1
29,135,33.0,88.7,308,3.521,318,1
28,135,33.0,88.7,308,3.521,318,1
31,134,33.0,88.6,308,3.521,318,1
29,133,32.9,88.5,308,3.521,318,1
28,137,33.0,88.5,308,3.521,318,1
21,126,33.0,88.5,308,3.521,318,1
18,126,33.0,88.5,308,3.521,318,1
25,130,33.0,88.4,308,3.521,318,1
18,125,33.0,88.5,309,3.521,317,1
18,125,33.0,88.6,309,3.521,317,1
32,128,33.0,88.7,309,3.521,317,1
29,133,33.0,88.8,309,3.521,317,1
31,137,33.0,88.7,309,3.521,317,1
30,136,33.0,88.7,309,3.521,317,1
29,133,33.0,88.7,309,3.521,317,1
29,136,33.0,88.6,309,3.521,317,1
24,136,33.0,88.5,309,3.521,317,1
20,126,33.0,88.5,309,3.521,317,1
19,125,33.0,88.4,309,3.521,317,1
20,128,33.0,88.4,309,3.521,317,1
20,125,33.0,88.4,310,3.521,316,1
18,125,33.0,88.3,310,3.521,316,1
30,126,33.0,88.3,310,3.521,316,1
30,124,33.0,88.2,310,3.521,316,1
30,126,33.0,88.4,310,3.521,316,1
30,135,33.0,88.4,310,3.521,316,1
31,137,33.0,88.6,310,3.521,316,1
29,136,33.0,88.6,310,3.521,316,1
30,135,33.0,88.6,310,3.521,316,1
29,135,33.0,88.6,310,3.521,316,1
26,125,33.0,88.5,310,3.521,316,1
30,125,33.0,88.4,310,3.521,316,1
31,135,33.0,88.3,311,3.521,315,1
29,138,33.0,88.4,311,3.521,315,1
30,135,33.0,88.4,311,3.521,315,1
31,135,33.0,88.4,311,3.521,315,1
29,134,33.0,88.5,311,3.521,315,1
31,135,33.0,88.4,311,3.521,315,1
29,137,33.0,88.4,311,3.521,315,1
33,135,33.0,88.4,311,3.521,315,1
30,137,33.0,88.3,311,3.521,315,1
20,136,33.0,88.2,311,3.521,315,1
18,125,33.0,88.2,311,3.521,315,1
21,126,33.0,88.3,311,3.521,315,1
18,126,33.0,88.4,312,3.521,314,1
30,126,33.0,88.4,312,3.521,314,1
30,126,33.0,88.3,312,3.521,314,1
32,126,33.0,88.3,312,3.521,314,1
21,126,33.0,88.3,312,3.521,314,1
22,125,33.0,88.3,312,3.521,314,1
30,125,33.0,88.3,312,3.521,314,1
30,125,33.0,88.3,312,3.521,314,1
30,126,33.0,88.4,312,3.521,314,1
30,126,33.0,88.4,312,3.521,314,1
30,126,33.0,88.4,312,3.521,314,1
32,137,33.0,88.4,312,3.521,314,1
30,133,33.0,88.3,313,3.521,313,1
32,139,33.0,88.3,313,3.521,313,1
30,136,33.0,88.2,313,3.521,313,1
31,137,33.0,88.1,313,3.521,313,1
20,126,33.0,88.0,313,3.521,313,1
19,125,33.0,88.0,313,3.521,313,1
31,126,33.0,88.1,313,3.521,313,1
32,126,33.0,88.2,313,3.521,313,1
19,126,33.0,88.3,313,3.521,313,1
21,125,33.0,88.3,313,3.521,313,1
22,125,33.0,88.4,313,3.521,313,1
27,127,33.0,88.4,313,3.521,313,1
22,126,33.0,88.3,314,3.521,312,1
21,126,33.0,88.2,314,3.521,312,1
23,126,33.0,88.2,314,3.521,312,1
22,126,33.0,88.1,314,3.521,312,1
24,126,33.0,88.2,314,3.521,312,1
25,125,33.0,88.3,314,3.521,312,1
28,128,33.0,88.4,314,3.521,312,1
24,133,33.0,88.5,314,3.521,312,1
32,139,33.0,88.4,314,3.521,312,1
31,139,33.0,88.5,314,3.521,312,1
29,133,33.0,88.5,314,3.521,312,1
31,133,33.0,88.5,314,3.521,312,1
33,126,33.0,88.5,315,3.521,311,1
31,126,33.0,88.5,315,3.521,311,1
30,132,33.0,88.6,315,3.521,311,1
31,126,33.0,88.6,315,3.521,311,1
31,126,33.0,88.8,315,3.521,311,1
31,137,33.0,88.8,315,3.521,311,1
32,138,33.0,88.8,315,3.521,311,1
34,138,33.0,88.8,315,3.521,311,1
32,139,33.0,88.8,315,3.521,311,1
34,137,33.0,88.8,315,3.521,311,1
34,137,33.0,88.8,315,3.521,311,1
20,135,33.0,88.6,315,3.521,311,1
20,125,33.0,88.5,316,3.521,310,1
21,126,33.0,88.4,316,3.521,310,1
23,127,33.0,88.4,316,3.521,310,1
25,127,33.0,88.4,316,3.521,310,1
25,126,33.0,88.4,316,3.521,310,1
31,128,33.0,88.4,316,3.521,310,1
33,133,33.0,88.4,316,3.521,310,1
31,129,33.0,88.5,316,3.521,310,1
33,137,33.0,88.5,316,3.521,310,1
32,140,33.0,88.6,316,3.521,310,1
32,139,33.0,88.6,316,3.521,310,1
31,139,33.0,88.7,316,3.521,310,1
34,139,33.0,88.6,317,3.521,309,1
32,139,33.0,88.6,317,3.521,309,1
32,140,33.0,88.5,317,3.521,309,1
24,129,33.0,88.5,317,3.521,309,1
25,127,33.0,88.5,317,3.521,309,1
22,134,33.0,88.5,317,3.521,309,1
22,134,33.0,88.5,317,3.521,309,1
25,129,33.0,88.7,317,3.521,309,1
25,127,33.0,88.7,317,3.521,309,1
33,129,33.0,88.9,317,3.521,309,1
35,129,33.0,89.0,317,3.521,309,1
25,129,33.0,88.9,317,3.521,309,1
25,129,33.0,88.9,318,3.521,308,1
25,129,33.0,88.8,318,3.521,308,1
24,129,33.0,88.6,318,3.521,308,1
25,126,33.0,88.4,318,3.521,308,1
25,129,33.0,88.4,318,3.521,308,1
24,128,33.0,88.2,318,3.521,308,1
33,129,33.0,88.3,318,3.521,308,1
32,127,33.0,88.4,318,3.521,308,1
32,126,33.0,88.4,318,3.521,308,1
32,133,33.0,88.5,318,3.521,308,1
33,139,33.0,88.5,318,3.521,308,1
34,140,33.0,88.5,318,3.521,308,1
33,140,33.0,88.4,319,3.521,307,1
32,137,33.0,88.3,319,3.521,307,1
33,140,33.0,88.3,319,3.521,307,1
35,140,33.0,88.3,319,3.521,307,1
36,139,33.0,88.3,319,3.521,307,1
33,140,33.0,88.4,319,3.521,307,1
35,140,33.0,88.5,319,3.521,307,1
36,140,33.0,88.5,319,3.521,307,1
26,126,33.0,88.6,319,3.521,307,1
22,131,33.0,88.7,319,3.521,307,1
36,140,33.0,88.7,319,3.521,307,1
34,140,33.0,88.7,319,3.521,307,1
34,140,33.1,88.8,320,3.521,306,1
34,136,33.0,88.9,320,3.521,306,1
35,140,33.1,88.9,320,3.521,306,1
33,140,33.1,88.8,320,3.521,306,1
33,140,33.0,88.5,320,3.521,306,1
33,140,33.0,88.1,320,3.521,306,1
34,140,33.1,87.8,320,3.521,306,1
33,139,33.0,87.7,320,3.521,306,1
23,140,33.0,87.4,320,3.521,306,1
25,127,33.0,87.0,320,3.521,306,1
23,127,33.0,86.6,320,3.521,306,1
22,128,33.0,86.2,320,3.521,306,1
32,139,33.0,85.8,321,3.75,305,1
31,139,33.0,84.9,321,3.75,305,1
31,137,33.0,83.8,321,3.75,305,1
29,136,33.0,82.3,321,3.75,305,1
32,134,33.0,81.8,321,3.75,305,1
33,133,33.0,82.1,321,3.75,305,1
19,133,33.0,82.7,321,3.75,305,1
22,125,33.0,82.7,321,3.75,305,1
22,122,33.0,82.7,321,3.75,305,1
22,127,33.0,82.6,321,3.75,305,1
22,122,33.0,82.3,321,3.75,305,1
24,121,33.0,82.0,321,3.75,305,1
31,128,33.0,82.0,322,3.75,304,1
31,129,33.0,82.3,322,3.75,304,1
26,121,33.0,83.0,322,3.75,304,1
25,121,33.0,83.4,322,3.75,304,1
29,120,33.0,83.3,322,3.75,304,1
29,119,33.0,83.0,322,3.75,304,1
24,118,33.0,82.9,322,3.75,304,1
20,119,33.0,82.6,322,3.75,304,1
28,120,33.0,82.5,322,3.75,304,1
28,122,33.0,82.7,322,3.75,304,1
31,122,33.0,83.1,322,3.75,304,1
33,123,33.0,83.4,322,3.75,304,1
33,121,33.0,83.7,323,3.75,303,1
33,127,33.0,84.1,323,3.75,303,1
33,130,33.0,84.6,323,3.75,303,1
33,130,33.0,85.0,323,3.75,303,1
33,131,33.0,85.5,323,3.75,303,1
33,133,33.0,85.7,323,3.75,303,1
35,131,33.0,85.8,323,3.75,303,1
33,136,33.0,86.0,323,3.75,303,1
28,132,33.0,86.2,323,3.75,303,1
34,134,33.0,86.5,323,3.75,303,1
34,135,33.0,86.8,323,3.75,303,1
36,135,33.0,87.0,323,3.75,303,1
34,135,33.0,87.3,324,3.75,302,1
38,138,33.0,87.4,324,3.75,302,1
37,138,33.0,87.8,324,3.75,302,1
41,135,33.0,87.8,324,3.75,302,1
37,138,33.0,87.5,324,3.75,302,1
36,138,33.0,86.9,324,3.75,302,1
36,134,33.0,86.5,324,3.75,302,1
35,131,33.0,85.7,324,3.75,302,1
33,126,33.0,85.1,324,3.75,302,1
25,125,33.0,84.9,324,3.75,302,1
25,125,33.0,85.1,324,3.75,302,1
27,125,33.0,85.1,324,3.75,302,1
25,124,33.0,84.8,325,3.75,301,1
26,124,33.0,84.2,325,3.75,301,1
28,123,33.0,83.7,325,3.75,301,1
28,126,33.0,81.5,325,3.75,301,1
29,125,33.0,80.6,325,3.75,301,1
25,123,33.0,79.5,325,3.75,301,1
25,126,32.9,75.7,325,3.75,301,1
23,125,32.9,73.6,325,3.75,301,1
19,121,32.9,71.2,325,3.75,301,1
8,112,32.9,70.4,325,3.75,301,1
10,109,32.9,69.6,325,3.75,301,1
19,121,32.8,68.3,325,3.75,301,1
16,119,32.8,67.9,326,3.75,300,1
20,118,32.8,67.5,326,3.75,300,1
11,109,32.8,67.3,326,3.75,300,1
8,109,32.8,67.0,326,3.75,300,1
15,114,32.7,66.7,326,3.75,300,1
15,112,32.7,66.9,326,3.75,300,1
15,115,32.7,66.7,326,3.75,300,1
15,112,32.7,66.5,326,3.75,300,1
15,112,32.7,67.2,326,3.75,300,1
16,111,32.7,67.7,326,3.75,300,1
6,104,32.7,67.6,326,3.75,300,1
10,105,32.6,67.0,326,3.75,300,1
14,109,32.6,66.7,327,3.75,299,1
15,106,32.6,66.4,327,3.75,299,1
10,107,32.6,66.2,327,3.75,299,1
15,110,32.6,66.1,327,3.75,299,1
15,110,32.5,66.2,327,3.75,299,1
16,114,32.6,66.1,327,3.75,299,1
17,113,32.5,66.0,327,3.75,299,1
15,114,32.5,66.3,327,3.75,299,1
15,106,32.5,66.3,327,3.75,299,1
15,107,32.5,66.6,327,3.75,299,1
16,113,32.5,66.6,327,3.75,299,1
15,112,32.5,66.4,327,3.75,299,1
15,113,32.5,66.2,328,3.75,298,1
15,114,32.5,66.0,328,3.75,298,1
17,111,32.4,66.2,328,3.75,298,1
15,114,32.4,66.4,328,3.75,298,1
15,111,32.4,66.5,328,3.75,298,1
14,112,32.4,66.3,328,3.75,298,1
12,105,32.4,66.3,328,3.75,298,1
9,109,32.4,66.3,328,3.75,298,1
8,110,32.4,66.3,328,3.75,298,1
8,104,32.4,66.3,328,3.75,298,1
5,106,32.3,66.7,328,3.75,298,1
15,114,32.4,67.1,328,3.75,298,1
15,112,32.3,68.1,329,3.75,297,1
15,113,32.3,67.8,329,3.75,297,1
14,111,32.3,67.7,329,3.75,297,1
16,111,32.3,67.2,329,3.75,297,1
15,110,32.3,67.1,329,3.75,297,1
15,114,32.3,67.2,329,3.75,297,1
15,112,32.3,67.1,329,3.75,297,1
16,112,32.3,67.1,329,3.75,297,1
16,112,32.3,66.7,329,3.75,297,1
16,112,32.3,66.6,329,3.75,297,1
16,114,32.3,66.4,329,3.75,297,1
11,104,32.3,66.7,329,3.75,297,1
15,109,32.2,66.9,330,3.75,296,1
16,109,32.2,66.6,330,3.75,296,1
16,110,32.2,66.6,330,3.75,296,1
13,109,32.2,67.0,330,3.75,296,1
15,109,32.2,67.9,330,3.75,296,1
2,109,32.2,67.9,330,3.75,296,1
3,109,32.2,67.8,330,3.75,296,1
6,105,32.2,67.9,330,3.75,296,1
9,105,32.2,67.3,330,3.75,296,1
9,98,32.2,67.3,330,3.75,296,1
7,100,32.2,67.8,330,3.75,296,1
10,100,32.2,68.4,330,3.75,296,1
15,100,32.2,68.3,331,3.75,295,1
15,100,32.2,68.3,331,3.75,295,1
7,99,32.2,67.7,331,3.75,295,1
12,100,32.2,68.2,331,3.75,295,1
12,101,32.2,69.1,331,3.75,295,1
14,102,32.1,69.2,331,3.75,295,1
15,98,32.1,68.7,331,3.75,295,1
15,100,32.1,68.2,331,3.75,295,1
15,106,32.1,67.9,331,3.75,295,1
15,106,32.1,67.3,331,3.75,295,1
15,109,32.1,67.1,331,3.75,295,1
15,110,32.1,66.9,331,3.75,295,1
14,110,32.1,67.0,332,3.75,294,1
13,112,32.1,66.9,332,3.75,294,1
13,111,32.1,67.4,332,3.75,294,1
15,112,32.1,67.5,332,3.75,294,1
14,112,32.1,67.3,332,3.75,294,1
15,109,32.1,67.2,332,3.75,294,1
15,110,32.1,67.1,332,3.75,294,1
7,110,32.1,67.0,332,3.75,294,1
4,100,32.1,67.1,332,3.75,294,1
4,103,32.1,67.0,332,3.75,294,1
12,109,32.1,67.1,332,3.75,294,1
12,98,32.1,67.3,332,3.75,294,1
12,98,32.1,67.4,333,3.75,293,1
15,109,32.1,67.6,333,3.75,293,1
17,109,32.0,67.7,333,3.75,293,1
15,107,32.1,67.7,333,3.75,293,1
16,108,32.1,67.7,333,3.75,293,1
15,104,32.0,67.4,333,3.75,293,1
15,103,32.0,67.2,333,3.75,293,1
9,104,32.0,67.1,333,3.75,293,1
10,103,32.0,67.1,333,3.75,293,1
14,107,32.0,67.1,333,3.75,293,1
14,106,32.0,67.0,333,3.75,293,1
14,110,32.0,66.9,333,3.75,293,1
14,106,32.0,66.8,334,3.75,292,1
19,107,32.0,66.9,334,3.75,292,1
15,105,32.0,67.1,334,3.75,292,1
10,104,32.0,66.8,334,3.75,292,1
20,113,32.0,66.7,334,3.75,292,1
19,114,32.0,66.9,334,3.75,292,1
17,112,32.0,66.9,334,3.75,292,1
15,112,32.0,67.0,334,3.75,292,1
17,113,32.0,67.1,334,3.75,292,1
18,115,32.0,67.1,334,3.75,292,1
14,106,32.0,66.9,334,3.75,292,1
19,104,32.0,66.8,334,3.75,292,1
9,105,32.0,67.1,335,3.75,291,1
10,106,32.0,66.9,335,3.75,291,1
16,110,32.0,66.9,335,3.75,291,1
16,106,32.0,66.9,335,3.75,291,1
17,115,32.0,66.9,335,3.75,291,1
17,114,32.0,66.8,335,3.75,291,1
15,111,32.0,66.8,335,3.75,291,1
16,114,32.0,67.1,335,3.75,291,1
16,111,31.9,67.2,335,3.75,291,1
17,111,31.9,67.2,335,3.75,291,1
16,112,32.0,67.6,335,3.75,291,1
16,103,32.0,67.8,335,3.75,291,1
16,106,31.9,67.7,336,3.75,290,1
16,110,31.9,67.6,336,3.75,290,1
9,108,31.9,67.5,336,3.75,290,1
13,109,32.0,67.3,336,3.75,290,1
13,114,31.9,67.2,336,3.75,290,1
13,105,31.9,67.4,336,3.75,290,1
12,104,32.0,67.3,336,3.75,290,1
9,104,31.9,67.2,336,3.75,290,1
17,112,31.9,67.3,336,3.75,290,1
15,112,31.9,67.3,336,3.75,290,1
15,111,31.9,67.4,336,3.75,290,1
17,112,31.9,67.5,336,3.75,290,1
16,113,31.9,67.6,337,3.75,289,1
19,110,32.0,67.4,337,3.75,289,1
16,111,31.0,67.6,337,3.75,289,1
16,111,31.0,67.6,337,3.75,289,1
16,111,31.0,67.6,337,3.75,289,1
16,111,31.0,67.6,337,3.75,289,1
16,111,31.0,67.7,337,3.75,289,1
16,112,31.0,67.7,337,3.75,289,1
16,112,31.0,67.7,337,3.75,289,1
16,112,31.0,67.7,337,3.75,289,1
16,112,31.0,67.7,337,3.75,289,1
16,112,31.0,67.8,337,3.75,289,1
16,112,31.0,67.8,338,3.75,288,1
16,112,31.0,67.8,338,3.75,288,1
16,112,31.0,67.8,338,3.75,288,1
16,112,31.0,67.8,338,3.75,288,1
16,113,31.0,67.9,338,3.75,288,1
16,113,31.0,67.9,338,3.75,288,1
16,113,31.0,67.9,338,3.75,288,1
16,113,31.0,67.9,338,3.75,288,1
16,113,31.0,68.0,338,3.75,288,1
16,113,31.0,68.0,338,3.75,288,1
16,113,31.0,68.0,338,3.75,288,1
16,113,31.0,68.0,338,3.75,288,1
16,113,31.0,68.0,339,3.75,287,1
16,114,31.0,68.1,339,3.75,287,1
16,114,31.0,68.1,339,3.75,287,1
16,114,31.0,68.1,339,3.75,287,1
16,114,31.0,68.1,339,3.75,287,1
16,114,31.0,68.1,339,3.75,287,1
16,114,31.0,68.2,339,3.75,287,1
16,114,31.0,68.2,339,3.75,287,1
16,114,31.0,68.2,339,3.75,287,1
16,114,31.0,68.2,339,3.75,287,1
17,115,31.0,68.2,339,3.75,287,1
17,115,31.0,68.3,339,3.75,287,1
17,115,31.0,68.3,340,3.75,286,1
17,115,31.0,68.3,340,3.75,286,1
17,115,31.0,68.3,340,3.75,286,1
17,115,31.0,68.3,340,3.75,286,1
17,115,31.0,68.4,340,3.75,286,1
17,115,31.0,68.4,340,3.75,286,1
17,115,31.0,68.4,340,3.75,286,1
17,116,31.0,68.4,340,3.75,286,1
17,116,31.0,68.4,340,3.75,286,1
17,116,31.0,68.5,340,3.75,286,1
17,116,31.0,68.5,340,3.75,286,1
17,116,31.0,68.5,340,3.75,286,1
17,116,31.0,68.5,341,3.75,285,1
17,116,31.0,68.5,341,3.75,285,1
17,116,31.0,68.6,341,3.75,285,1
17,116,31.0,68.6,341,3.75,285,1
17,117,31.0,68.6,341,3.75,285,1
17,117,31.0,68.6,341,3.75,285,1
17,117,31.0,68.6,341,3.75,285,1
17,117,31.0,68.7,341,3.75,285,1
17,117,31.0,68.7,341,3.75,285,1
17,117,31.0,68.7,341,3.75,285,1
17,117,31.0,68.7,341,3.75,285,1
17,117,31.0,68.7,341,3.75,285,1
17,117,31.0,68.8,342,3.75,284,1
17,118,31.0,68.8,342,3.75,284,1
17,118,31.0,68.8,342,3.75,284,1
17,118,31.0,68.8,342,3.75,284,1
17,118,31.0,68.8,342,3.75,284,1
17,118,31.0,68.9,342,3.75,284,1
17,118,31.0,68.9,342,3.75,284,1
17,118,31.0,68.9,342,3.75,284,1
18,118,31.0,68.9,342,3.75,284,1
18,118,31.0,68.9,342,3.75,284,1
18,118,31.0,69.0,342,3.75,284,1
18,119,31.0,69.0,342,3.75,284,1
18,119,31.0,69.0,343,3.75,283,1
18,119,31.0,69.0,343,3.75,283,1
18,119,31.0,69.0,343,3.75,283,1
18,119,31.0,69.1,343,3.75,283,1
18,119,31.0,69.1,343,3.75,283,1
18,119,31.0,69.1,343,3.75,283,1
18,119,31.0,69.1,343,3.75,283,1
18,119,31.0,69.1,343,3.75,283,1
18,120,31.0,69.2,343,3.75,283,1
18,120,31.0,69.2,343,3.75,283,1
18,120,31.0,69.2,343,3.75,283,1
18,120,31.0,69.2,343,3.75,283,1
18,120,31.0,69.2,344,3.75,282,1
18,120,31.0,69.3,344,3.75,282,1
18,120,31.0,69.3,344,3.75,282,1
18,120,31.0,69.3,344,3.75,282,1
18,120,31.0,69.3,344,3.75,282,1
18,121,31.0,69.3,344,3.75,282,1
18,121,31.0,69.4,344,3.75,282,1
18,121,31.0,69.4,344,3.75,282,1
18,121,31.0,69.4,344,3.75,282,1
18,121,31.0,69.4,344,3.75,282,1
18,121,31.0,69.4,344,3.75,282,1
18,121,31.0,69.5,344,3.75,282,1
18,121,31.0,69.5,345,3.75,281,1
18,121,31.0,69.5,345,3.75,281,1
18,122,31.0,69.5,345,3.75,281,1
18,122,31.0,69.5,345,3.75,281,1
18,122,31.0,69.6,345,3.75,281,1
19,122,31.0,69.6,345,3.75,281,1
19,122,31.0,69.6,345,3.75,281,1
19,122,31.0,69.6,345,3.75,281,1
19,122,31.0,69.6,345,3.75,281,1
19,122,31.0,69.7,345,3.75,281,1
19,122,31.0,69.7,345,3.75,281,1
19,123,31.0,69.7,345,3.75,281,1
19,123,31.0,69.7,346,3.88,280,1
19,123,31.0,69.7,346,3.88,280,1
19,123,31.0,69.8,346,3.88,280,1
19,123,31.0,69.8,346,3.88,280,1
19,123,31.0,69.8,346,3.88,280,1
19,123,31.0,69.8,346,3.88,280,1
19,123,31.0,69.8,346,3.88,280,1
19,123,31.0,69.9,346,3.88,280,1
19,124,31.0,69.9,346,3.88,280,1
19,124,31.0,69.9,346,3.88,280,1
19,124,31.0,69.9,346,3.88,280,1
19,124,31.0,69.9,346,3.88,280,1
19,124,31.0,70.0,347,3.88,279,1
19,124,31.0,70.0,347,3.88,279,1
19,124,31.0,70.0,347,3.88,279,1
19,124,31.0,70.0,347,3.88,279,1
19,124,31.0,70.0,347,3.88,279,1
19,125,31.0,70.1,347,3.88,279,1
19,125,31.0,70.1,347,3.88,279,1
19,125,31.0,70.1,347,3.88,279,1
19,125,31.0,70.1,347,3.88,279,1
19,125,31.0,70.2,347,3.88,279,1
19,125,31.0,70.2,347,3.88,279,1
19,125,31.0,70.2,347,3.88,279,1
19,125,31.0,70.2,348,3.88,278,1
19,125,31.0,70.2,348,3.88,278,1
19,126,31.0,70.3,348,3.88,278,1
20,126,31.0,70.3,348,3.88,278,1
20,126,31.0,70.3,348,3.88,278,1
20,126,31.0,70.3,348,3.88,278,1
20,126,31.0,70.3,348,3.88,278,1
20,126,30.9,70.4,348,3.88,278,1
20,126,30.9,70.4,348,3.88,278,1
20,126,30.9,70.4,348,3.88,278,1
20,126,30.9,70.4,348,3.88,278,1
20,127,30.9,70.4,348,3.88,278,1
20,127,30.9,70.5,349,3.88,277,1
20,127,30.9,70.5,349,3.88,277,1
20,127,30.9,70.5,349,3.88,277,1
20,127,30.9,70.5,349,3.88,277,1
20,127,30.9,70.5,349,3.88,277,1
20,127,30.9,70.6,349,3.88,277,1
20,127,30.9,70.6,349,3.88,277,1
20,127,30.9,70.6,349,3.88,277,1
20,128,30.9,70.6,349,3.88,277,1
20,128,30.9,70.6,349,3.88,277,1
20,128,30.9,70.7,349,3.88,277,1
20,128,30.9,70.7,349,3.88,277,1
20,128,30.9,70.7,350,3.88,276,1
20,128,30.9,70.7,350,3.88,276,1
20,128,30.9,70.7,350,3.88,276,1
20,128,30.9,70.8,350,3.88,276,1
20,128,30.9,70.8,350,3.88,276,1
20,129,30.9,70.8,350,3.88,276,1
20,129,30.9,70.8,350,3.88,276,1
20,129,30.9,70.8,350,3.88,276,1
20,129,30.9,70.9,350,3.88,276,1
20,129,30.9,70.9,350,3.88,276,1
20,129,30.9,70.9,350,3.88,276,1
20,129,30.9,70.9,350,3.88,276,1
21,129,30.9,70.9,351,3.88,275,1
21,129,30.9,71.0,351,3.88,275,1
21,130,30.9,71.0,351,3.88,275,1
21,130,30.9,71.0,351,3.88,275,1
21,130,30.9,71.0,351,3.88,275,1
21,130,30.9,71.0,351,3.88,275,1
21,130,30.9,71.1,351,3.88,275,1
21,130,30.9,71.1,351,3.88,275,1
21,130,30.9,71.1,351,3.88,275,1
21,130,30.9,71.1,351,3.88,275,1
21,130,30.9,71.1,351,3.88,275,1
21,131,30.9,71.2,351,3.88,275,1
21,131,30.9,71.2,352,3.88,274,1
21,131,30.9,71.2,352,3.88,274,1
21,131,30.9,71.2,352,3.88,274,1
21,131,30.9,71.2,352,3.88,274,1
21,131,30.9,71.3,352,3.88,274,1
21,131,30.9,71.3,352,3.88,274,1
21,131,30.9,71.3,352,3.88,274,1
21,131,30.9,71.3,352,3.88,274,1
21,132,30.9,71.3,352,3.88,274,1
21,132,30.9,71.4,352,3.88,274,1
21,132,30.9,71.4,352,3.88,274,1
21,132,30.9,71.4,352,3.88,274,1
21,132,30.9,71.4,353,3.88,273,1
21,132,30.9,71.4,353,3.88,273,1
21,132,30.9,71.5,353,3.88,273,1
21,132,30.9,71.5,353,3.88,273,1
21,132,30.9,71.5,353,3.88,273,1
21,133,30.9,71.5,353,3.88,273,1
21,133,30.9,71.5,353,3.88,273,1
21,133,30.9,71.6,353,3.88,273,1
21,133,30.9,71.6,353,3.88,273,1
21,133,30.9,71.6,353,3.88,273,1
22,133,30.9,71.6,353,3.88,273,1
22,133,30.9,71.6,353,3.88,273,1
22,133,30.9,71.7,354,3.88,272,1
22,133,30.9,71.7,354,3.88,272,1
15,134,30.9,71.7,354,3.88,272,1
21,168,30.9,71.4,354,3.88,272,1
26,171,30.9,71.5,354,3.88,272,1
17,168,30.9,72.1,354,3.88,272,1
16,159,30.9,72.9,354,3.88,272,1
15,159,30.9,73.2,354,3.88,272,1
29,159,30.9,72.7,354,3.88,272,1
25,158,30.9,71.7,354,3.88,272,1
27,156,30.9,70.9,354,3.88,272,1
25,151,30.9,70.5,354,3.88,272,1
26,147,30.9,70.2,355,3.88,271,1
17,140,30.9,70.1,355,3.88,271,1
15,140,30.9,70.0,355,3.88,271,1
19,146,30.9,70.2,355,3.88,271,1
21,146,30.9,70.6,355,3.88,271,1
22,145,30.9,70.6,355,3.88,271,1
24,147,30.9,70.5,355,3.88,271,1
25,146,30.9,70.1,355,3.88,271,1
27,146,30.9,69.9,355,3.88,271,1
28,146,30.9,69.8,355,3.88,271,1
30,147,30.9,69.7,355,3.88,271,1
30,147,31.0,69.7,355,3.88,271,1
29,138,31.0,69.8,356,3.88,270,1
25,135,31.0,69.9,356,3.88,270,1
22,142,31.0,70.8,356,3.88,270,1
23,143,31.0,71.1,356,3.88,270,1
23,142,31.0,71.4,356,3.88,270,1
15,132,31.0,71.9,356,3.88,270,1
16,133,31.0,72.0,356,3.88,270,1
16,131,31.0,71.7,356,3.88,270,1
16,134,31.0,71.6,356,3.88,270,1
28,146,31.0,72.0,356,3.88,270,1
26,146,31.0,72.0,356,3.88,270,1
31,146,31.0,72.3,356,3.88,270,1
28,147,31.0,72.7,357,3.88,269,1
27,140,31.0,72.9,357,3.88,269,1
28,140,31.0,72.6,357,3.88,269,1
15,140,31.0,72.2,357,3.88,269,1
18,140,31.0,72.5,357,3.88,269,1
28,150,31.0,72.2,357,3.88,269,1
30,147,31.1,71.8,357,3.88,269,1
28,149,31.1,71.3,357,3.88,269,1
26,145,31.0,70.9,357,3.88,269,1
25,148,31.1,70.9,357,3.88,269,1
15,140,31.1,71.2,357,3.88,269,1
15,139,31.1,71.4,357,3.88,269,1
28,151,31.1,71.6,358,3.88,268,1
26,151,31.1,71.8,358,3.88,268,1
25,151,31.1,71.5,358,3.88,268,1
26,147,31.1,71.3,358,3.88,268,1
26,146,31.1,71.4,358,3.88,268,1
26,139,31.1,71.8,358,3.88,268,1
22,140,31.1,72.1,358,3.88,268,1
18,138,31.1,71.8,358,3.88,268,1
27,145,31.1,71.9,358,3.88,268,1
25,143,31.1,71.9,358,3.88,268,1
17,136,31.1,72.1,358,3.88,268,1
17,138,31.1,72.4,358,3.88,268,1
15,138,31.1,71.9,359,3.88,267,1
26,142,31.1,72.0,359,3.88,267,1
29,142,31.1,72.0,359,3.88,267,1
30,142,31.1,71.7,359,3.88,267,1
29,144,31.1,71.8,359,3.88,267,1
26,143,31.1,71.2,359,3.88,267,1
21,142,31.1,71.0,359,3.88,267,1
17,137,31.1,71.4,359,3.88,267,1
29,146,31.1,71.7,359,3.88,267,1
25,143,31.1,72.4,359,3.88,267,1
26,140,31.1,72.9,359,3.88,267,1
25,145,31.1,73.1,359,3.88,267,1
27,143,31.1,72.9,360,3.88,266,1
30,142,31.1,72.9,360,3.88,266,1
20,136,31.2,73.1,360,3.88,266,1
22,137,31.1,72.1,360,3.88,266,1
31,146,31.1,71.5,360,3.88,266,1
31,145,31.2,71.6,360,3.88,266,1
17,138,31.1,71.4,360,3.88,266,1
16,135,31.1,71.4,360,3.88,266,1
22,138,31.2,71.9,360,3.88,266,1
20,136,31.1,72.1,360,3.88,266,1
19,137,31.2,72.4,360,3.88,266,1
21,139,31.2,72.7,360,3.88,266,1
19,137,31.2,72.2,361,3.88,265,1
16,134,31.2,72.5,361,3.88,265,1
18,135,31.2,72.3,361,3.88,265,1
19,144,31.2,72.1,361,3.88,265,1
15,143,31.2,71.8,361,3.88,265,1
15,141,31.2,71.9,361,3.88,265,1
20,134,31.2,72.1,361,3.88,265,1
18,136,31.2,72.3,361,3.88,265,1
19,141,31.2,72.6,361,3.88,265,1
17,135,31.2,72.5,361,3.88,265,1
18,133,31.2,72.4,361,3.88,265,1
31,141,31.2,71.9,361,3.88,265,1
30,142,31.2,71.0,362,3.88,264,1
30,143,31.2,70.8,362,3.88,264,1
27,146,31.2,71.3,362,3.88,264,1
31,140,31.2,71.7,362,3.88,264,1
17,140,31.2,71.7,362,3.88,264,1
21,131,31.2,71.3,362,3.88,264,1
28,133,31.2,70.9,362,3.88,264,1
28,136,31.2,70.3,362,3.88,264,1
29,135,31.2,70.3,362,3.88,264,1
29,144,31.2,70.0,362,3.88,264,1
27,145,31.2,70.1,362,3.88,264,1
30,143,31.2,70.4,362,3.88,264,1
28,142,31.2,70.7,363,3.88,263,1
30,142,31.2,71.2,363,3.88,263,1
26,142,31.2,71.3,363,3.88,263,1
29,142,31.2,71.3,363,3.88,263,1
24,142,31.2,71.3,363,3.88,263,1
26,141,31.2,71.3,363,3.88,263,1
28,141,31.2,71.3,363,3.88,263,1
25,131,31.2,71.8,363,3.88,263,1
26,133,31.2,72.2,363,3.88,263,1
26,136,31.2,72.2,363,3.88,263,1
21,136,31.3,72.3,363,3.88,263,1
29,140,31.2,71.9,363,3.88,263,1
30,139,31.2,71.3,364,3.88,262,1
24,137,31.2,70.9,364,3.88,262,1
29,141,31.2,70.6,364,3.88,262,1
31,141,31.2,70.0,364,3.88,262,1
19,134,31.2,70.0,364,3.88,262,1
20,131,31.2,71.0,364,3.88,262,1
23,127,31.2,72.1,364,3.88,262,1
26,140,31.3,72.3,364,3.88,262,1
26,140,31.2,72.0,364,3.88,262,1
26,139,31.2,71.8,364,3.88,262,1
31,140,31.3,71.8,364,3.88,262,1
31,140,31.3,71.9,364,3.88,262,1
26,140,31.3,71.8,365,3.88,261,1
28,140,31.3,71.9,365,3.88,261,1
25,139,31.3,71.6,365,3.88,261,1
24,137,31.3,72.4,365,3.88,261,1
22,139,31.3,72.7,365,3.88,261,1
22,126,31.3,72.3,365,3.88,261,1
22,128,31.3,72.5,365,3.88,261,1
19,126,31.3,72.2,365,3.88,261,1
20,126,31.3,71.4,365,3.88,261,1
31,140,31.3,71.0,365,3.88,261,1
33,140,31.3,71.3,365,3.88,261,1
26,139,31.3,71.9,365,3.88,261,1
30,140,31.3,71.8,366,3.95,260,1
31,140,31.3,71.9,366,3.95,260,1
32,141,31.3,71.5,366,3.95,260,1
29,140,31.3,71.0,366,3.95,260,1
32,140,31.3,70.9,366,3.95,260,1
19,140,31.3,71.0,366,3.95,260,1
21,140,31.3,70.7,366,3.95,260,1
24,131,31.3,70.8,366,3.95,260,1
24,131,31.3,70.8,366,3.95,260,1
26,140,31.3,71.1,366,3.95,260,1
30,140,31.3,71.2,366,3.95,260,1
31,140,31.3,71.3,366,3.95,260,1
33,142,31.3,71.1,367,3.95,259,1
24,138,31.3,70.9,367,3.95,259,1
29,135,31.3,70.7,367,3.95,259,1
24,134,31.3,71.3,367,3.95,259,1
22,133,31.3,71.2,367,3.95,259,1
24,135,31.3,71.4,367,3.95,259,1
24,135,31.3,71.2,367,3.95,259,1
18,136,31.3,71.1,367,3.95,259,1
21,134,31.3,70.8,367,3.95,259,1
23,135,31.3,71.2,367,3.95,259,1
33,142,31.3,71.4,367,3.95,259,1
32,145,31.3,71.7,367,3.95,259,1
32,147,31.3,71.3,368,3.95,258,1
24,139,31.3,71.1,368,3.95,258,1
21,137,31.3,71.1,368,3.95,258,1
32,145,31.3,71.6,368,3.95,258,1
36,145,31.3,71.5,368,3.95,258,1
34,146,31.3,71.4,368,3.95,258,1
26,142,31.3,71.8,368,3.95,258,1
27,145,31.3,72.2,368,3.95,258,1
26,135,31.3,72.1,368,3.95,258,1
25,136,31.3,71.6,368,3.95,258,1
31,146,31.3,71.5,368,3.95,258,1
30,145,31.3,71.5,368,3.95,258,1
31,145,31.3,71.7,369,3.95,257,1
34,147,31.3,71.5,369,3.95,257,1
31,145,31.3,71.3,369,3.95,257,1
31,146,31.3,71.0,369,3.95,257,1
31,145,31.3,70.8,369,3.95,257,1
34,146,31.3,71.0,369,3.95,257,1
33,150,31.3,70.9,369,3.95,257,1
36,147,31.3,70.9,369,3.95,257,1
30,145,31.3,70.9,369,3.95,257,1
32,147,31.3,71.0,369,3.95,257,1
31,148,31.3,71.0,369,3.95,257,1
30,149,31.3,71.5,369,3.95,257,1
25,139,31.3,71.7,370,3.95,256,1
29,137,31.4,71.4,370,3.95,256,1
31,140,31.3,70.8,370,3.95,256,1
30,146,31.3,70.7,370,3.95,256,1
29,146,31.3,71.3,370,3.95,256,1
31,147,31.4,71.5,370,3.95,256,1
34,150,31.3,71.4,370,3.95,256,1
29,145,31.3,71.8,370,3.95,256,1
29,146,31.4,71.9,370,3.95,256,1
30,137,31.4,72.4,370,3.95,256,1
30,140,31.3,72.6,370,3.95,256,1
25,138,31.3,72.6,370,3.95,256,1
24,135,31.3,72.5,371,3.95,255,1
30,150,31.4,72.2,371,3.95,255,1
31,145,31.3,71.8,371,3.95,255,1
31,145,31.3,72.0,371,3.95,255,1
29,139,31.4,71.5,371,3.95,255,1
29,139,31.3,71.0,371,3.95,255,1
29,149,31.3,71.3,371,3.95,255,1
28,149,31.4,71.8,371,3.95,255,1
31,146,31.3,72.0,371,3.95,255,1
28,140,31.3,72.0,371,3.95,255,1
29,138,31.3,71.7,371,3.95,255,1
30,138,31.3,71.6,371,3.95,255,1
32,139,31.3,72.0,372,3.95,254,1
34,150,31.3,71.9,372,3.95,254,1
35,149,31.3,71.8,372,3.95,254,1
33,146,31.3,71.8,372,3.95,254,1
34,146,31.4,72.0,372,3.95,254,1
30,146,31.4,72.1,372,3.95,254,1
30,147,31.3,72.2,372,3.95,254,1
30,138,31.4,72.2,372,3.95,254,1
17,136,31.4,72.2,372,3.95,254,1
19,138,31.3,72.3,372,3.95,254,1
18,138,31.3,72.1,372,3.95,254,1
23,149,31.3,72.3,372,3.95,254,1
38,151,31.3,71.9,373,3.95,253,1
34,147,31.4,71.8,373,3.95,253,1
21,145,31.4,72.0,373,3.95,253,1
20,148,31.3,71.6,373,3.95,253,1
25,138,31.4,71.5,373,3.95,253,1
21,138,31.4,71.6,373,3.95,253,1
34,146,31.3,71.8,373,3.95,253,1
36,149,31.4,72.2,373,3.95,253,1
33,148,31.4,72.0,373,3.95,253,1
34,147,31.3,71.9,373,3.95,253,1
33,149,31.4,71.8,373,3.95,253,1
33,154,31.4,71.9,373,3.95,253,1
32,151,31.4,71.4,374,3.95,252,1
36,151,31.3,71.4,374,3.95,252,1
27,140,31.4,71.4,374,3.95,252,1
31,143,31.4,71.0,374,3.95,252,1
18,139,31.3,70.9,374,3.95,252,1
20,138,31.3,71.2,374,3.95,252,1
40,151,31.4,71.4,374,3.95,252,1
35,146,31.4,71.7,374,3.95,252,1
37,148,31.4,71.7,374,3.95,252,1
26,146,31.4,71.1,374,3.95,252,1
28,146,31.3,70.7,374,3.95,252,1
33,146,31.4,71.0,374,3.95,252,1
34,151,31.3,71.1,375,3.95,251,1
37,149,31.4,72.3,375,3.95,251,1
28,139,31.4,72.2,375,3.95,251,1
28,141,31.4,71.5,375,3.95,251,1
25,140,31.4,71.2,375,3.95,251,1
29,141,31.4,71.9,375,3.95,251,1
29,140,31.4,71.7,375,3.95,251,1
25,140,31.4,71.5,375,3.95,251,1
29,140,31.4,71.3,375,3.95,251,1
29,140,31.4,71.4,375,3.95,251,1
29,140,31.4,71.2,375,3.95,251,1
30,144,31.4,71.4,375,3.95,251,1
29,140,31.4,71.5,376,3.95,250,1
37,149,31.4,71.3,376,3.95,250,1
37,150,31.4,71.2,376,3.95,250,1
28,147,31.4,70.8,376,3.95,250,1
20,139,31.4,70.9,376,3.95,250,1
18,140,31.4,71.1,376,3.95,250,1
18,139,31.4,71.4,376,3.95,250,1
32,135,31.4,71.6,376,3.95,250,1
28,139,31.4,71.7,376,3.95,250,1
37,149,31.4,71.6,376,3.95,250,1
34,151,31.4,72.0,376,3.95,250,1
26,140,31.4,71.9,376,3.95,250,1
27,140,31.4,71.7,377,3.95,249,1
28,147,31.4,71.5,377,3.95,249,1
34,150,31.4,71.1,377,3.95,249,1
31,149,31.3,70.5,377,3.95,249,1
32,149,31.4,71.1,377,3.95,249,1
35,149,31.4,71.2,377,3.95,249,1
32,147,31.4,71.5,377,3.95,249,1
33,149,31.4,71.8,377,3.95,249,1
33,150,31.4,72.1,377,3.95,249,1
33,149,31.4,71.7,377,3.95,249,1
34,146,31.4,71.7,377,3.95,249,1
36,151,31.4,71.2,377,3.95,249,1
21,151,31.4,71.6,378,3.95,248,1
26,140,31.4,71.6,378,3.95,248,1
21,140,31.4,71.6,378,3.95,248,1
26,140,31.4,72.2,378,3.95,248,1
34,149,31.4,72.0,378,3.95,248,1
36,147,31.4,71.7,378,3.95,248,1
35,149,31.4,71.3,378,3.95,248,1
37,147,31.4,71.1,378,3.95,248,1
37,149,31.4,71.2,378,3.95,248,1
35,147,31.4,71.0,378,3.95,248,1
36,151,31.4,71.0,378,3.95,248,1
24,140,31.4,71.0,378,3.95,248,1
26,140,31.4,71.2,379,3.95,247,1
29,140,31.4,71.4,379,3.95,247,1
40,150,31.4,71.5,379,3.95,247,1
35,152,31.4,71.0,379,3.95,247,1
32,151,31.4,71.1,379,3.95,247,1
22,140,31.4,71.3,379,3.95,247,1
26,141,31.4,71.0,379,3.95,247,1
36,140,31.4,70.6,379,3.95,247,1
36,141,31.4,70.5,379,3.95,247,1
38,151,31.4,70.5,379,3.95,247,1
38,146,31.4,70.9,379,3.95,247,1
36,141,31.4,71.1,379,3.95,247,1
36,141,31.4,70.9,380,3.95,246,1
34,144,31.4,71.1,380,3.95,246,1
36,140,31.4,71.1,380,3.95,246,1
20,139,31.4,70.8,380,3.95,246,1
18,141,31.4,70.9,380,3.95,246,1
32,152,31.4,71.4,380,3.95,246,1
37,147,31.4,71.7,380,3.95,246,1
22,140,31.4,72.0,380,3.95,246,1
21,139,31.4,72.1,380,3.95,246,1
23,137,31.4,72.1,380,3.95,246,1
33,148,31.4,71.8,380,3.95,246,1
38,150,31.4,71.6,380,3.95,246,1
33,146,31.4,71.8,381,3.95,245,1
33,147,31.4,71.9,381,3.95,245,1
34,146,31.4,71.6,381,3.95,245,1
34,147,31.4,71.4,381,3.95,245,1
34,146,31.4,71.1,381,3.95,245,1
34,146,31.4,70.8,381,3.95,245,1
34,145,31.4,70.4,381,3.95,245,1
30,140,31.4,70.5,381,3.95,245,1
35,145,31.4,70.8,381,3.95,245,1
33,145,31.4,70.7,381,3.95,245,1
35,145,31.4,70.4,381,3.95,245,1
34,146,31.4,70.4,381,3.95,245,1
35,144,31.4,70.4,382,3.95,244,1
34,147,31.4,70.3,382,3.95,244,1
35,140,31.4,70.1,382,3.95,244,1
36,137,31.4,70.2,382,3.95,244,1
37,142,31.4,70.7,382,3.95,244,1
34,133,31.4,70.7,382,3.95,244,1
30,136,31.4,71.1,382,3.95,244,1
30,137,31.4,70.6,382,3.95,244,1
33,137,31.4,70.4,382,3.95,244,1
26,134,31.4,70.6,382,3.95,244,1
25,135,31.4,70.9,382,3.95,244,1
34,145,31.4,70.6,382,3.95,244,1
33,142,31.4,70.8,383,3.95,243,1
28,133,31.4,71.2,383,3.95,243,1
27,130,31.4,71.7,383,3.95,243,1
26,137,31.4,71.4,383,3.95,243,1
29,140,31.4,70.8,383,3.95,243,1
37,139,31.4,70.4,383,3.95,243,1
36,142,31.4,70.1,383,3.95,243,1
36,141,31.4,69.6,383,3.95,243,1
31,139,31.4,69.5,383,3.95,243,1
31,143,31.4,69.7,383,3.95,243,1
32,143,31.4,70.0,383,3.95,243,1
22,137,31.4,70.0,383,3.95,243,1
27,141,31.4,70.2,384,3.95,242,1
25,141,31.4,70.5,384,3.95,242,1
27,140,31.4,70.7,384,3.95,242,1
29,135,31.4,70.8,384,3.95,242,1
30,140,31.4,71.0,384,3.95,242,1
30,140,31.4,71.0,384,3.95,242,1
36,140,31.4,70.5,384,3.95,242,1
33,140,31.4,70.1,384,3.95,242,1
31,140,31.4,69.9,384,3.95,242,1
34,140,31.4,70.0,384,3.95,242,1
36,142,31.4,69.9,384,3.95,242,1
34,140,31.4,70.0,384,3.95,242,1
36,140,31.4,69.9,385,3.95,241,1
34,140,31.4,69.9,385,3.95,241,1
19,135,31.4,69.6,385,3.95,241,1
20,135,31.4,69.6,385,3.95,241,1
33,142,31.4,69.9,385,3.95,241,1
35,140,31.4,70.0,385,3.95,241,1
34,140,31.4,70.0,385,3.95,241,1
31,140,31.4,69.7,385,3.95,241,1
35,140,31.4,70.0,385,3.95,241,1
34,140,31.4,70.4,385,3.95,241,1
34,140,31.4,70.4,385,3.95,241,1
36,140,31.4,70.7,385,3.95,241,1
35,140,31.4,70.7,386,3.95,240,1
34,140,31.4,70.1,386,3.95,240,1
36,140,31.4,69.9,386,3.95,240,1
25,127,31.4,69.7,386,3.95,240,1
26,131,31.4,69.6,386,3.95,240,1
26,139,31.4,69.5,386,3.95,240,1
31,140,31.4,70.0,386,3.95,240,1
31,140,31.4,70.4,386,3.95,240,1
34,141,31.4,70.6,386,3.95,240,1
31,140,31.4,70.2,386,3.95,240,1
32,141,31.4,70.3,386,3.95,240,1
26,140,31.4,70.3,386,3.95,240,1
30,141,31.4,70.3,387,3.95,239,1
34,140,31.4,70.1,387,3.95,239,1
34,140,31.4,69.9,387,3.95,239,1
25,126,31.4,69.7,387,3.95,239,1
28,126,31.4,69.3,387,3.95,239,1
38,140,31.4,69.2,387,3.95,239,1
36,140,31.4,69.1,387,3.95,239,1
34,140,31.4,69.1,387,3.95,239,1
32,139,31.4,69.2,387,3.95,239,1
34,139,31.4,69.5,387,3.95,239,1
33,141,31.4,69.5,387,3.95,239,1
33,141,31.4,69.4,387,3.95,239,1
30,138,31.4,69.7,388,3.95,238,1
31,136,31.4,69.8,388,3.95,238,1
28,132,31.4,70.3,388,3.95,238,1
22,128,31.4,70.5,388,3.95,238,1
25,128,31.4,70.8,388,3.95,238,1
26,130,31.4,70.8,388,3.95,238,1
20,130,31.4,71.2,388,3.95,238,1
24,126,31.4,71.0,388,3.95,238,1
32,135,31.4,70.8,388,3.95,238,1
30,139,31.5,71.3,388,3.95,238,1
31,139,31.5,71.3,388,3.95,238,1
29,140,31.4,71.5,388,3.95,238,1
36,140,31.5,71.3,389,3.95,237,1
34,138,31.5,71.1,389,3.95,237,1
35,137,31.4,70.4,389,3.95,237,1
35,135,31.4,70.0,389,3.95,237,1
34,138,31.4,69.6,389,3.95,237,1
34,138,31.4,69.3,389,3.95,237,1
34,127,31.4,69.4,389,3.95,237,1
33,126,31.4,69.5,389,3.95,237,1
37,138,31.4,70.7,389,3.95,237,1
33,138,31.4,70.6,389,3.95,237,1
34,127,31.4,70.5,389,3.95,237,1
20,126,31.4,71.1,389,3.95,237,1
22,125,31.4,71.5,390,3.95,236,1
32,137,31.4,71.5,390,3.95,236,1
34,138,31.5,71.0,390,3.95,236,1
34,139,31.4,70.7,390,3.95,236,1
15,125,31.4,70.7,390,3.95,236,1
18,126,31.5,71.4,390,3.95,236,1
32,127,31.4,71.2,390,3.95,236,1
32,127,31.4,70.5,390,3.95,236,1
33,140,31.5,70.0,390,3.95,236,1
32,140,31.4,69.7,390,3.95,236,1
31,140,31.4,69.8,390,3.95,236,1
31,140,31.4,69.9,390,3.95,236,1
33,140,31.4,69.9,391,3.99,235,1
37,140,31.4,70.0,391,3.99,235,1
39,140,31.5,70.1,391,3.99,235,1
43,140,31.4,71.0,391,3.99,235,1
45,138,31.5,71.8,391,3.99,235,1
46,140,31.5,72.9,391,3.99,235,1
46,138,31.5,73.8,391,3.99,235,1
46,140,31.5,75.1,391,3.99,235,1
47,140,31.5,76.4,391,3.99,235,1
46,126,31.5,77.1,391,3.99,235,1
45,128,31.5,78.1,391,3.99,235,1
46,138,31.6,78.7,391,3.99,235,1
46,130,31.6,79.6,392,3.99,234,1
46,126,31.6,80.3,392,3.99,234,1
56,140,31.6,80.6,392,3.99,234,1
56,142,31.6,81.5,392,3.99,234,1
57,134,31.6,82.1,392,3.99,234,1
56,136,31.7,82.5,392,3.99,234,1
57,135,31.7,82.9,392,3.99,234,1
57,137,31.7,83.3,392,3.99,234,1
59,147,31.7,83.5,392,3.99,234,1
62,143,31.7,83.7,392,3.99,234,1
61,142,31.7,83.8,392,3.99,234,1
59,139,31.7,83.8,392,3.99,234,1
59,140,31.7,83.8,393,3.99,233,1
60,152,31.7,83.8,393,3.99,233,1
62,152,31.7,83.8,393,3.99,233,1
59,152,31.8,83.8,393,3.99,233,1
49,147,31.8,83.8,393,3.99,233,1
50,152,31.8,83.8,393,3.99,233,1
49,142,31.8,83.8,393,3.99,233,1
52,141,31.8,83.7,393,3.99,233,1
62,156,31.8,83.7,393,3.99,233,1
62,156,31.8,83.7,393,3.99,233,1
62,155,31.8,84.0,393,3.99,233,1
62,154,31.8,84.2,393,3.99,233,1
62,156,31.8,84.5,394,3.99,232,1
62,156,31.8,84.8,394,3.99,232,1
62,157,31.9,85.0,394,3.99,232,1
62,159,31.9,85.1,394,3.99,232,1
63,157,31.9,85.4,394,3.99,232,1
62,158,31.9,85.6,394,3.99,232,1
62,161,31.9,85.7,394,3.99,232,1
62,159,31.9,85.8,394,3.99,232,1
49,159,31.9,86.0,394,3.99,232,1
52,159,31.9,86.1,394,3.99,232,1
57,159,31.9,86.1,394,3.99,232,1
62,160,31.9,85.9,394,3.99,232,1
62,160,32.0,85.9,395,3.99,231,1
62,155,31.9,85.8,395,3.99,231,1
54,149,32.0,85.8,395,3.99,231,1
57,147,32.0,85.8,395,3.99,231,1
55,149,32.0,85.7,395,3.99,231,1
55,150,32.0,85.7,395,3.99,231,1
63,154,32.0,85.8,395,3.99,231,1
63,154,32.0,85.9,395,3.99,231,1
64,158,32.0,85.9,395,3.99,231,1
66,158,32.0,86.1,395,3.99,231,1
65,166,32.0,86.1,395,3.99,231,1
62,168,32.0,86.3,395,3.99,231,1
65,168,32.0,86.4,396,3.99,230,1
58,155,32.0,86.4,396,3.99,230,1
57,156,32.0,86.2,396,3.99,230,1
64,167,32.1,86.1,396,3.99,230,1
65,167,32.0,86.0,396,3.99,230,1
64,167,32.1,85.8,396,3.99,230,1
66,165,32.0,85.7,396,3.99,230,1
64,166,32.0,85.6,396,3.99,230,1
65,163,32.1,85.5,396,3.99,230,1
67,167,32.1,85.4,396,3.99,230,1
67,168,32.1,85.4,396,3.99,230,1
67,166,32.1,85.3,396,3.99,230,1
66,167,32.1,85.3,397,3.99,229,1
65,167,32.1,85.2,397,3.99,229,1
66,155,32.1,85.2,397,3.99,229,1
63,158,32.1,85.1,397,3.99,229,1
64,156,32.1,85.1,397,3.99,229,1
60,156,32.1,85.0,397,3.99,229,1
67,167,32.1,85.1,397,3.99,229,1
67,166,32.1,85.1,397,3.99,229,1
67,168,32.1,85.3,397,3.99,229,1
58,157,32.1,85.5,397,3.99,229,1
61,157,32.1,85.6,397,3.99,229,1
67,164,32.1,85.8,397,3.99,229,1
67,164,32.2,86.1,398,3.99,228,1
67,164,32.2,86.3,398,3.99,228,1
69,162,32.2,86.5,398,3.99,228,1
68,157,32.2,86.7,398,3.99,228,1
72,169,32.2,86.9,398,3.99,228,1
67,165,32.2,86.9,398,3.99,228,1
69,170,32.2,86.9,398,3.99,228,1
71,171,32.2,86.7,398,3.99,228,1
71,171,32.2,86.6,398,3.99,228,1
60,163,32.2,86.3,398,3.99,228,1
61,159,32.2,86.3,398,3.99,228,1
69,171,32.2,86.2,398,3.99,228,1
68,171,32.2,86.2,399,3.99,227,1
69,171,32.2,86.0,399,3.99,227,1
66,171,32.2,85.9,399,3.99,227,1
68,171,32.2,85.7,399,3.99,227,1
68,170,32.2,85.6,399,3.99,227,1
61,169,32.2,85.4,399,3.99,227,1
62,157,32.3,85.4,399,3.99,227,1
62,156,32.2,85.3,399,3.99,227,1
62,157,32.3,85.2,399,3.99,227,1
69,169,32.3,85.1,399,3.99,227,1
69,169,32.3,85.2,399,3.99,227,1
69,169,32.2,85.2,399,3.99,227,1
59,157,32.3,85.1,400,3.99,226,1
59,158,32.2,84.7,400,3.99,226,1
64,154,32.3,84.5,400,3.99,226,1
64,155,32.3,84.4,400,3.99,226,1
64,158,32.3,84.3,400,3.99,226,1
60,156,32.3,84.4,400,3.99,226,1
62,155,32.3,84.5,400,3.99,226,1
72,170,32.3,84.6,400,3.99,226,1
72,170,32.3,84.6,400,3.99,226,1
68,171,32.3,84.6,400,3.99,226,1
72,171,32.3,84.5,400,3.99,226,1
61,171,32.3,84.4,400,3.99,226,1
62,162,32.3,84.4,401,3.99,225,1
62,164,32.3,84.3,401,3.99,225,1
71,168,32.3,84.3,401,3.99,225,1
72,161,32.3,84.3,401,3.99,225,1
62,164,32.3,84.5,401,3.99,225,1
62,164,32.3,84.7,401,3.99,225,1
62,162,32.3,84.8,401,3.99,225,1
62,164,32.3,84.9,401,3.99,225,1
62,161,32.3,84.9,401,3.99,225,1
65,163,32.3,85.0,401,3.99,225,1
67,163,32.3,85.1,401,3.99,225,1
73,171,32.3,85.1,401,3.99,225,1
74,171,32.4,85.0,402,3.99,224,1
71,169,32.4,85.0,402,3.99,224,1
73,171,32.4,85.0,402,3.99,224,1
73,171,32.4,84.9,402,3.99,224,1
73,171,32.3,85.0,402,3.99,224,1
64,173,32.4,84.9,402,3.99,224,1
63,172,32.4,85.0,402,3.99,224,1
68,162,32.4,84.9,402,3.99,224,1
73,161,32.4,85.0,402,3.99,224,1
74,171,32.4,84.9,402,3.99,224,1
75,171,32.4,84.9,402,3.99,224,1
72,170,32.4,84.8,402,3.99,224,1
73,170,32.4,84.8,403,3.99,223,1
74,170,32.4,84.7,403,3.99,223,1
76,169,32.4,84.6,403,3.99,223,1
73,170,32.4,84.6,403,3.99,223,1
74,170,32.4,84.6,403,3.99,223,1
77,171,32.4,84.6,403,3.99,223,1
75,167,32.4,84.7,403,3.99,223,1
75,170,32.4,84.6,403,3.99,223,1
75,170,32.4,84.7,403,3.99,223,1
73,170,32.4,84.7,403,3.99,223,1
72,170,32.4,84.7,403,3.99,223,1
75,171,32.4,84.7,403,3.99,223,1
75,171,32.4,84.8,404,3.99,222,1
75,171,32.4,84.8,404,3.99,222,1
73,171,32.4,84.8,404,3.99,222,1
73,171,32.4,84.9,404,3.99,222,1
76,171,32.4,84.9,404,3.99,222,1
74,171,32.4,84.9,404,3.99,222,1
74,169,32.4,84.8,404,3.99,222,1
73,170,32.4,84.8,404,3.99,222,1
63,159,32.5,84.8,404,3.99,222,1
63,159,32.4,84.7,404,3.99,222,1
64,160,32.4,84.7,404,3.99,222,1
64,157,32.4,84.7,404,3.99,222,1
64,161,32.4,84.7,405,3.99,221,1
69,156,32.4,84.7,405,3.99,221,1
74,159,32.5,84.8,405,3.99,221,1
77,170,32.5,84.7,405,3.99,221,1
78,171,32.5,84.7,405,3.99,221,1
76,171,32.5,84.8,405,3.99,221,1
75,171,32.5,84.8,405,3.99,221,1
75,171,32.5,84.8,405,3.99,221,1
76,171,32.5,84.8,405,3.99,221,1
76,171,32.5,84.8,405,3.99,221,1
76,171,32.5,84.8,405,3.99,221,1
76,171,32.5,84.8,405,3.99,221,1
76,170,32.5,84.7,406,3.99,220,1
77,170,32.5,84.7,406,3.99,220,1
64,166,32.5,84.6,406,3.99,220,1
62,166,32.5,84.6,406,3.99,220,1
65,158,32.5,84.6,406,3.99,220,1
66,158,32.5,84.6,406,3.99,220,1
78,161,32.5,84.7,406,3.99,220,1
77,170,32.5,84.6,406,3.99,220,1
78,169,32.5,84.6,406,3.99,220,1
77,170,32.5,84.7,406,3.99,220,1
65,171,32.5,84.7,406,3.99,220,1
69,160,32.5,84.8,406,3.99,220,1
66,161,32.5,84.8,407,3.99,219,1
66,166,32.5,84.8,407,3.99,219,1
68,161,32.5,84.8,407,3.99,219,1
68,159,32.5,84.8,407,3.99,219,1
76,162,32.5,84.8,407,3.99,219,1
78,163,32.5,84.7,407,3.99,219,1
74,159,32.5,84.7,407,3.99,219,1
78,171,32.5,84.7,407,3.99,219,1
77,171,32.5,84.7,407,3.99,219,1
77,171,32.5,84.7,407,3.99,219,1
67,162,32.5,84.7,407,3.99,219,1
65,163,32.5,84.7,407,3.99,219,1
78,167,32.5,84.7,408,3.99,218,1
78,171,32.5,84.7,408,3.99,218,1
78,171,32.5,84.7,408,3.99,218,1
78,171,32.5,84.8,408,3.99,218,1
78,171,32.6,84.8,408,3.99,218,1
78,171,32.5,84.8,408,3.99,218,1
78,171,32.5,84.8,408,3.99,218,1
78,171,32.5,84.8,408,3.99,218,1
80,171,32.5,84.9,408,3.99,218,1
78,171,32.5,84.8,408,3.99,218,1
78,171,32.6,84.8,408,3.99,218,1
78,171,32.5,84.7,408,3.99,218,1
67,162,32.5,84.7,409,3.99,217,1
70,162,32.5,84.7,409,3.99,217,1
78,171,32.6,84.7,409,3.99,217,1
78,166,32.6,84.7,409,3.99,217,1
78,171,32.6,84.7,409,3.99,217,1
79,171,32.5,84.7,409,3.99,217,1
78,171,32.6,84.6,409,3.99,217,1
78,171,32.6,84.7,409,3.99,217,1
78,171,32.6,84.7,409,3.99,217,1
79,173,32.6,84.7,409,3.99,217,1
78,171,32.5,84.7,409,3.99,217,1
78,171,32.6,84.8,409,3.99,217,1
67,171,32.6,84.8,410,3.99,216,1
71,171,32.6,84.8,410,3.99,216,1
71,162,32.6,84.8,410,3.99,216,1
71,162,32.6,84.8,410,3.99,216,1
78,171,32.6,84.8,410,3.99,216,1
78,171,32.6,84.8,410,3.99,216,1
75,171,32.6,84.8,410,3.99,216,1
69,163,32.6,84.7,410,3.99,216,1
69,165,32.6,84.7,410,3.99,216,1
79,172,32.6,84.7,410,3.99,216,1
78,172,32.6,84.7,410,3.99,216,1
81,177,32.6,84.7,410,3.99,216,1
81,171,32.6,84.7,411,3.99,215,1
80,171,32.6,84.8,411,3.99,215,1
79,171,32.6,84.8,411,3.99,215,1
73,166,32.6,84.8,411,3.99,215,1
71,163,32.6,84.8,411,3.99,215,1
80,171,32.6,84.8,411,3.99,215,1
76,166,32.6,84.8,411,3.99,215,1
80,170,32.6,84.7,411,3.99,215,1
78,172,32.6,84.6,411,3.99,215,1
79,168,32.6,84.5,411,3.99,215,1
80,173,32.6,84.5,411,3.99,215,1
81,173,32.6,84.5,411,3.99,215,1
79,173,32.6,84.4,412,3.99,214,1
73,173,32.6,84.5,412,3.99,214,1
73,173,32.6,84.5,412,3.99,214,1
79,173,32.6,84.5,412,3.99,214,1
80,174,32.6,84.4,412,3.99,214,1
80,172,32.6,84.5,412,3.99,214,1
80,172,32.6,84.6,412,3.99,214,1
73,171,32.6,84.6,412,3.99,214,1
76,162,32.6,84.6,412,3.99,214,1
73,163,32.6,84.7,412,3.99,214,1
73,165,32.6,84.6,412,3.99,214,1
79,171,32.6,84.6,412,3.99,214,1
82,174,32.6,84.5,413,3.99,213,1
80,172,32.6,84.5,413,3.99,213,1
80,165,32.6,84.4,413,3.99,213,1
75,164,32.6,84.3,413,3.99,213,1
79,171,32.6,84.1,413,3.99,213,1
79,171,32.7,83.9,413,3.99,213,1
80,171,32.6,83.6,413,3.99,213,1
81,170,32.6,83.4,413,3.99,213,1
80,171,32.6,83.1,413,3.99,213,1
72,160,32.6,82.9,413,3.99,213,1
71,158,32.6,82.8,413,3.99,213,1
77,169,32.6,82.8,413,3.99,213,1
73,157,32.6,82.8,414,3.99,212,1
73,158,32.6,82.9,414,3.99,212,1
73,162,32.6,83.0,414,3.99,212,1
73,165,32.6,83.2,414,3.99,212,1
75,165,32.6,83.3,414,3.99,212,1
72,160,32.6,83.3,414,3.99,212,1
73,164,32.6,83.4,414,3.99,212,1
73,165,32.6,83.5,414,3.99,212,1
75,162,32.6,83.4,414,3.99,212,1
81,172,32.7,83.3,414,3.99,212,1
81,171,32.6,83.2,414,3.99,212,1
83,167,32.7,83.1,414,3.99,212,1
83,171,32.6,83.1,415,3.99,211,1
83,166,32.6,83.0,415,3.99,211,1
81,171,32.7,82.9,415,3.99,211,1
81,173,32.7,82.9,415,3.99,211,1
84,173,32.7,82.9,415,3.99,211,1
84,172,32.7,82.8,415,3.99,211,1
77,171,32.7,82.7,415,3.99,211,1
81,173,32.7,82.3,415,3.99,211,1
81,171,32.6,81.8,415,3.99,211,1
77,171,32.7,81.8,415,3.99,211,1
84,171,32.7,81.9,415,3.99,211,1
83,171,32.7,82.1,415,3.99,211,1
81,171,32.7,82.3,416,3.9993,210,1
80,173,32.7,82.6,416,3.9993,210,1
82,171,32.7,82.9,416,3.9993,210,1
83,174,32.7,83.1,416,3.9993,210,1
78,173,32.7,83.3,416,3.9993,210,1
75,163,32.7,83.4,416,3.9993,210,1
78,166,32.7,83.5,416,3.9993,210,1
76,165,32.7,83.6,416,3.9993,210,1
83,172,32.7,83.7,416,3.9993,210,1
86,172,32.7,83.8,416,3.9993,210,1
84,176,32.7,83.9,416,3.9993,210,1
84,179,32.7,83.9,416,3.9993,210,1
84,173,32.7,83.8,417,3.9993,209,1
87,182,32.7,83.8,417,3.9993,209,1
84,182,32.7,83.7,417,3.9993,209,1
78,171,32.7,83.7,417,3.9993,209,1
78,172,32.7,83.7,417,3.9993,209,1
78,173,32.7,83.6,417,3.9993,209,1
87,186,32.7,83.7,417,3.9993,209,1
84,187,32.7,83.7,417,3.9993,209,1
84,185,32.7,83.6,417,3.9993,209,1
78,172,32.7,83.5,417,3.9993,209,1
78,172,32.7,83.4,417,3.9993,209,1
84,172,32.7,83.4,417,3.9993,209,1
84,172,32.7,83.5,418,3.9993,208,1
84,184,32.7,83.5,418,3.9993,208,1
88,181,32.7,83.3,418,3.9993,208,1
79,172,32.7,83.1,418,3.9993,208,1
79,172,32.7,83.0,418,3.9993,208,1
78,176,32.7,83.1,418,3.9993,208,1
78,170,32.7,83.1,418,3.9993,208,1
79,171,32.7,83.2,418,3.9993,208,1
78,171,32.7,83.3,418,3.9993,208,1
79,172,32.7,83.5,418,3.9993,208,1
79,172,32.7,83.6,418,3.9993,208,1
84,172,32.7,83.8,418,3.9993,208,1
82,172,32.7,83.9,419,3.9993,207,1
79,171,32.7,84.0,419,3.9993,207,1
89,187,32.7,84.0,419,3.9993,207,1
90,187,32.7,84.1,419,3.9993,207,1
88,187,32.7,84.1,419,3.9993,207,1
78,176,32.8,84.0,419,3.9993,207,1
78,175,32.7,83.9,419,3.9993,207,1
88,178,32.7,83.8,419,3.9993,207,1
88,174,32.7,83.7,419,3.9993,207,1
90,185,32.7,83.6,419,3.9993,207,1
88,184,32.7,83.6,419,3.9993,207,1
88,186,32.8,83.5,419,3.9993,207,1
90,185,32.7,83.6,420,3.9993,206,1
89,185,32.8,83.5,420,3.9993,206,1
89,185,32.8,83.6,420,3.9993,206,1
90,173,32.8,83.6,420,3.9993,206,1
90,171,32.8,83.5,420,3.9993,206,1
90,187,32.8,83.5,420,3.9993,206,1
90,186,32.7,83.4,420,3.9993,206,1
91,187,32.8,83.4,420,3.9993,206,1
86,181,32.8,83.4,420,3.9993,206,1
86,187,32.8,83.5,420,3.9993,206,1
80,176,32.8,83.5,420,3.9993,206,1
79,174,32.8,83.6,420,3.9993,206,1
90,187,32.8,83.5,421,3.9993,205,1
90,187,32.8,83.5,421,3.9993,205,1
91,187,32.8,83.4,421,3.9993,205,1
92,187,32.8,83.4,421,3.9993,205,1
91,187,32.8,83.5,421,3.9993,205,1
91,187,32.8,83.5,421,3.9993,205,1
91,177,32.8,83.6,421,3.9993,205,1
91,173,32.8,83.7,421,3.9993,205,1
92,187,32.8,83.7,421,3.9993,205,1
92,188,32.8,83.7,421,3.9993,205,1
91,188,32.8,83.7,421,3.9993,205,1
80,180,32.8,83.8,421,3.9993,205,1
82,181,32.8,83.9,422,3.9993,204,1
80,178,32.8,84.0,422,3.9993,204,1
84,177,32.8,84.0,422,3.9993,204,1
93,189,32.8,83.9,422,3.9993,204,1
93,190,32.8,83.9,422,3.9993,204,1
90,189,32.8,83.7,422,3.9993,204,1
91,188,32.8,83.6,422,3.9993,204,1
84,186,32.8,83.5,422,3.9993,204,1
89,186,32.8,83.5,422,3.9993,204,1
92,173,32.8,83.4,422,3.9993,204,1
91,172,32.8,83.3,422,3.9993,204,1
92,184,32.8,83.2,422,3.9993,204,1
91,185,32.8,83.1,423,3.9993,203,1
91,184,32.8,83.1,423,3.9993,203,1
92,184,32.8,83.1,423,3.9993,203,1
91,183,32.8,83.2,423,3.9993,203,1
93,184,32.8,83.2,423,3.9993,203,1
91,171,32.8,83.2,423,3.9993,203,1
91,173,32.8,83.3,423,3.9993,203,1
79,171,32.8,83.4,423,3.9993,203,1
84,169,32.8,83.4,423,3.9993,203,1
93,182,32.8,83.4,423,3.9993,203,1
93,183,32.8,83.4,423,3.9993,203,1
91,184,32.8,83.4,423,3.9993,203,1
84,177,32.8,83.5,424,3.9993,202,1
81,183,32.8,83.6,424,3.9993,202,1
92,172,32.8,83.6,424,3.9993,202,1
92,171,32.8,83.7,424,3.9993,202,1
92,183,32.8,83.7,424,3.9993,202,1
93,183,32.8,83.5,424,3.9993,202,1
93,182,32.8,83.5,424,3.9993,202,1
92,183,32.8,83.5,424,3.9993,202,1
93,183,32.8,83.5,424,3.9993,202,1
93,184,32.8,83.5,424,3.9993,202,1
91,184,32.8,83.5,424,3.9993,202,1
95,185,32.8,83.5,424,3.9993,202,1
93,183,32.8,83.4,425,3.9993,201,1
81,181,32.8,83.3,425,3.9993,201,1
84,171,32.8,83.2,425,3.9993,201,1
84,171,32.8,83.3,425,3.9993,201,1
84,171,32.8,83.3,425,3.9993,201,1
93,182,32.8,83.3,425,3.9993,201,1
95,182,32.8,83.3,425,3.9993,201,1
92,182,32.8,83.3,425,3.9993,201,1
84,171,32.8,83.3,425,3.9993,201,1
81,171,32.8,83.3,425,3.9993,201,1
93,182,32.8,83.3,425,3.9993,201,1
93,183,32.8,83.4,425,3.9993,201,1
95,184,32.8,83.4,426,3.9993,200,1
94,184,32.8,83.4,426,3.9993,200,1
95,186,32.8,83.4,426,3.9993,200,1
93,185,32.8,83.4,426,3.9993,200,1
94,177,32.8,83.4,426,3.9993,200,1
94,177,32.8,83.5,426,3.9993,200,1
84,172,32.8,83.4,426,3.9993,200,1
84,173,32.8,83.3,426,3.9993,200,1
94,172,32.8,83.3,426,3.9993,200,1
94,172,32.8,83.3,426,3.9993,200,1
94,184,32.8,83.2,426,3.9993,200,1
96,184,32.8,83.2,426,3.9993,200,1
95,185,32.8,83.2,427,3.9993,199,1
94,185,32.8,83.3,427,3.9993,199,1
94,181,32.8,83.3,427,3.9993,199,1
94,172,32.8,83.3,427,3.9993,199,1
84,172,32.8,83.4,427,3.9993,199,1
87,173,32.8,83.5,427,3.9993,199,1
96,187,32.8,83.7,427,3.9993,199,1
96,187,32.8,83.8,427,3.9993,199,1
96,188,32.8,83.8,427,3.9993,199,1
86,178,32.8,83.9,427,3.9993,199,1
84,180,32.8,84.0,427,3.9993,199,1
99,192,32.8,84.2,427,3.9993,199,1
99,194,32.9,84.4,428,3.9993,198,1
98,196,32.8,84.5,428,3.9993,198,1
99,196,32.8,84.7,428,3.9993,198,1
99,197,32.8,84.7,428,3.9993,198,1
98,196,32.8,84.8,428,3.9993,198,1
98,186,32.8,84.8,428,3.9993,198,1
98,183,32.8,84.9,428,3.9993,198,1
87,184,32.8,84.8,428,3.9993,198,1
89,185,32.9,84.6,428,3.9993,198,1
100,194,32.9,84.5,428,3.9993,198,1
100,193,32.8,84.2,428,3.9993,198,1
98,190,32.9,84.1,428,3.9993,198,1
94,186,32.9,83.9,429,3.9993,197,1
98,187,32.8,83.7,429,3.9993,197,1
88,176,32.8,83.7,429,3.9993,197,1
88,176,32.9,83.6,429,3.9993,197,1
98,187,32.8,83.6,429,3.9993,197,1
99,187,32.8,83.6,429,3.9993,197,1
99,181,32.9,83.4,429,3.9993,197,1
96,186,32.8,83.3,429,3.9993,197,1
98,187,32.8,83.3,429,3.9993,197,1
99,186,32.8,83.2,429,3.9993,197,1
88,174,32.8,83.3,429,3.9993,197,1
88,173,32.9,83.4,429,3.9993,197,1
98,171,32.8,83.4,430,3.9993,196,1
99,172,32.8,83.5,430,3.9993,196,1
99,187,32.8,83.5,430,3.9993,196,1
99,186,32.8,83.5,430,3.9993,196,1
99,187,32.8,83.5,430,3.9993,196,1
100,186,32.8,83.5,430,3.9993,196,1
98,187,32.8,83.4,430,3.9993,196,1
99,186,32.9,83.3,430,3.9993,196,1
99,184,32.9,83.3,430,3.9993,196,1
100,185,32.9,83.3,430,3.9993,196,1
88,174,32.8,83.3,430,3.9993,196,1
86,172,32.9,83.3,430,3.9993,196,1
98,184,32.8,83.4,431,3.9993,195,1
98,184,32.9,83.4,431,3.9993,195,1
102,187,32.8,83.4,431,3.9993,195,1
99,187,32.9,83.4,431,3.9993,195,1
96,184,32.8,83.4,431,3.9993,195,1
98,184,32.9,83.4,431,3.9993,195,1
103,187,32.9,83.5,431,3.9993,195,1
100,187,32.9,83.5,431,3.9993,195,1
88,176,32.9,83.5,431,3.9993,195,1
90,173,32.9,83.4,431,3.9993,195,1
96,181,32.9,83.4,431,3.9993,195,1
91,175,32.9,83.4,431,3.9993,195,1
91,174,32.8,83.3,432,3.9993,194,1
100,187,32.8,83.2,432,3.9993,194,1
102,186,32.9,83.2,432,3.9993,194,1
96,181,32.9,83.3,432,3.9993,194,1
101,185,32.9,83.3,432,3.9993,194,1
100,187,32.8,83.4,432,3.9993,194,1
92,177,32.9,83.5,432,3.9993,194,1
91,173,32.9,83.5,432,3.9993,194,1
100,174,32.9,83.5,432,3.9993,194,1
100,174,32.9,83.5,432,3.9993,194,1
102,187,32.9,83.5,432,3.9993,194,1
100,187,32.9,83.4,432,3.9993,194,1
102,186,32.9,83.4,433,3.9993,193,1
103,185,32.9,83.4,433,3.9993,193,1
101,185,32.9,83.3,433,3.9993,193,1
103,184,32.9,83.3,433,3.9993,193,1
103,180,32.9,83.3,433,3.9993,193,1
102,184,32.9,83.2,433,3.9993,193,1
100,185,32.9,83.2,433,3.9993,193,1
103,184,32.9,83.3,433,3.9993,193,1
103,180,32.9,83.3,433,3.9993,193,1
100,184,32.9,83.2,433,3.9993,193,1
100,183,32.9,83.2,433,3.9993,193,1
96,183,32.9,83.2,433,3.9993,193,1
103,184,32.9,83.2,434,3.9993,192,1
100,184,32.9,83.2,434,3.9993,192,1
103,182,32.9,83.2,434,3.9993,192,1
100,183,32.9,83.2,434,3.9993,192,1
102,184,32.9,83.2,434,3.9993,192,1
103,183,32.9,83.3,434,3.9993,192,1
101,171,32.9,83.3,434,3.9993,192,1
103,171,32.9,83.3,434,3.9993,192,1
92,171,32.9,83.4,434,3.9993,192,1
92,171,32.9,83.4,434,3.9993,192,1
104,185,32.9,83.4,434,3.9993,192,1
103,181,32.9,83.4,434,3.9993,192,1
103,184,32.9,83.4,435,4.02647688,191,2
91,171,32.9,83.4,435,4.02647688,191,2
92,173,32.9,83.3,435,4.02647688,191,2
88,171,32.9,83.1,435,4.02647688,191,2
64,161,32.9,82.6,435,4.02647688,191,2
62,160,32.9,80.6,435,4.02647688,191,2
57,158,32.8,77.3,435,4.02647688,191,2
69,159,32.8,75.1,435,4.02647688,191,2
67,146,32.8,75.1,435,4.02647688,191,2
72,146,32.8,75.4,435,4.02647688,191,2
84,160,32.8,76.0,435,4.02647688,191,2
89,162,32.8,77.1,435,4.02647688,191,2
89,162,32.8,78.0,436,4.02647688,190,2
94,162,32.8,78.6,436,4.02647688,190,2
80,155,32.8,79.0,436,4.02647688,190,2
80,154,32.8,79.4,436,4.02647688,190,2
85,151,32.8,79.5,436,4.02647688,190,2
83,153,32.8,79.5,436,4.02647688,190,2
94,166,32.8,79.6,436,4.02647688,190,2
93,167,32.8,79.9,436,4.02647688,190,2
95,166,32.8,80.1,436,4.02647688,190,2
87,155,32.8,80.4,436,4.02647688,190,2
84,156,32.8,80.6,436,4.02647688,190,2
94,155,32.8,79.5,436,4.02647688,190,2
95,153,32.8,78.7,437,4.02647688,189,2
97,169,32.8,78.8,437,4.02647688,189,2
99,168,32.8,79.5,437,4.02647688,189,2
99,169,32.8,80.6,437,4.02647688,189,2
100,171,32.8,81.2,437,4.02647688,189,2
99,170,32.8,81.8,437,4.02647688,189,2
103,171,32.8,82.1,437,4.02647688,189,2
103,174,32.8,82.4,437,4.02647688,189,2
102,176,32.8,82.4,437,4.02647688,189,2
92,173,32.8,82.1,437,4.02647688,189,2
95,166,32.8,82.0,437,4.02647688,189,2
92,166,32.8,82.0,437,4.02647688,189,2
94,167,32.8,82.1,438,4.02647688,188,2
93,168,32.8,82.0,438,4.02647688,188,2
92,168,32.8,81.8,438,4.02647688,188,2
100,168,32.8,81.8,438,4.02647688,188,2
100,169,32.8,81.7,438,4.02647688,188,2
104,176,32.8,81.7,438,4.02647688,188,2
108,174,32.8,81.7,438,4.02647688,188,2
104,168,32.8,81.8,438,4.02647688,188,2
106,168,32.8,81.9,438,4.02647688,188,2
107,178,32.9,82.1,438,4.02647688,188,2
107,177,32.8,82.2,438,4.02647688,188,2
107,177,32.8,82.4,438,4.02647688,188,2
108,176,32.8,82.4,439,4.02647688,187,2
107,171,32.8,82.5,439,4.02647688,187,2
107,170,32.8,82.5,439,4.02647688,187,2
96,169,32.8,82.7,439,4.02647688,187,2
95,171,32.8,82.8,439,4.02647688,187,2
109,183,32.9,82.9,439,4.02647688,187,2
109,184,32.9,82.9,439,4.02647688,187,2
109,187,32.9,82.9,439,4.02647688,187,2
96,173,32.8,82.9,439,4.02647688,187,2
98,175,32.9,82.9,439,4.02647688,187,2
109,186,32.8,82.9,439,4.02647688,187,2
109,187,32.9,82.9,439,4.02647688,187,2
109,188,32.9,82.9,440,4.02647688,186,2
109,188,32.9,82.8,440,4.02647688,186,2
109,189,32.9,82.7,440,4.02647688,186,2
109,187,32.9,82.7,440,4.02647688,186,2
109,187,32.9,82.6,440,4.02647688,186,2
108,187,32.8,82.5,440,4.02647688,186,2
84,187,32.8,81.0,440,4.02647688,186,2
80,182,32.8,76.9,440,4.02647688,186,2
65,171,32.8,75.2,440,4.02647688,186,2
63,167,32.8,73.4,440,4.02647688,186,2
70,176,32.8,73.1,440,4.02647688,186,2
68,172,32.7,71.8,440,4.02647688,186,2
68,171,32.7,70.8,441,4.02647688,185,2
72,172,32.7,70.1,441,4.02647688,185,2
68,171,32.7,69.3,441,4.02647688,185,2
56,168,32.7,69.1,441,4.02647688,185,2
57,163,32.7,68.8,441,4.02647688,185,2
51,158,32.6,68.9,441,4.02647688,185,2
56,154,32.6,68.7,441,4.02647688,185,2
59,154,32.6,68.5,441,4.02647688,185,2
56,153,32.6,68.5,441,4.02647688,185,2
58,146,32.6,68.8,441,4.02647688,185,2
57,146,32.6,68.7,441,4.02647688,185,2
61,149,32.6,68.8,441,4.02647688,185,2
57,151,32.6,68.6,442,4.02647688,184,2
55,151,32.5,68.7,442,4.02647688,184,2
62,158,32.5,68.7,442,4.02647688,184,2
62,161,32.5,68.8,442,4.02647688,184,2
60,148,32.5,69.0,442,4.02647688,184,2
55,153,32.5,68.8,442,4.02647688,184,2
62,150,32.5,68.7,442,4.02647688,184,2
58,148,32.5,68.5,442,4.02647688,184,2
70,153,32.5,68.6,442,4.02647688,184,2
67,153,32.4,68.8,442,4.02647688,184,2
59,154,32.4,68.6,442,4.02647688,184,2
64,157,32.4,68.6,442,4.02647688,184,2
62,159,32.4,68.4,443,4.02647688,183,2
61,164,32.4,68.5,443,4.02647688,183,2
63,159,32.4,69.1,443,4.02647688,183,2
58,159,32.4,69.5,443,4.02647688,183,2
62,162,32.3,69.9,443,4.02647688,183,2
53,148,32.4,70.0,443,4.02647688,183,2
51,151,32.3,69.6,443,4.02647688,183,2
59,162,32.3,69.5,443,4.02647688,183,2
56,162,32.3,70.1,443,4.02647688,183,2
53,162,32.3,69.9,443,4.02647688,183,2
53,165,32.3,69.4,443,4.02647688,183,2
53,161,32.3,69.2,443,4.02647688,183,2
49,162,32.3,69.0,444,4.02647688,182,2
52,163,32.3,68.9,444,4.02647688,182,2
53,162,32.3,68.9,444,4.02647688,182,2
53,154,32.3,68.8,444,4.02647688,182,2
52,154,32.3,68.7,444,4.02647688,182,2
51,153,32.2,68.9,444,4.02647688,182,2
52,150,32.2,69.0,444,4.02647688,182,2
49,153,32.2,69.4,444,4.02647688,182,2
49,153,32.2,69.0,444,4.02647688,182,2
62,155,32.2,68.8,444,4.02647688,182,2
62,156,32.2,68.7,444,4.02647688,182,2
59,165,32.2,68.9,444,4.02647688,182,2
53,163,32.2,69.1,445,4.02647688,181,2
56,168,32.2,69.3,445,4.02647688,181,2
46,161,32.2,69.8,445,4.02647688,181,2
51,159,32.2,69.7,445,4.02647688,181,2
53,155,32.2,70.1,445,4.02647688,181,2
54,158,32.2,70.7,445,4.02647688,181,2
56,158,32.1,70.4,445,4.02647688,181,2
65,159,32.2,70.2,445,4.02647688,181,2
60,154,32.1,69.7,445,4.02647688,181,2
55,151,32.1,69.6,445,4.02647688,181,2
64,161,32.1,69.5,445,4.02647688,181,2
59,157,32.1,69.5,445,4.02647688,181,2
47,145,32.1,69.5,446,4.02647688,180,2
43,144,32.1,69.3,446,4.02647688,180,2
44,143,32.1,69.3,446,4.02647688,180,2
55,144,32.1,69.9,446,4.02647688,180,2
53,154,32.1,70.1,446,4.02647688,180,2
46,151,32.1,69.9,446,4.02647688,180,2
51,153,32.1,70.5,446,4.02647688,180,2
46,153,32.1,70.6,446,4.02647688,180,2
52,148,32.1,71.0,446,4.02647688,180,2
49,146,32.1,71.4,446,4.02647688,180,2
55,145,32.1,71.9,446,4.02647688,180,2
52,145,32.1,72.0,446,4.02647688,180,2
57,149,32.1,71.4,447,4.02647688,179,2
46,147,32.1,71.3,447,4.02647688,179,2
46,138,32.1,71.2,447,4.02647688,179,2
46,140,32.1,71.0,447,4.02647688,179,2
46,139,32.1,71.2,447,4.02647688,179,2
44,135,32.0,71.5,447,4.02647688,179,2
46,144,32.0,71.4,447,4.02647688,179,2
38,144,32.0,71.5,447,4.02647688,179,2
39,145,32.0,71.7,447,4.02647688,179,2
48,148,32.0,71.4,447,4.02647688,179,2
46,139,32.0,71.3,447,4.02647688,179,2
51,143,32.0,70.6,447,4.02647688,179,2
59,142,32.0,70.4,448,4.02647688,178,2
55,142,32.0,70.1,448,4.02647688,178,2
61,151,32.0,70.3,448,4.02647688,178,2
56,151,32.0,70.2,448,4.02647688,178,2
48,152,32.0,70.3,448,4.02647688,178,2
46,150,32.0,70.2,448,4.02647688,178,2
48,141,32.0,71.2,448,4.02647688,178,2
44,140,32.0,71.5,448,4.02647688,178,2
47,147,32.0,72.3,448,4.02647688,178,2
45,147,32.0,72.5,448,4.02647688,178,2
51,147,32.0,72.5,448,4.02647688,178,2
54,145,32.0,71.8,448,4.02647688,178,2
53,149,32.0,71.3,449,4.02647688,177,2
51,150,32.0,70.9,449,4.02647688,177,2
51,149,32.0,70.8,449,4.02647688,177,2
44,138,32.0,71.0,449,4.02647688,177,2
45,134,32.0,71.3,449,4.02647688,177,2
54,146,32.0,71.4,449,4.02647688,177,2
58,141,32.0,71.0,449,4.02647688,177,2
61,140,31.9,70.7,449,4.02647688,177,2
61,140,31.9,70.9,449,4.02647688,177,2
63,141,32.0,72.3,449,4.02647688,177,2
71,139,32.0,73.4,449,4.02647688,177,2
78,140,32.0,75.0,449,4.02647688,177,2
83,151,32.0,76.0,450,4.02647688,176,2
78,151,32.0,77.4,450,4.02647688,176,2
82,152,32.0,78.7,450,4.02647688,176,2
79,140,32.0,79.4,450,4.02647688,176,2
80,142,32.0,80.5,450,4.02647688,176,2
84,145,32.1,81.1,450,4.02647688,176,2
84,146,32.1,81.9,450,4.02647688,176,2
84,151,32.1,82.7,450,4.02647688,176,2
100,166,32.1,83.2,450,4.02647688,176,2
99,168,32.1,83.9,450,4.02647688,176,2
102,168,32.1,84.2,450,4.02647688,176,2
100,168,32.1,84.5,450,4.02647688,176,2
105,171,32.1,84.9,451,4.02647688,175,2
102,171,32.2,85.0,451,4.02647688,175,2
102,173,32.2,85.0,451,4.02647688,175,2
103,173,32.2,84.9,451,4.02647688,175,2
104,171,32.2,84.8,451,4.02647688,175,2
103,173,32.2,84.7,451,4.02647688,175,2
105,168,32.2,84.6,451,4.02647688,175,2
108,169,32.2,84.5,451,4.02647688,175,2
106,180,32.2,84.4,451,4.02647688,175,2
106,180,32.3,84.3,451,4.02647688,175,2
106,178,32.2,84.2,451,4.02647688,175,2
98,171,32.3,84.2,451,4.02647688,175,2
98,172,32.3,84.1,452,4.02647688,174,2
107,181,32.3,84.1,452,4.02647688,174,2
107,181,32.3,84.1,452,4.02647688,174,2
108,181,32.3,84.1,452,4.02647688,174,2
100,182,32.3,84.0,452,4.02647688,174,2
105,182,32.3,84.0,452,4.02647688,174,2
96,170,32.3,83.9,452,4.02647688,174,2
95,171,32.3,84.0,452,4.02647688,174,2
108,183,32.3,84.0,452,4.02647688,174,2
109,182,32.3,83.9,452,4.02647688,174,2
109,182,32.3,83.8,452,4.02647688,174,2
109,178,32.4,83.7,452,4.02647688,174,2
108,171,32.4,83.6,453,4.02647688,173,2
108,171,32.4,83.5,453,4.02647688,173,2
99,171,32.4,83.5,453,4.02647688,173,2
99,171,32.4,83.4,453,4.02647688,173,2
99,171,32.4,83.3,453,4.02647688,173,2
99,171,32.4,83.3,453,4.02647688,173,2
99,181,32.4,83.2,453,4.02647688,173,2
97,186,32.4,83.2,453,4.02647688,173,2
98,174,32.5,83.2,453,4.02647688,173,2
104,171,32.4,83.2,453,4.02647688,173,2
102,171,32.4,83.2,453,4.02647688,173,2
102,181,32.5,83.2,453,4.02647688,173,2
102,184,32.5,83.2,454,4.02647688,172,2
107,184,32.5,83.2,454,4.02647688,172,2
102,172,32.5,83.2,454,4.02647688,172,2
99,171,32.5,83.2,454,4.02647688,172,2
105,170,32.5,83.2,454,4.02647688,172,2
99,171,32.5,83.2,454,4.02647688,172,2
100,171,32.5,83.2,454,4.02647688,172,2
109,171,32.5,83.1,454,4.02647688,172,2
109,171,32.5,83.1,454,4.02647688,172,2
110,171,32.5,83.1,454,4.02647688,172,2
107,171,32.5,83.1,454,4.02647688,172,2
109,170,32.6,83.1,454,4.02647688,172,2
109,181,32.5,83.0,455,4.02647688,171,2
110,182,32.6,83.1,455,4.02647688,171,2
109,182,32.6,83.0,455,4.02647688,171,2
109,182,32.6,83.1,455,4.02647688,171,2
109,183,32.6,83.1,455,4.02647688,171,2
110,184,32.6,83.1,455,4.02647688,171,2
100,176,32.6,83.1,455,4.02647688,171,2
103,171,32.6,83.1,455,4.02647688,171,2
104,171,32.6,83.1,455,4.02647688,171,2
100,174,32.6,83.0,455,4.02647688,171,2
100,171,32.6,83.0,455,4.02647688,171,2
100,171,32.6,82.9,455,4.02647688,171,2
104,171,32.6,82.9,456,4.02647688,170,2
107,171,32.6,82.9,456,4.02647688,170,2
110,171,32.6,82.9,456,4.02647688,170,2
111,182,32.6,82.8,456,4.02647688,170,2
112,183,32.6,82.8,456,4.02647688,170,2
110,183,32.6,82.8,456,4.02647688,170,2
110,182,32.6,82.8,456,4.02647688,170,2
110,184,32.6,82.7,456,4.02647688,170,2
112,183,32.6,82.8,456,4.02647688,170,2
109,183,32.7,82.9,456,4.02647688,170,2
113,182,32.6,82.9,456,4.02647688,170,2
111,182,32.7,83.0,456,4.02647688,170,2
110,183,32.7,83.1,457,4.02647688,169,2
115,185,32.7,83.1,457,4.02647688,169,2
112,183,32.7,83.2,457,4.02647688,169,2
114,185,32.7,83.2,457,4.02647688,169,2
111,185,32.7,83.2,457,4.02647688,169,2
112,186,32.7,83.1,457,4.02647688,169,2
112,181,32.7,83.0,457,4.02647688,169,2
110,175,32.7,82.9,457,4.02647688,169,2
106,171,32.7,82.8,457,4.02647688,169,2
104,172,32.7,82.8,457,4.02647688,169,2
109,171,32.7,82.8,457,4.02647688,169,2
106,170,32.7,82.7,457,4.02647688,169,2
103,171,32.7,82.6,458,4.02647688,168,2
108,171,32.7,82.5,458,4.02647688,168,2
110,171,32.7,82.3,458,4.02647688,168,2
110,178,32.7,82.2,458,4.02647688,168,2
112,177,32.7,82.2,458,4.02647688,168,2
114,176,32.7,82.2,458,4.02647688,168,2
110,176,32.7,82.2,458,4.02647688,168,2
112,176,32.7,82.3,458,4.02647688,168,2
112,174,32.7,82.3,458,4.02647688,168,2
112,176,32.7,82.5,458,4.02647688,168,2
112,177,32.7,82.6,458,4.02647688,168,2
111,177,32.7,82.7,458,4.02647688,168,2
114,178,32.7,82.9,459,4.02647688,167,2
107,171,32.7,83.1,459,4.02647688,167,2
108,171,32.8,83.3,459,4.02647688,167,2
108,177,32.8,83.5,459,4.02647688,167,2
108,175,32.7,83.6,459,4.02647688,167,2
113,174,32.8,83.6,459,4.02647688,167,2
106,176,32.7,83.7,459,4.02647688,167,2
109,174,32.8,83.6,459,4.02647688,167,2
107,172,32.8,83.5,459,4.02647688,167,2
108,172,32.8,83.5,459,4.02647688,167,2
108,173,32.8,83.4,459,4.02647688,167,2
108,175,32.8,83.3,459,4.02647688,167,2
109,176,32.8,83.4,460,4.02647688,166,2
108,174,32.8,83.5,460,4.02647688,166,2
116,188,32.8,83.5,460,4.02647688,166,2
119,188,32.8,83.5,460,4.02647688,166,2
115,188,32.8,83.6,460,4.02647688,166,2
112,189,32.8,83.7,460,4.02647688,166,2
118,190,32.8,83.8,460,4.02647688,166,2
116,192,32.8,83.7,460,4.02647688,166,2
109,192,32.8,83.7,460,4.02647688,166,2
109,180,32.8,83.8,460,4.02647688,166,2
109,182,32.8,83.7,460,4.02647688,166,2
110,179,32.8,83.7,460,4.02647688,166,2
109,180,32.8,83.7,461,4.02647688,165,2
109,180,32.8,83.6,461,4.02647688,165,2
109,180,32.8,83.5,461,4.02647688,165,2
109,177,32.8,83.6,461,4.02647688,165,2
109,178,32.8,83.6,461,4.02647688,165,2
109,178,32.8,83.6,461,4.02647688,165,2
109,178,32.8,83.6,461,4.02647688,165,2
109,178,32.8,83.7,461,4.02647688,165,2
109,178,32.8,83.7,461,4.02647688,165,2
109,182,32.8,83.8,461,4.02647688,165,2
113,178,32.8,83.8,461,4.02647688,165,2
117,176,32.8,83.8,461,4.02647688,165,2
119,192,32.8,83.8,462,4.02647688,164,2
120,192,32.8,83.8,462,4.02647688,164,2
115,189,32.8,83.8,462,4.02647688,164,2
119,190,32.8,83.9,462,4.02647688,164,2
120,192,32.8,83.9,462,4.02647688,164,2
119,190,32.8,83.9,462,4.02647688,164,2
110,188,32.8,83.9,462,4.02647688,164,2
110,190,32.8,84.0,462,4.02647688,164,2
119,190,32.8,84.0,462,4.02647688,164,2
120,190,32.8,84.0,462,4.02647688,164,2
120,192,32.8,84.0,462,4.02647688,164,2
119,190,32.9,84.0,462,4.02647688,164,2
122,191,32.9,84.0,463,4.02647688,163,2
123,190,32.9,84.0,463,4.02647688,163,2
109,192,32.9,83.9,463,4.02647688,163,2
110,180,32.9,83.9,463,4.02647688,163,2
110,180,32.9,83.8,463,4.02647688,163,2
110,178,32.9,83.8,463,4.02647688,163,2
121,180,32.9,83.8,463,4.02647688,163,2
120,178,32.9,83.8,463,4.02647688,163,2
123,189,32.9,83.8,463,4.02647688,163,2
121,190,32.9,83.8,463,4.02647688,163,2
123,192,32.9,83.8,463,4.02647688,163,2
120,190,32.9,83.9,463,4.02647688,163,2
122,183,32.9,83.9,464,4.02647688,162,2
121,182,32.9,83.9,464,4.02647688,162,2
121,183,32.9,83.9,464,4.02647688,162,2
123,185,32.9,83.9,464,4.02647688,162,2
120,186,32.9,83.8,464,4.02647688,162,2
119,184,32.9,83.8,464,4.02647688,162,2
122,196,32.9,83.9,464,4.02647688,162,2
123,197,32.9,83.9,464,4.02647688,162,2
124,197,32.9,83.9,464,4.02647688,162,2
111,194,32.9,83.9,464,4.02647688,162,2
112,196,32.9,84.0,464,4.02647688,162,2
123,184,32.9,84.0,464,4.02647688,162,2
123,184,32.9,84.1,465,4.02647688,161,2
123,193,32.9,84.1,465,4.02647688,161,2
122,193,32.9,84.1,465,4.02647688,161,2
123,195,32.9,84.2,465,4.02647688,161,2
124,196,32.9,84.2,465,4.02647688,161,2
125,192,32.9,84.2,465,4.02647688,161,2
123,195,32.9,84.2,465,4.02647688,161,2
123,186,32.9,84.2,465,4.02647688,161,2
124,188,32.9,84.2,465,4.02647688,161,2
113,182,32.9,84.2,465,4.02647688,161,2
113,184,32.9,84.2,465,4.02647688,161,2
124,197,32.9,84.2,465,4.02647688,161,2
125,196,32.9,84.3,466,4.072888918,160,2
113,183,32.9,84.3,466,4.072888918,160,2
116,185,32.9,84.4,466,4.072888918,160,2
114,185,32.9,84.5,466,4.072888918,160,2
126,197,32.9,84.6,466,4.072888918,160,2
125,200,32.9,84.6,466,4.072888918,160,2
126,201,32.9,84.6,466,4.072888918,160,2
125,195,32.9,84.6,466,4.072888918,160,2
125,199,32.9,84.7,466,4.072888918,160,2
126,187,32.9,84.7,466,4.072888918,160,2
125,187,32.9,84.6,466,4.072888918,160,2
125,200,33.0,84.6,466,4.072888918,160,2
126,201,32.9,84.6,467,4.072888918,159,2
125,202,32.9,84.7,467,4.072888918,159,2
117,194,32.9,84.6,467,4.072888918,159,2
116,199,32.9,84.6,467,4.072888918,159,2
116,187,33.0,84.6,467,4.072888918,159,2
118,189,32.9,84.5,467,4.072888918,159,2
125,199,32.9,84.6,467,4.072888918,159,2
126,199,32.9,84.7,467,4.072888918,159,2
125,198,33.0,84.6,467,4.072888918,159,2
126,201,33.0,84.7,467,4.072888918,159,2
125,188,32.9,84.7,467,4.072888918,159,2
127,190,33.0,84.8,467,4.072888918,159,2
124,187,33.0,84.8,468,4.072888918,158,2
126,188,33.0,84.9,468,4.072888918,158,2
127,199,33.0,84.9,468,4.072888918,158,2
126,201,33.0,84.9,468,4.072888918,158,2
127,189,33.0,84.7,468,4.072888918,158,2
125,200,32.9,84.6,468,4.072888918,158,2
126,200,33.0,84.6,468,4.072888918,158,2
114,187,33.0,84.6,468,4.072888918,158,2
116,187,32.9,84.6,468,4.072888918,158,2
127,190,33.0,84.6,468,4.072888918,158,2
127,188,32.9,84.7,468,4.072888918,158,2
127,202,33.0,84.8,468,4.072888918,158,2
127,202,33.0,84.9,469,4.072888918,157,2
128,203,33.0,85.0,469,4.072888918,157,2
127,203,33.0,85.0,469,4.072888918,157,2
118,201,33.0,85.0,469,4.072888918,157,2
119,191,32.9,85.0,469,4.072888918,157,2
119,189,33.0,85.0,469,4.072888918,157,2
120,190,33.0,85.0,469,4.072888918,157,2
127,203,33.0,85.0,469,4.072888918,157,2
127,203,33.0,85.0,469,4.072888918,157,2
130,203,33.0,84.9,469,4.072888918,157,2
121,190,33.0,85.0,469,4.072888918,157,2
122,190,33.0,85.0,469,4.072888918,157,2
127,190,33.0,85.0,470,4.072888918,156,2
127,189,33.0,84.9,470,4.072888918,156,2
127,201,33.0,84.9,470,4.072888918,156,2
127,200,33.0,84.9,470,4.072888918,156,2
127,195,33.0,84.9,470,4.072888918,156,2
127,195,33.0,85.0,470,4.072888918,156,2
129,196,33.0,84.9,470,4.072888918,156,2
129,201,33.0,85.0,470,4.072888918,156,2
129,201,33.0,84.9,470,4.072888918,156,2
122,188,33.0,84.9,470,4.072888918,156,2
120,191,33.0,84.9,470,4.072888918,156,2
121,190,33.0,84.9,470,4.072888918,156,2
128,201,33.0,84.9,471,4.072888918,155,2
131,199,33.0,85.0,471,4.072888918,155,2
130,203,33.0,85.0,471,4.072888918,155,2
124,201,33.0,84.9,471,4.072888918,155,2
126,202,33.0,85.0,471,4.072888918,155,2
120,189,33.0,84.9,471,4.072888918,155,2
120,192,33.0,84.9,471,4.072888918,155,2
126,191,33.0,84.9,471,4.072888918,155,2
125,188,33.0,84.9,471,4.072888918,155,2
121,190,33.0,84.9,471,4.072888918,155,2
131,191,33.0,84.9,471,4.072888918,155,2
130,192,33.0,84.9,471,4.072888918,155,2
131,197,33.0,84.9,472,4.072888918,154,2
125,202,33.0,84.8,472,4.072888918,154,2
130,202,33.0,84.8,472,4.072888918,154,2
129,202,33.0,84.8,472,4.072888918,154,2
127,203,33.0,84.8,472,4.072888918,154,2
131,202,33.0,84.8,472,4.072888918,154,2
130,202,33.0,84.8,472,4.072888918,154,2
131,203,33.0,84.9,472,4.072888918,154,2
130,190,33.0,84.9,472,4.072888918,154,2
130,193,33.0,84.9,472,4.072888918,154,2
125,188,33.0,85.0,472,4.072888918,154,2
123,190,33.0,85.0,472,4.072888918,154,2
131,203,33.0,85.0,473,4.072888918,153,2
132,203,33.0,84.9,473,4.072888918,153,2
131,203,33.0,84.9,473,4.072888918,153,2
123,189,33.0,84.9,473,4.072888918,153,2
125,190,33.0,84.8,473,4.072888918,153,2
132,189,33.0,84.7,473,4.072888918,153,2
132,190,33.0,84.6,473,4.072888918,153,2
133,202,33.0,84.6,473,4.072888918,153,2
132,202,33.0,84.6,473,4.072888918,153,2
133,203,33.0,84.5,473,4.072888918,153,2
134,203,33.0,84.6,473,4.072888918,153,2
122,194,33.0,84.6,473,4.072888918,153,2
124,192,33.0,84.7,474,4.072888918,152,2
134,203,33.0,84.7,474,4.072888918,152,2
130,203,33.0,84.8,474,4.072888918,152,2
123,194,33.0,84.8,474,4.072888918,152,2
125,194,33.0,84.9,474,4.072888918,152,2
133,204,33.0,84.9,474,4.072888918,152,2
133,203,33.0,84.9,474,4.072888918,152,2
133,203,33.0,84.9,474,4.072888918,152,2
134,203,33.0,84.9,474,4.072888918,152,2
133,203,33.0,84.9,474,4.072888918,152,2
133,203,33.0,84.9,474,4.072888918,152,2
124,194,33.0,84.9,474,4.072888918,152,2
124,193,33.1,84.9,475,4.072888918,151,2
133,203,33.0,85.0,475,4.072888918,151,2
133,204,33.0,85.0,475,4.072888918,151,2
133,204,33.0,84.9,475,4.072888918,151,2
134,203,33.0,85.0,475,4.072888918,151,2
135,203,33.0,85.0,475,4.072888918,151,2
136,203,33.0,84.9,475,4.072888918,151,2
137,203,33.0,84.9,475,4.072888918,151,2
133,203,33.0,84.9,475,4.072888918,151,2
125,194,33.0,84.9,475,4.072888918,151,2
126,190,33.0,84.9,475,4.072888918,151,2
126,192,33.1,84.9,475,4.072888918,151,2
125,194,33.0,85.0,476,4.072888918,150,2
135,204,33.0,84.9,476,4.072888918,150,2
135,203,33.0,84.9,476,4.072888918,150,2
135,203,33.1,85.0,476,4.072888918,150,2
126,193,33.0,85.0,476,4.072888918,150,2
125,191,33.0,84.9,476,4.072888918,150,2
135,193,33.0,84.9,476,4.072888918,150,2
137,203,33.0,84.8,476,4.072888918,150,2
136,199,33.1,84.8,476,4.072888918,150,2
137,203,33.0,84.9,476,4.072888918,150,2
138,203,33.0,84.9,476,4.072888918,150,2
138,204,33.1,84.9,476,4.072888918,150,2
137,203,33.1,84.9,477,4.072888918,149,2
137,204,33.1,85.0,477,4.072888918,149,2
132,203,33.1,85.0,477,4.072888918,149,2
132,203,33.1,84.9,477,4.072888918,149,2
126,196,33.1,85.0,477,4.072888918,149,2
126,197,33.1,85.0,477,4.072888918,149,2
126,204,33.1,85.0,477,4.072888918,149,2
138,204,33.1,85.0,477,4.072888918,149,2
136,205,33.1,85.0,477,4.072888918,149,2
140,208,33.0,85.0,477,4.072888918,149,2
139,208,33.1,85.0,477,4.072888918,149,2
140,209,33.1,85.0,477,4.072888918,149,2
136,203,33.1,85.1,478,4.072888918,148,2
132,208,33.1,85.1,478,4.072888918,148,2
126,197,33.1,85.0,478,4.072888918,148,2
126,197,33.1,85.0,478,4.072888918,148,2
127,197,33.1,84.9,478,4.072888918,148,2
126,196,33.1,84.8,478,4.072888918,148,2
128,196,33.1,84.8,478,4.072888918,148,2
126,196,33.0,84.7,478,4.072888918,148,2
127,198,33.1,84.8,478,4.072888918,148,2
127,203,33.1,84.8,478,4.072888918,148,2
126,197,33.1,84.8,478,4.072888918,148,2
126,198,33.1,84.8,478,4.072888918,148,2
135,198,33.1,84.8,479,4.072888918,147,2
140,201,33.1,84.9,479,4.072888918,147,2
140,203,33.1,84.9,479,4.072888918,147,2
140,205,33.1,84.9,479,4.072888918,147,2
139,201,33.1,84.8,479,4.072888918,147,2
140,200,33.1,84.9,479,4.072888918,147,2
136,200,33.1,84.9,479,4.072888918,147,2
139,203,33.1,84.9,479,4.072888918,147,2
139,193,33.1,84.9,479,4.072888918,147,2
139,196,33.1,84.9,479,4.072888918,147,2
138,204,33.1,85.0,479,4.072888918,147,2
139,205,33.1,85.0,479,4.072888918,147,2
139,204,33.1,85.0,480,4.072888918,146,2
139,205,33.1,84.9,480,4.072888918,146,2
138,205,33.1,84.9,480,4.072888918,146,2
135,203,33.1,84.6,480,4.072888918,146,2
125,199,33.1,84.0,480,4.072888918,146,2
125,184,33.1,83.7,480,4.072888918,146,2
125,184,33.1,83.3,480,4.072888918,146,2
126,185,33.1,83.3,480,4.072888918,146,2
125,183,33.1,83.4,480,4.072888918,146,2
126,184,33.1,83.4,480,4.072888918,146,2
126,186,33.1,83.6,480,4.072888918,146,2
130,184,33.1,83.5,480,4.072888918,146,2
135,185,33.1,83.5,481,4.072888918,145,2
136,181,33.1,83.5,481,4.072888918,145,2
135,180,33.1,83.5,481,4.072888918,145,2
134,187,33.1,83.6,481,4.072888918,145,2
138,190,33.1,83.7,481,4.072888918,145,2
134,193,33.1,83.8,481,4.072888918,145,2
137,194,33.1,83.9,481,4.072888918,145,2
136,193,33.1,84.0,481,4.072888918,145,2
138,194,33.1,84.1,481,4.072888918,145,2
138,195,33.1,84.2,481,4.072888918,145,2
140,199,33.1,84.2,481,4.072888918,145,2
139,200,33.1,84.3,481,4.072888918,145,2
139,203,33.1,84.4,482,4.072888918,144,2
139,201,33.1,84.3,482,4.072888918,144,2
140,203,33.1,84.2,482,4.072888918,144,2
139,202,33.1,84.1,482,4.072888918,144,2
139,201,33.1,84.2,482,4.072888918,144,2
130,187,33.1,84.2,482,4.072888918,144,2
126,188,33.1,84.2,482,4.072888918,144,2
127,185,33.1,84.2,482,4.072888918,144,2
130,188,33.1,84.2,482,4.072888918,144,2
129,190,33.1,84.2,482,4.072888918,144,2
140,190,33.1,84.3,482,4.072888918,144,2
139,190,33.1,84.3,482,4.072888918,144,2
135,189,33.1,84.4,483,4.072888918,143,2
140,190,33.1,84.4,483,4.072888918,143,2
140,190,33.1,84.4,483,4.072888918,143,2
140,191,33.1,84.4,483,4.072888918,143,2
127,189,33.1,84.4,483,4.072888918,143,2
129,188,33.1,84.4,483,4.072888918,143,2
140,192,33.1,84.3,483,4.072888918,143,2
140,191,33.1,84.3,483,4.072888918,143,2
135,189,33.1,84.3,483,4.072888918,143,2
135,192,33.1,84.3,483,4.072888918,143,2
140,203,33.1,84.2,483,4.072888918,143,2
140,202,33.1,84.2,483,4.072888918,143,2
140,192,33.1,84.1,484,4.072888918,142,2
140,196,33.1,84.0,484,4.072888918,142,2
140,196,33.1,83.9,484,4.072888918,142,2
140,195,33.1,83.9,484,4.072888918,142,2
140,190,33.1,83.8,484,4.072888918,142,2
140,190,33.1,83.8,484,4.072888918,142,2
130,190,33.1,83.9,484,4.072888918,142,2
129,190,33.1,83.8,484,4.072888918,142,2
129,190,33.1,83.9,484,4.072888918,142,2
127,189,33.1,84.0,484,4.072888918,142,2
140,202,33.1,84.0,484,4.072888918,142,2
140,203,33.1,84.0,484,4.072888918,142,2
140,192,33.1,84.1,485,4.072888918,141,2
140,203,33.1,84.1,485,4.072888918,141,2
127,203,33.1,84.2,485,4.072888918,141,2
130,191,33.1,84.2,485,4.072888918,141,2
130,193,33.1,84.3,485,4.072888918,141,2
134,194,33.1,84.4,485,4.072888918,141,2
141,206,33.1,84.5,485,4.072888918,141,2
140,208,33.1,84.5,485,4.072888918,141,2
141,210,33.1,84.4,485,4.072888918,141,2
140,205,33.1,84.4,485,4.072888918,141,2
140,206,33.1,84.3,485,4.072888918,141,2
140,206,33.1,84.3,485,4.072888918,141,2
140,202,33.1,84.2,486,4.072888918,140,2
142,203,33.1,84.2,486,4.072888918,140,2
140,201,33.1,84.2,486,4.072888918,140,2
135,199,33.1,84.2,486,4.072888918,140,2
140,207,33.1,84.2,486,4.072888918,140,2
141,208,33.1,84.2,486,4.072888918,140,2
141,208,33.1,84.2,486,4.072888918,140,2
133,206,33.1,84.2,486,4.072888918,140,2
133,206,33.1,84.1,486,4.072888918,140,2
135,198,33.1,84.1,486,4.072888918,140,2
131,198,33.1,84.1,486,4.072888918,140,2
142,205,33.1,84.1,486,4.072888918,140,2
142,206,33.1,84.1,487,4.072888918,139,2
140,206,33.1,84.0,487,4.072888918,139,2
145,207,33.1,84.1,487,4.072888918,139,2
141,206,33.1,84.1,487,4.072888918,139,2
140,206,33.1,84.1,487,4.072888918,139,2
141,197,33.1,84.1,487,4.072888918,139,2
144,197,33.1,84.0,487,4.072888918,139,2
141,196,33.1,83.9,487,4.072888918,139,2
136,196,33.1,83.9,487,4.072888918,139,2
142,205,33.1,83.9,487,4.072888918,139,2
141,206,33.1,83.9,487,4.072888918,139,2
135,197,33.1,83.9,487,4.072888918,139,2
133,197,33.1,83.9,488,4.072888918,138,2
143,203,33.1,83.9,488,4.072888918,138,2
144,200,33.1,83.8,488,4.072888918,138,2
145,198,33.1,83.9,488,4.072888918,138,2
145,208,33.1,83.9,488,4.072888918,138,2
143,206,33.1,83.8,488,4.072888918,138,2
143,208,33.1,83.8,488,4.072888918,138,2
144,206,33.1,83.8,488,4.072888918,138,2
135,198,33.1,83.8,488,4.072888918,138,2
134,198,33.1,83.7,488,4.072888918,138,2
138,200,33.1,83.8,488,4.072888918,138,2
136,200,33.1,83.8,488,4.072888918,138,2
144,206,33.1,83.8,489,4.072888918,137,2
145,207,33.1,83.8,489,4.072888918,137,2
145,206,33.1,83.8,489,4.072888918,137,2
134,201,33.1,84.0,489,4.072888918,137,2
139,206,33.1,83.9,489,4.072888918,137,2
137,202,33.1,83.8,489,4.072888918,137,2
138,201,33.1,83.9,489,4.072888918,137,2
143,210,33.1,83.9,489,4.072888918,137,2
147,210,33.1,83.9,489,4.072888918,137,2
143,210,33.1,84.0,489,4.072888918,137,2
145,213,33.1,84.0,489,4.072888918,137,2
145,211,33.1,84.0,489,4.072888918,137,2
146,210,33.1,84.0,490,4.072888918,136,2
138,203,33.1,84.0,490,4.072888918,136,2
139,203,33.1,84.0,490,4.072888918,136,2
147,211,33.1,84.0,490,4.072888918,136,2
147,211,33.1,84.0,490,4.072888918,136,2
146,211,33.1,84.0,490,4.072888918,136,2
137,201,33.1,84.0,490,4.072888918,136,2
139,202,33.1,83.9,490,4.072888918,136,2
139,203,33.1,84.0,490,4.072888918,136,2
149,203,33.1,83.9,490,4.072888918,136,2
146,203,33.1,84.0,490,4.072888918,136,2
139,203,33.1,83.9,490,4.072888918,136,2
139,202,33.1,84.0,491,4.072888918,135,2
150,212,33.1,84.0,491,4.072888918,135,2
149,210,33.1,84.0,491,4.072888918,135,2
147,210,33.1,84.1,491,4.072888918,135,2
150,210,33.1,84.1,491,4.072888918,135,2
147,211,33.1,84.1,491,4.072888918,135,2
140,201,33.1,84.0,491,4.072888918,135,2
140,201,33.1,84.0,491,4.072888918,135,2
147,211,33.1,84.0,491,4.072888918,135,2
148,210,33.1,84.0,491,4.072888918,135,2
150,209,33.1,83.9,491,4.072888918,135,2
149,210,33.1,83.9,491,4.072888918,135,2
150,210,33.1,84.0,492,4.072888918,134,2
150,210,33.1,83.9,492,4.072888918,134,2
150,212,33.2,83.9,492,4.072888918,134,2
151,210,33.1,83.9,492,4.072888918,134,2
150,212,33.1,83.9,492,4.072888918,134,2
151,210,33.1,83.9,492,4.072888918,134,2
140,203,33.1,83.9,492,4.072888918,134,2
140,203,33.1,83.9,492,4.072888918,134,2
140,203,33.1,83.9,492,4.072888918,134,2
147,203,33.1,83.9,492,4.072888918,134,2
147,202,33.1,83.9,492,4.072888918,134,2
147,210,33.1,83.9,492,4.072888918,134,2
150,210,33.1,83.9,493,4.072888918,133,2
149,208,33.1,83.9,493,4.072888918,133,2
151,210,33.1,83.8,493,4.072888918,133,2
149,208,33.2,83.8,493,4.072888918,133,2
149,210,33.2,83.8,493,4.072888918,133,2
140,202,33.1,83.8,493,4.072888918,133,2
138,203,33.1,83.8,493,4.072888918,133,2
150,212,33.1,83.9,493,4.072888918,133,2
150,209,33.1,83.9,493,4.072888918,133,2
149,211,33.1,83.8,493,4.072888918,133,2
140,200,33.1,83.7,493,4.072888918,133,2
140,203,33.1,83.7,493,4.072888918,133,2
145,204,33.1,83.8,494,4.072888918,132,2
145,201,33.1,83.7,494,4.072888918,132,2
145,204,33.1,83.7,494,4.072888918,132,2
141,202,33.2,83.8,494,4.072888918,132,2
141,203,33.1,83.7,494,4.072888918,132,2
151,212,33.1,83.7,494,4.072888918,132,2
152,212,33.2,83.8,494,4.072888918,132,2
140,201,33.1,83.8,494,4.072888918,132,2
140,203,33.1,83.8,494,4.072888918,132,2
140,202,33.1,83.8,494,4.072888918,132,2
147,202,33.2,83.8,494,4.072888918,132,2
147,201,33.1,83.8,494,4.072888918,132,2
153,202,33.2,83.9,495,4.072888918,131,2
154,200,33.1,83.9,495,4.072888918,131,2
147,202,33.2,84.0,495,4.072888918,131,2
151,213,33.1,84.0,495,4.072888918,131,2
151,212,33.1,84.0,495,4.072888918,131,2
141,202,33.1,84.0,495,4.072888918,131,2
140,203,33.2,84.0,495,4.072888918,131,2
142,203,33.1,83.9,495,4.072888918,131,2
155,212,33.1,83.9,495,4.072888918,131,2
154,211,33.1,83.8,495,4.072888918,131,2
151,211,33.2,83.9,495,4.072888918,131,2
140,203,33.1,83.9,495,4.072888918,131,2
140,203,33.1,83.8,496,4.077127978,130,2
149,211,33.1,83.2,496,4.077127978,130,2
152,215,33.1,83.0,496,4.077127978,130,2
133,218,33.1,82.2,496,4.077127978,130,2
109,214,33.1,79.8,496,4.077127978,130,2
112,189,33.1,77.0,496,4.077127978,130,2
112,189,33.1,75.4,496,4.077127978,130,2
112,186,33.1,74.6,496,4.077127978,130,2
109,187,33.1,74.5,496,4.077127978,130,2
112,184,33.1,75.0,496,4.077127978,130,2
116,185,33.1,76.1,496,4.077127978,130,2
136,198,33.0,77.0,496,4.077127978,130,2
139,200,33.1,78.4,497,4.077127978,129,2
141,201,33.1,79.6,497,4.077127978,129,2
146,203,33.0,80.3,497,4.077127978,129,2
147,203,33.1,81.1,497,4.077127978,129,2
150,205,33.1,81.6,497,4.077127978,129,2
141,200,33.1,82.4,497,4.077127978,129,2
141,201,33.1,83.1,497,4.077127978,129,2
125,207,33.1,82.9,497,4.077127978,129,2
117,204,33.1,78.5,497,4.077127978,129,2
117,185,33.0,76.6,497,4.077127978,129,2
117,187,33.0,74.7,497,4.077127978,129,2
117,185,33.0,73.9,497,4.077127978,129,2
125,203,33.0,74.1,498,4.077127978,128,2
130,203,33.0,74.9,498,4.077127978,128,2
130,204,33.0,75.4,498,4.077127978,128,2
125,193,33.0,76.1,498,4.077127978,128,2
127,196,33.0,76.9,498,4.077127978,128,2
132,196,33.0,77.6,498,4.077127978,128,2
137,198,33.0,78.8,498,4.077127978,128,2
141,206,33.0,79.5,498,4.077127978,128,2
142,216,33.0,79.8,498,4.077127978,128,2
149,217,33.0,79.8,498,4.077127978,128,2
147,213,33.0,79.9,498,4.077127978,128,2
139,213,33.0,80.2,498,4.077127978,128,2
140,203,33.0,80.5,499,4.077127978,127,2
145,203,33.0,81.0,499,4.077127978,127,2
153,204,33.0,81.6,499,4.077127978,127,2
157,213,33.0,82.0,499,4.077127978,127,2
160,213,33.0,82.3,499,4.077127978,127,2
158,221,33.0,82.3,499,4.077127978,127,2
154,224,33.0,82.3,499,4.077127978,127,2
156,228,33.0,81.9,499,4.077127978,127,2
141,213,33.0,81.5,499,4.077127978,127,2
143,213,33.0,81.0,499,4.077127978,127,2
154,229,33.0,81.1,499,4.077127978,127,2
157,224,33.0,80.8,499,4.077127978,127,2
154,229,33.0,80.4,500,4.077127978,126,2
156,232,33.0,80.1,500,4.077127978,126,2
153,231,33.0,79.9,500,4.077127978,126,2
158,234,33.0,79.8,500,4.077127978,126,2
154,234,33.0,79.8,500,4.077127978,126,2
162,234,33.0,80.0,500,4.077127978,126,2
162,234,33.0,80.2,500,4.077127978,126,2
156,233,33.0,80.7,500,4.077127978,126,2
156,234,33.0,81.1,500,4.077127978,126,2
155,222,33.0,81.1,500,4.077127978,126,2
157,221,33.0,80.7,500,4.077127978,126,2
158,234,33.0,80.6,500,4.077127978,126,2
159,233,33.0,80.6,501,4.077127978,125,2
162,233,33.0,80.9,501,4.077127978,125,2
157,222,33.0,81.4,501,4.077127978,125,2
161,221,33.0,81.7,501,4.077127978,125,2
159,224,33.0,81.7,501,4.077127978,125,2
156,229,33.0,81.3,501,4.077127978,125,2
147,219,33.0,80.8,501,4.077127978,125,2
146,217,33.0,80.8,501,4.077127978,125,2
153,234,33.0,80.9,501,4.077127978,125,2
155,234,33.0,80.8,501,4.077127978,125,2
153,234,33.0,80.2,501,4.077127978,125,2
151,234,33.0,80.1,501,4.077127978,125,2
145,218,33.0,80.4,502,4.077127978,124,2
143,218,33.0,80.9,502,4.077127978,124,2
142,223,33.0,81.3,502,4.077127978,124,2
130,233,33.0,81.6,502,4.077127978,124,2
125,230,33.0,82.1,502,4.077127978,124,2
110,237,33.0,82.3,502,4.077127978,124,2
108,235,33.0,81.7,502,4.077127978,124,2
109,232,33.0,79.7,502,4.077127978,124,2
103,227,33.0,78.0,502,4.077127978,124,2
96,208,33.0,75.6,502,4.077127978,124,2
96,206,33.0,74.5,502,4.077127978,124,2
96,198,32.9,73.3,502,4.077127978,124,2
94,190,32.9,72.0,503,4.077127978,123,2
94,190,32.9,71.2,503,4.077127978,123,2
94,190,32.9,71.0,503,4.077127978,123,2
90,189,32.9,70.9,503,4.077127978,123,2
94,188,32.9,71.6,503,4.077127978,123,2
100,197,32.9,71.0,503,4.077127978,123,2
99,202,32.9,70.7,503,4.077127978,123,2
100,193,32.9,70.3,503,4.077127978,123,2
104,195,32.8,70.3,503,4.077127978,123,2
109,197,32.8,71.1,503,4.077127978,123,2
106,197,32.8,72.2,503,4.077127978,123,2
107,194,32.8,73.0,503,4.077127978,123,2
110,196,32.9,73.1,504,4.077127978,122,2
112,197,32.8,73.0,504,4.077127978,122,2
115,195,32.8,73.2,504,4.077127978,122,2
106,193,32.8,73.2,504,4.077127978,122,2
111,196,32.8,73.1,504,4.077127978,122,2
105,192,32.8,73.7,504,4.077127978,122,2
106,189,32.8,72.8,504,4.077127978,122,2
101,187,32.8,72.2,504,4.077127978,122,2
100,183,32.8,72.2,504,4.077127978,122,2
103,191,32.8,72.3,504,4.077127978,122,2
101,188,32.8,73.0,504,4.077127978,122,2
99,185,32.8,72.1,504,4.077127978,122,2
96,185,32.8,72.1,505,4.077127978,121,2
96,186,32.8,71.0,505,4.077127978,121,2
98,182,32.8,71.2,505,4.077127978,121,2
100,180,32.8,71.7,505,4.077127978,121,2
105,188,32.8,71.1,505,4.077127978,121,2
109,193,32.8,71.4,505,4.077127978,121,2
109,190,32.8,72.0,505,4.077127978,121,2
101,186,32.8,72.7,505,4.077127978,121,2
95,187,32.8,72.7,505,4.077127978,121,2
99,188,32.8,72.8,505,4.077127978,121,2
101,184,32.8,71.5,505,4.077127978,121,2
97,187,32.8,71.3,505,4.077127978,121,2
94,185,32.7,71.6,506,4.077127978,120,2
86,181,32.7,72.5,506,4.077127978,120,2
81,181,32.8,72.5,506,4.077127978,120,2
81,169,32.7,70.8,506,4.077127978,120,2
61,169,32.7,69.8,506,4.077127978,120,2
61,173,32.7,69.5,506,4.077127978,120,2
81,171,32.7,69.4,506,4.077127978,120,2
91,174,32.7,69.4,506,4.077127978,120,2
111,175,32.7,69.2,506,4.077127978,120,2
114,172,32.7,69.3,506,4.077127978,120,2
119,161,32.7,69.7,506,4.077127978,120,2
113,157,32.7,70.7,506,4.077127978,120,2
119,170,32.7,71.1,507,4.077127978,119,2
119,173,32.7,71.3,507,4.077127978,119,2
115,170,32.7,70.4,507,4.077127978,119,2
115,169,32.7,69.7,507,4.077127978,119,2
100,171,32.7,69.2,507,4.077127978,119,2
100,171,32.7,68.8,507,4.077127978,119,2
113,187,32.7,68.6,507,4.077127978,119,2
121,192,32.7,68.6,507,4.077127978,119,2
125,196,32.7,68.8,507,4.077127978,119,2
111,194,32.6,68.9,507,4.077127978,119,2
109,197,32.6,68.9,507,4.077127978,119,2
123,210,32.7,68.9,507,4.077127978,119,2
125,214,32.6,68.8,508,4.077127978,118,2
124,207,32.6,69.0,508,4.077127978,118,2
125,213,32.6,69.1,508,4.077127978,118,2
126,217,32.6,69.1,508,4.077127978,118,2
125,219,32.6,69.0,508,4.077127978,118,2
119,203,32.6,69.0,508,4.077127978,118,2
124,203,32.5,68.9,508,4.077127978,118,2
125,203,32.5,69.0,508,4.077127978,118,2
125,201,32.5,69.2,508,4.077127978,118,2
126,203,32.5,69.2,508,4.077127978,118,2
127,207,32.5,69.5,508,4.077127978,118,2
133,202,32.5,69.6,508,4.077127978,118,2
142,202,32.5,69.5,509,4.077127978,117,2
142,202,32.5,69.8,509,4.077127978,117,2
143,202,32.5,69.9,509,4.077127978,117,2
145,202,32.5,70.8,509,4.077127978,117,2
140,201,32.5,70.8,509,4.077127978,117,2
140,202,32.5,70.2,509,4.077127978,117,2
138,201,32.4,69.7,509,4.077127978,117,2
142,206,32.4,69.8,509,4.077127978,117,2
140,205,32.4,70.2,509,4.077127978,117,2
141,212,32.4,70.1,509,4.077127978,117,2
140,210,32.4,69.8,509,4.077127978,117,2
139,207,32.4,69.7,509,4.077127978,117,2
139,212,32.4,69.8,510,4.077127978,116,2
139,210,32.4,69.7,510,4.077127978,116,2
140,208,32.4,69.8,510,4.077127978,116,2
139,205,32.4,70.0,510,4.077127978,116,2
140,209,32.4,70.1,510,4.077127978,116,2
140,210,32.4,69.9,510,4.077127978,116,2
137,205,32.3,70.0,510,4.077127978,116,2
136,191,32.4,70.6,510,4.077127978,116,2
135,192,32.3,70.6,510,4.077127978,116,2
140,204,32.3,70.2,510,4.077127978,116,2
136,204,32.3,70.0,510,4.077127978,116,2
135,207,32.3,69.6,510,4.077127978,116,2
131,209,32.3,69.5,511,4.077127978,115,2
133,206,32.3,69.4,511,4.077127978,115,2
129,206,32.3,69.2,511,4.077127978,115,2
129,205,32.3,69.2,511,4.077127978,115,2
133,206,32.3,69.2,511,4.077127978,115,2
134,210,32.3,69.2,511,4.077127978,115,2
137,208,32.3,69.2,511,4.077127978,115,2
138,216,32.3,69.4,511,4.077127978,115,2
140,215,32.3,69.5,511,4.077127978,115,2
140,210,32.2,70.1,511,4.077127978,115,2
138,215,32.2,70.1,511,4.077127978,115,2
137,218,32.2,69.8,511,4.077127978,115,2
138,216,32.2,69.7,512,4.077127978,114,2
135,215,32.2,69.7,512,4.077127978,114,2
137,214,32.2,69.8,512,4.077127978,114,2
133,217,32.2,69.7,512,4.077127978,114,2
136,212,32.2,69.9,512,4.077127978,114,2
139,217,32.2,69.9,512,4.077127978,114,2
127,208,32.2,69.6,512,4.077127978,114,2
131,208,32.2,69.5,512,4.077127978,114,2
126,204,32.2,69.6,512,4.077127978,114,2
130,196,32.2,70.7,512,4.077127978,114,2
131,195,32.2,71.0,512,4.077127978,114,2
125,198,32.2,71.0,512,4.077127978,114,2
127,196,32.2,70.5,513,4.077127978,113,2
135,189,32.2,70.9,513,4.077127978,113,2
137,188,32.2,71.3,513,4.077127978,113,2
134,189,32.2,71.0,513,4.077127978,113,2
131,190,32.2,70.9,513,4.077127978,113,2
131,191,32.2,70.7,513,4.077127978,113,2
130,191,32.1,70.8,513,4.077127978,113,2
129,191,32.1,70.8,513,4.077127978,113,2
129,191,32.1,70.8,513,4.077127978,113,2
129,191,32.1,70.8,513,4.077127978,113,2
129,191,32.1,70.8,513,4.077127978,113,2
129,191,32.1,70.8,513,4.077127978,113,2
129,191,32.1,70.8,514,4.077127978,112,2
129,191,32.1,70.8,514,4.077127978,112,2
129,191,32.1,70.8,514,4.077127978,112,2
129,192,32.1,70.8,514,4.077127978,112,2
129,192,32.1,70.8,514,4.077127978,112,2
129,192,32.1,70.8,514,4.077127978,112,2
129,192,32.1,70.8,514,4.077127978,112,2
129,192,32.1,70.8,514,4.077127978,112,2
129,192,32.1,70.8,514,4.077127978,112,2
129,192,32.1,70.8,514,4.077127978,112,2
129,192,32.1,70.8,514,4.077127978,112,2
129,192,32.1,70.8,514,4.077127978,112,2
129,192,32.1,70.8,515,4.077127978,111,2
128,192,32.1,70.9,515,4.077127978,111,2
128,192,32.1,70.9,515,4.077127978,111,2
128,192,32.1,70.9,515,4.077127978,111,2
128,192,32.1,70.9,515,4.077127978,111,2
128,192,32.1,70.9,515,4.077127978,111,2
128,192,32.1,70.9,515,4.077127978,111,2
128,192,32.1,70.9,515,4.077127978,111,2
128,192,32.1,70.9,515,4.077127978,111,2
128,192,32.1,70.9,515,4.077127978,111,2
128,192,32.1,70.9,515,4.077127978,111,2
128,192,32.1,70.9,515,4.077127978,111,2
128,192,32.1,70.9,516,4.077127978,110,2
128,192,32.1,70.9,516,4.077127978,110,2
128,192,32.1,70.9,516,4.077127978,110,2
128,192,32.1,70.9,516,4.077127978,110,2
128,192,32.0,70.9,516,4.077127978,110,2
128,192,32.0,70.9,516,4.077127978,110,2
128,192,32.0,70.9,516,4.077127978,110,2
127,192,32.0,70.9,516,4.077127978,110,2
127,192,32.0,70.9,516,4.077127978,110,2
127,192,32.0,70.9,516,4.077127978,110,2
127,192,32.0,70.9,516,4.077127978,110,2
127,192,32.0,70.9,516,4.077127978,110,2
127,192,32.0,71.0,517,4.077127978,109,2
127,192,32.0,71.0,517,4.077127978,109,2
127,192,32.0,71.0,517,4.077127978,109,2
127,192,32.0,71.0,517,4.077127978,109,2
127,192,32.0,71.0,517,4.077127978,109,2
127,192,32.0,71.0,517,4.077127978,109,2
127,192,32.0,71.0,517,4.077127978,109,2
127,193,32.0,71.0,517,4.077127978,109,2
127,193,32.0,71.0,517,4.077127978,109,2
127,193,32.0,71.0,517,4.077127978,109,2
127,193,32.0,71.0,517,4.077127978,109,2
127,193,32.0,71.0,517,4.077127978,109,2
127,193,32.0,71.0,518,4.077127978,108,2
126,193,32.0,71.0,518,4.077127978,108,2
126,193,32.0,71.0,518,4.077127978,108,2
126,193,32.0,71.0,518,4.077127978,108,2
126,193,32.0,71.0,518,4.077127978,108,2
126,193,32.0,71.0,518,4.077127978,108,2
126,193,32.0,71.0,518,4.077127978,108,2
126,193,32.0,71.0,518,4.077127978,108,2
126,193,32.0,71.0,518,4.077127978,108,2
126,193,32.0,71.0,518,4.077127978,108,2
126,193,32.0,71.0,518,4.077127978,108,2
126,193,32.0,71.0,518,4.077127978,108,2
126,193,32.0,71.1,519,4.077127978,107,2
126,193,31.9,71.1,519,4.077127978,107,2
126,193,31.9,71.1,519,4.077127978,107,2
126,193,31.9,71.1,519,4.077127978,107,2
126,193,31.9,71.1,519,4.077127978,107,2
126,193,31.9,71.1,519,4.077127978,107,2
126,193,31.9,71.1,519,4.077127978,107,2
125,193,31.9,71.1,519,4.077127978,107,2
125,193,31.9,71.1,519,4.077127978,107,2
125,193,31.9,71.1,519,4.077127978,107,2
125,193,31.9,71.1,519,4.077127978,107,2
125,193,31.9,71.1,519,4.077127978,107,2
125,193,31.9,71.1,520,4.077127978,106,2
125,193,31.9,71.1,520,4.077127978,106,2
125,193,31.9,71.1,520,4.077127978,106,2
125,193,31.9,71.1,520,4.077127978,106,2
125,193,31.9,71.1,520,4.077127978,106,2
125,193,31.9,71.1,520,4.077127978,106,2
125,193,31.9,71.1,520,4.077127978,106,2
125,193,31.9,71.1,520,4.077127978,106,2
125,193,31.9,71.1,520,4.077127978,106,2
125,193,31.9,71.1,520,4.077127978,106,2
125,194,31.9,71.1,520,4.077127978,106,2
125,194,31.9,71.1,520,4.077127978,106,2
124,194,31.9,71.2,521,4.077127978,105,2
124,194,31.9,71.2,521,4.077127978,105,2
124,194,31.9,71.2,521,4.077127978,105,2
124,194,31.9,71.2,521,4.077127978,105,2
124,194,31.9,71.2,521,4.077127978,105,2
124,194,31.9,71.2,521,4.077127978,105,2
124,194,31.9,71.2,521,4.077127978,105,2
124,194,31.9,71.2,521,4.077127978,105,2
124,194,31.9,71.2,521,4.077127978,105,2
124,194,31.9,71.2,521,4.077127978,105,2
124,194,31.8,71.2,521,4.077127978,105,2
124,194,31.8,71.2,521,4.077127978,105,2
124,194,31.8,71.2,522,4.077127978,104,2
124,194,31.8,71.2,522,4.077127978,104,2
124,194,31.8,71.2,522,4.077127978,104,2
124,194,31.8,71.2,522,4.077127978,104,2
124,194,31.8,71.2,522,4.077127978,104,2
124,194,31.8,71.2,522,4.077127978,104,2
123,194,31.8,71.2,522,4.077127978,104,2
123,194,31.8,71.2,522,4.077127978,104,2
123,194,31.8,71.2,522,4.077127978,104,2
123,194,31.8,71.2,522,4.077127978,104,2
123,194,31.8,71.2,522,4.077127978,104,2
123,194,31.8,71.3,522,4.077127978,104,2
123,194,31.8,71.3,523,4.077127978,103,2
123,194,31.8,71.3,523,4.077127978,103,2
123,194,31.8,71.3,523,4.077127978,103,2
123,194,31.8,71.3,523,4.077127978,103,2
123,194,31.8,71.3,523,4.077127978,103,2
123,194,31.8,71.3,523,4.077127978,103,2
123,194,31.8,71.3,523,4.077127978,103,2
123,194,31.8,71.3,523,4.077127978,103,2
123,194,31.8,71.3,523,4.077127978,103,2
123,194,31.8,71.3,523,4.077127978,103,2
123,194,31.8,71.3,523,4.077127978,103,2
123,194,31.8,71.3,523,4.077127978,103,2
122,194,31.8,71.3,524,4.077127978,102,2
122,195,31.8,71.3,524,4.077127978,102,2
122,195,31.8,71.3,524,4.077127978,102,2
122,195,31.8,71.3,524,4.077127978,102,2
122,195,31.8,71.3,524,4.077127978,102,2
122,195,31.8,71.3,524,4.077127978,102,2
122,195,31.8,71.3,524,4.077127978,102,2
122,195,31.8,71.3,524,4.077127978,102,2
122,195,31.7,71.3,524,4.077127978,102,2
122,195,31.7,71.3,524,4.077127978,102,2
122,195,31.7,71.3,524,4.077127978,102,2
122,195,31.7,71.4,524,4.077127978,102,2
122,195,31.7,71.4,525,4.077127978,101,2
122,195,31.7,71.4,525,4.077127978,101,2
122,195,31.7,71.4,525,4.077127978,101,2
122,195,31.7,71.4,525,4.077127978,101,2
122,195,31.7,71.4,525,4.077127978,101,2
122,195,31.7,71.4,525,4.077127978,101,2
121,195,31.7,71.4,525,4.077127978,101,2
121,195,31.7,71.4,525,4.077127978,101,2
121,195,31.7,71.4,525,4.077127978,101,2
121,195,31.7,71.4,525,4.077127978,101,2
121,195,31.7,71.4,525,4.077127978,101,2
121,195,31.7,71.4,525,4.077127978,101,2
121,195,31.7,71.4,526,4.101063657,100,2
121,195,31.7,71.4,526,4.101063657,100,2
121,195,31.7,71.4,526,4.101063657,100,2
121,195,31.7,71.4,526,4.101063657,100,2
121,195,31.7,71.4,526,4.101063657,100,2
121,195,31.7,71.4,526,4.101063657,100,2
121,195,31.7,71.4,526,4.101063657,100,2
121,195,31.7,71.4,526,4.101063657,100,2
121,195,31.7,71.4,526,4.101063657,100,2
121,195,31.7,71.4,526,4.101063657,100,2
121,195,31.7,71.5,526,4.101063657,100,2
121,195,31.7,71.5,526,4.101063657,100,2
120,195,31.7,71.5,527,4.101063657,99,2
120,195,31.7,71.5,527,4.101063657,99,2
120,195,31.7,71.5,527,4.101063657,99,2
120,195,31.7,71.5,527,4.101063657,99,2
120,195,31.7,71.5,527,4.101063657,99,2
120,196,31.6,71.5,527,4.101063657,99,2
120,196,31.6,71.5,527,4.101063657,99,2
120,196,31.6,71.5,527,4.101063657,99,2
120,196,31.6,71.5,527,4.101063657,99,2
120,196,31.6,71.5,527,4.101063657,99,2
120,196,31.6,71.5,527,4.101063657,99,2
120,196,31.6,71.5,527,4.101063657,99,2
120,196,31.6,71.5,528,4.101063657,98,2
120,196,31.6,71.5,528,4.101063657,98,2
120,196,31.6,71.5,528,4.101063657,98,2
120,196,31.6,71.5,528,4.101063657,98,2
120,196,31.6,71.5,528,4.101063657,98,2
120,196,31.6,71.5,528,4.101063657,98,2
119,196,31.6,71.5,528,4.101063657,98,2
119,196,31.6,71.5,528,4.101063657,98,2
119,196,31.6,71.5,528,4.101063657,98,2
119,196,31.6,71.5,528,4.101063657,98,2
119,196,31.6,71.6,528,4.101063657,98,2
119,196,31.6,71.6,528,4.101063657,98,2
119,196,31.6,71.6,529,4.101063657,97,2
119,196,31.6,71.6,529,4.101063657,97,2
119,196,31.6,71.6,529,4.101063657,97,2
119,196,31.6,71.6,529,4.101063657,97,2
119,196,31.6,71.6,529,4.101063657,97,2
119,196,31.6,71.6,529,4.101063657,97,2
119,196,31.6,71.6,529,4.101063657,97,2
119,196,31.6,71.6,529,4.101063657,97,2
119,196,31.6,71.6,529,4.101063657,97,2
119,196,31.6,71.6,529,4.101063657,97,2
119,196,31.6,71.6,529,4.101063657,97,2
118,196,31.6,71.6,529,4.101063657,97,2
118,196,31.6,71.6,530,4.101063657,96,2
118,196,31.6,71.6,530,4.101063657,96,2
118,196,31.6,71.6,530,4.101063657,96,2
118,196,31.5,71.6,530,4.101063657,96,2
118,196,31.5,71.6,530,4.101063657,96,2
118,196,31.5,71.6,530,4.101063657,96,2
118,196,31.5,71.6,530,4.101063657,96,2
118,196,31.5,71.6,530,4.101063657,96,2
118,197,31.5,71.6,530,4.101063657,96,2
118,197,31.5,71.6,530,4.101063657,96,2
118,197,31.5,71.7,530,4.101063657,96,2
118,197,31.5,71.7,530,4.101063657,96,2
118,197,31.5,71.7,531,4.101063657,95,2
118,197,31.5,71.7,531,4.101063657,95,2
118,197,31.5,71.7,531,4.101063657,95,2
118,197,31.5,71.7,531,4.101063657,95,2
118,197,31.5,71.7,531,4.101063657,95,2
117,197,31.5,71.7,531,4.101063657,95,2
117,197,31.5,71.7,531,4.101063657,95,2
117,197,31.5,71.7,531,4.101063657,95,2
117,197,31.5,71.7,531,4.101063657,95,2
117,197,31.5,71.7,531,4.101063657,95,2
117,197,31.5,71.7,531,4.101063657,95,2
117,197,31.5,71.7,531,4.101063657,95,2
117,197,31.5,71.7,532,4.101063657,94,2
117,197,31.5,71.7,532,4.101063657,94,2
117,197,31.5,71.7,532,4.101063657,94,2
117,197,31.5,71.7,532,4.101063657,94,2
117,197,31.5,71.7,532,4.101063657,94,2
117,197,31.5,71.7,532,4.101063657,94,2
117,197,31.5,71.7,532,4.101063657,94,2
117,197,31.5,71.7,532,4.101063657,94,2
117,197,31.5,71.7,532,4.101063657,94,2
117,197,31.5,71.8,532,4.101063657,94,2
117,197,31.5,71.8,532,4.101063657,94,2
116,197,31.5,71.8,532,4.101063657,94,2
116,197,31.4,71.8,533,4.101063657,93,2
116,197,31.4,71.8,533,4.101063657,93,2
116,197,31.4,71.8,533,4.101063657,93,2
116,197,31.4,71.8,533,4.101063657,93,2
116,197,31.4,71.8,533,4.101063657,93,2
116,197,31.4,71.8,533,4.101063657,93,2
116,197,31.4,71.8,533,4.101063657,93,2
116,197,31.4,71.8,533,4.101063657,93,2
116,197,31.4,71.8,533,4.101063657,93,2
116,197,31.4,71.8,533,4.101063657,93,2
116,197,31.4,71.8,533,4.101063657,93,2
116,197,31.4,71.8,533,4.101063657,93,2
116,198,31.4,71.8,534,4.101063657,92,2
116,198,31.4,71.8,534,4.101063657,92,2
116,198,31.4,71.8,534,4.101063657,92,2
116,198,31.4,71.8,534,4.101063657,92,2
116,198,31.4,71.8,534,4.101063657,92,2
115,198,31.4,71.8,534,4.101063657,92,2
115,198,31.4,71.8,534,4.101063657,92,2
115,198,31.4,71.8,534,4.101063657,92,2
115,198,31.4,71.8,534,4.101063657,92,2
115,198,31.4,71.9,534,4.101063657,92,2
115,198,31.4,71.9,534,4.101063657,92,2
115,198,31.4,71.9,534,4.101063657,92,2
115,198,31.4,71.9,535,4.101063657,91,2
115,198,31.4,71.9,535,4.101063657,91,2
115,198,31.4,71.9,535,4.101063657,91,2
115,198,31.4,71.9,535,4.101063657,91,2
115,198,31.4,71.9,535,4.101063657,91,2
115,198,31.4,71.9,535,4.101063657,91,2
115,198,31.4,71.9,535,4.101063657,91,2
115,198,31.4,71.9,535,4.101063657,91,2
115,198,31.4,71.9,535,4.101063657,91,2
115,198,31.4,71.9,535,4.101063657,91,2
115,198,31.3,71.9,535,4.101063657,91,2
114,198,31.3,71.9,535,4.101063657,91,2
114,198,31.3,71.9,536,4.101063657,90,2
114,198,31.3,71.9,536,4.101063657,90,2
114,198,31.3,71.9,536,4.101063657,90,2
114,198,31.3,71.9,536,4.101063657,90,2
114,198,31.3,71.9,536,4.101063657,90,2
114,198,31.3,71.9,536,4.101063657,90,2
114,198,31.3,71.9,536,4.101063657,90,2
114,198,31.3,71.9,536,4.101063657,90,2
114,198,31.3,72.0,536,4.101063657,90,2
114,198,31.3,72.0,536,4.101063657,90,2
114,198,31.3,72.0,536,4.101063657,90,2
114,198,31.3,72.0,536,4.101063657,90,2
114,198,31.3,72.0,537,4.101063657,89,2
114,198,31.3,72.0,537,4.101063657,89,2
114,198,31.3,72.0,537,4.101063657,89,2
114,199,31.3,72.0,537,4.101063657,89,2
113,199,31.3,72.0,537,4.101063657,89,2
113,199,31.3,72.0,537,4.101063657,89,2
113,199,31.3,72.0,537,4.101063657,89,2
113,199,31.3,72.0,537,4.101063657,89,2
113,199,31.3,72.0,537,4.101063657,89,2
113,199,31.3,72.0,537,4.101063657,89,2
113,199,31.3,72.0,537,4.101063657,89,2
113,199,31.3,72.0,537,4.101063657,89,2
113,199,31.3,72.0,538,4.101063657,88,2
113,199,31.3,72.0,538,4.101063657,88,2
113,199,31.3,72.0,538,4.101063657,88,2
113,199,31.3,72.0,538,4.101063657,88,2
113,199,31.3,72.0,538,4.101063657,88,2
113,199,31.3,72.0,538,4.101063657,88,2
113,199,31.3,72.0,538,4.101063657,88,2
113,199,31.2,72.0,538,4.101063657,88,2
113,199,31.2,72.1,538,4.101063657,88,2
113,199,31.2,72.1,538,4.101063657,88,2
112,199,31.2,72.1,538,4.101063657,88,2
112,199,31.2,72.1,538,4.101063657,88,2
112,199,31.2,72.1,539,4.101063657,87,2
112,199,31.2,72.1,539,4.101063657,87,2
112,199,31.2,72.1,539,4.101063657,87,2
112,199,31.2,72.1,539,4.101063657,87,2
112,199,31.2,72.1,539,4.101063657,87,2
112,199,31.2,72.1,539,4.101063657,87,2
112,199,31.2,72.1,539,4.101063657,87,2
112,199,31.2,72.1,539,4.101063657,87,2
112,199,31.2,72.1,539,4.101063657,87,2
112,199,31.2,72.1,539,4.101063657,87,2
112,199,31.2,72.1,539,4.101063657,87,2
112,199,31.2,72.1,539,4.101063657,87,2
112,199,31.2,72.1,540,4.101063657,86,2
112,199,31.2,72.1,540,4.101063657,86,2
112,199,31.2,72.1,540,4.101063657,86,2
112,199,31.2,72.1,540,4.101063657,86,2
111,199,31.2,72.1,540,4.101063657,86,2
111,199,31.2,72.1,540,4.101063657,86,2
111,200,31.2,72.1,540,4.101063657,86,2
111,200,31.2,72.1,540,4.101063657,86,2
111,200,31.2,72.2,540,4.101063657,86,2
111,200,31.2,72.2,540,4.101063657,86,2
111,200,31.2,72.2,540,4.101063657,86,2
111,200,31.2,72.2,540,4.101063657,86,2
111,200,31.2,72.2,541,4.101063657,85,2
111,200,31.2,72.2,541,4.101063657,85,2
111,200,31.2,72.2,541,4.101063657,85,2
111,200,31.2,72.2,541,4.101063657,85,2
111,200,31.1,72.2,541,4.101063657,85,2
111,200,31.1,72.2,541,4.101063657,85,2
111,200,31.1,72.2,541,4.101063657,85,2
111,200,31.1,72.2,541,4.101063657,85,2
111,200,31.1,72.2,541,4.101063657,85,2
111,200,31.1,72.2,541,4.101063657,85,2
110,200,31.1,72.2,541,4.101063657,85,2
110,200,31.1,72.2,541,4.101063657,85,2
110,200,31.1,72.2,542,4.101063657,84,2
110,200,31.1,72.2,542,4.101063657,84,2
110,200,31.1,72.2,542,4.101063657,84,2
110,200,31.1,72.2,542,4.101063657,84,2
110,200,31.1,72.2,542,4.101063657,84,2
110,200,31.1,72.2,542,4.101063657,84,2
110,200,31.1,72.2,542,4.101063657,84,2
110,200,31.1,72.3,542,4.101063657,84,2
110,200,31.1,72.3,542,4.101063657,84,2
110,200,31.1,72.3,542,4.101063657,84,2
110,200,31.1,72.3,542,4.101063657,84,2
110,200,31.1,72.3,542,4.101063657,84,2
110,200,31.1,72.3,543,4.101063657,83,2
110,200,31.1,72.3,543,4.101063657,83,2
110,200,31.1,72.3,543,4.101063657,83,2
110,200,31.1,72.3,543,4.101063657,83,2
109,200,31.1,72.3,543,4.101063657,83,2
109,200,31.1,72.3,543,4.101063657,83,2
109,200,31.1,72.3,543,4.101063657,83,2
109,200,31.1,72.3,543,4.101063657,83,2
109,200,31.1,72.3,543,4.101063657,83,2
109,200,31.1,72.3,543,4.101063657,83,2
109,201,31.1,72.3,543,4.101063657,83,2
109,201,31.1,72.3,543,4.101063657,83,2
109,201,31.1,72.3,544,4.101063657,82,2
109,201,31.1,72.3,544,4.101063657,82,2
109,201,31.0,72.3,544,4.101063657,82,2
109,201,31.0,72.3,544,4.101063657,82,2
109,201,31.0,72.3,544,4.101063657,82,2
109,201,31.0,72.3,544,4.101063657,82,2
109,201,31.0,72.3,544,4.101063657,82,2
109,201,31.0,72.4,544,4.101063657,82,2
109,201,31.0,72.4,544,4.101063657,82,2
109,201,31.0,72.4,544,4.101063657,82,2
108,201,31.0,72.4,544,4.101063657,82,2
108,201,31.0,72.4,544,4.101063657,82,2
108,201,31.0,72.4,545,4.101063657,81,2
108,201,31.0,72.4,545,4.101063657,81,2
108,201,31.0,72.4,545,4.101063657,81,2
108,201,31.0,72.4,545,4.101063657,81,2
108,201,31.0,72.4,545,4.101063657,81,2
108,201,31.0,72.4,545,4.101063657,81,2
108,201,31.0,72.4,545,4.101063657,81,2
76,206,31.0,71.7,545,4.101063657,81,2
69,205,31.0,70.6,545,4.101063657,81,2
64,196,31.0,70.2,545,4.101063657,81,2
63,201,31.0,69.8,545,4.101063657,81,2
70,201,31.0,69.7,545,4.101063657,81,2
67,202,31.0,69.6,546,4.101063657,80,2
78,201,31.0,69.4,546,4.101063657,80,2
82,200,31.0,69.3,546,4.101063657,80,2
78,202,31.0,69.5,546,4.101063657,80,2
79,198,31.0,69.9,546,4.101063657,80,2
80,185,31.0,70.1,546,4.101063657,80,2
78,187,31.0,70.2,546,4.101063657,80,2
79,181,31.0,70.1,546,4.101063657,80,2
81,177,31.0,70.1,546,4.101063657,80,2
92,178,31.0,70.6,546,4.101063657,80,2
93,176,31.0,71.1,546,4.101063657,80,2
91,176,31.0,72.1,546,4.101063657,80,2
90,173,31.1,72.6,547,4.101063657,79,2
94,173,31.1,73.0,547,4.101063657,79,2
98,173,31.1,73.3,547,4.101063657,79,2
97,172,31.1,73.7,547,4.101063657,79,2
98,173,31.1,74.0,547,4.101063657,79,2
98,171,31.1,74.0,547,4.101063657,79,2
97,172,31.1,74.2,547,4.101063657,79,2
100,171,31.1,74.4,547,4.101063657,79,2
100,168,31.2,74.6,547,4.101063657,79,2
99,166,31.1,74.9,547,4.101063657,79,2
95,163,31.2,75.0,547,4.101063657,79,2
92,165,31.2,75.2,547,4.101063657,79,2
93,163,31.2,75.4,548,4.101063657,78,2
89,166,31.2,75.5,548,4.101063657,78,2
91,161,31.2,75.2,548,4.101063657,78,2
94,159,31.2,74.7,548,4.101063657,78,2
93,158,31.2,74.1,548,4.101063657,78,2
91,169,31.2,73.7,548,4.101063657,78,2
93,166,31.2,73.4,548,4.101063657,78,2
93,160,31.2,73.3,548,4.101063657,78,2
97,161,31.2,73.4,548,4.101063657,78,2
94,158,31.2,73.6,548,4.101063657,78,2
95,158,31.2,73.7,548,4.101063657,78,2
96,163,31.3,73.9,548,4.101063657,78,2
96,167,31.3,74.0,549,4.101063657,77,2
96,168,31.3,74.4,549,4.101063657,77,2
95,169,31.3,75.0,549,4.101063657,77,2
96,168,31.3,75.4,549,4.101063657,77,2
95,168,31.3,75.7,549,4.101063657,77,2
96,182,31.3,75.6,549,4.101063657,77,2
95,179,31.3,74.7,549,4.101063657,77,2
95,172,31.3,73.6,549,4.101063657,77,2
90,173,31.3,73.2,549,4.101063657,77,2
93,168,31.3,72.7,549,4.101063657,77,2
92,166,31.3,72.6,549,4.101063657,77,2
93,168,31.3,72.6,549,4.101063657,77,2
88,163,31.3,72.5,550,4.101063657,76,2
84,163,31.3,72.1,550,4.101063657,76,2
78,162,31.3,71.8,550,4.101063657,76,2
82,162,31.3,72.2,550,4.101063657,76,2
97,162,31.3,72.4,550,4.101063657,76,2
96,161,31.3,73.0,550,4.101063657,76,2
92,159,31.4,73.3,550,4.101063657,76,2
76,149,31.4,73.5,550,4.101063657,76,2
74,151,31.4,73.0,550,4.101063657,76,2
76,162,31.4,72.2,550,4.101063657,76,2
84,158,31.4,71.6,550,4.101063657,76,2
88,156,31.4,71.5,550,4.101063657,76,2
77,154,31.4,71.7,551,4.101063657,75,2
79,154,31.4,71.4,551,4.101063657,75,2
81,155,31.4,71.1,551,4.101063657,75,2
79,153,31.4,71.0,551,4.101063657,75,2
78,152,31.4,70.8,551,4.101063657,75,2
79,146,31.4,70.6,551,4.101063657,75,2
74,150,31.4,70.4,551,4.101063657,75,2
73,140,31.4,70.1,551,4.101063657,75,2
72,137,31.4,69.8,551,4.101063657,75,2
67,143,31.4,69.5,551,4.101063657,75,2
69,140,31.4,68.8,551,4.101063657,75,2
66,140,31.4,68.2,551,4.101063657,75,2
70,139,31.4,67.9,552,4.101063657,74,2
66,137,31.4,67.9,552,4.101063657,74,2
76,140,31.4,68.2,552,4.101063657,74,2
73,141,31.4,68.7,552,4.101063657,74,2
71,145,31.4,68.7,552,4.101063657,74,2
71,136,31.5,68.8,552,4.101063657,74,2
78,140,31.5,69.1,552,4.101063657,74,2
75,141,31.5,69.4,552,4.101063657,74,2
61,141,31.5,69.4,552,4.101063657,74,2
63,141,31.5,69.1,552,4.101063657,74,2
61,135,31.5,68.7,552,4.101063657,74,2
63,134,31.5,68.5,552,4.101063657,74,2
72,141,31.5,68.4,553,4.101063657,73,2
74,143,31.5,68.4,553,4.101063657,73,2
69,140,31.5,68.5,553,4.101063657,73,2
70,140,31.5,68.8,553,4.101063657,73,2
70,140,31.5,69.1,553,4.101063657,73,2
69,140,31.5,69.1,553,4.101063657,73,2
72,138,31.5,69.0,553,4.101063657,73,2
62,140,31.5,68.9,553,4.101063657,73,2
62,140,31.5,68.5,553,4.101063657,73,2
60,135,31.5,68.1,553,4.101063657,73,2
66,134,31.5,67.5,553,4.101063657,73,2
66,140,31.5,67.2,553,4.101063657,73,2
63,140,31.5,67.3,554,4.101063657,72,2
68,140,31.5,67.6,554,4.101063657,72,2
69,143,31.6,67.8,554,4.101063657,72,2
68,142,31.6,68.0,554,4.101063657,72,2
68,142,31.5,68.2,554,4.101063657,72,2
68,142,31.5,68.1,554,4.101063657,72,2
69,140,31.6,68.1,554,4.101063657,72,2
67,143,31.6,68.0,554,4.101063657,72,2
69,141,31.6,67.9,554,4.101063657,72,2
78,141,31.6,68.0,554,4.101063657,72,2
80,141,31.6,68.4,554,4.101063657,72,2
84,140,31.6,69.2,554,4.101063657,72,2
87,142,31.6,69.8,555,4.101063657,71,2
84,145,31.6,70.7,555,4.101063657,71,2
84,140,31.6,71.2,555,4.101063657,71,2
86,134,31.6,71.4,555,4.101063657,71,2
89,138,31.6,71.7,555,4.101063657,71,2
93,150,31.6,72.0,555,4.101063657,71,2
98,146,31.6,72.4,555,4.101063657,71,2
93,142,31.6,73.0,555,4.101063657,71,2
107,156,31.6,73.5,555,4.101063657,71,2
107,151,31.6,74.2,555,4.101063657,71,2
109,158,31.6,74.6,555,4.101063657,71,2
100,161,31.7,74.9,555,4.101063657,71,2
98,171,31.7,75.1,556,4.102233136,70,2
97,171,31.7,75.2,556,4.102233136,70,2
90,171,31.7,75.1,556,4.102233136,70,2
86,165,31.7,74.6,556,4.102233136,70,2
81,161,31.7,73.5,556,4.102233136,70,2
72,153,31.7,72.8,556,4.102233136,70,2
76,152,31.7,71.9,556,4.102233136,70,2
75,152,31.7,70.8,556,4.102233136,70,2
75,147,31.7,70.4,556,4.102233136,70,2
80,155,31.6,70.1,556,4.102233136,70,2
77,158,31.6,70.0,556,4.102233136,70,2
78,156,31.7,69.6,556,4.102233136,70,2
78,151,31.7,69.5,557,4.102233136,69,2
77,154,31.7,69.3,557,4.102233136,69,2
78,154,31.6,69.0,557,4.102233136,69,2
76,152,31.7,69.1,557,4.102233136,69,2
72,149,31.7,68.9,557,4.102233136,69,2
72,153,31.7,68.4,557,4.102233136,69,2
75,148,31.7,68.2,557,4.102233136,69,2
66,140,31.7,68.1,557,4.102233136,69,2
71,140,31.7,68.3,557,4.102233136,69,2
70,143,31.7,68.6,557,4.102233136,69,2
65,140,31.7,68.6,557,4.102233136,69,2
69,138,31.7,68.7,557,4.102233136,69,2
67,143,31.7,68.8,558,4.102233136,68,2
62,147,31.7,68.9,558,4.102233136,68,2
72,150,31.7,68.4,558,4.102233136,68,2
76,147,31.7,68.1,558,4.102233136,68,2
69,150,31.7,68.0,558,4.102233136,68,2
72,147,31.7,67.8,558,4.102233136,68,2
72,146,31.7,67.8,558,4.102233136,68,2
70,147,31.7,67.7,558,4.102233136,68,2
69,146,31.7,67.7,558,4.102233136,68,2
70,141,31.7,67.8,558,4.102233136,68,2
69,143,31.7,67.9,558,4.102233136,68,2
69,142,31.7,67.8,558,4.102233136,68,2
60,140,31.7,67.6,559,4.102233136,67,2
62,137,31.7,67.4,559,4.102233136,67,2
64,138,31.7,67.4,559,4.102233136,67,2
76,144,31.7,67.6,559,4.102233136,67,2
76,144,31.7,68.1,559,4.102233136,67,2
80,144,31.7,68.4,559,4.102233136,67,2
78,147,31.7,68.8,559,4.102233136,67,2
78,136,31.7,69.6,559,4.102233136,67,2
77,139,31.8,69.9,559,4.102233136,67,2
82,146,31.8,70.1,559,4.102233136,67,2
78,145,31.8,70.2,559,4.102233136,67,2
78,145,31.8,70.0,559,4.102233136,67,2
79,147,31.7,69.8,560,4.102233136,66,2
76,146,31.8,69.7,560,4.102233136,66,2
79,140,31.8,69.3,560,4.102233136,66,2
80,145,31.8,69.1,560,4.102233136,66,2
79,143,31.8,69.2,560,4.102233136,66,2
81,143,31.8,69.2,560,4.102233136,66,2
76,138,31.8,69.2,560,4.102233136,66,2
76,143,31.8,69.4,560,4.102233136,66,2
72,138,31.8,69.4,560,4.102233136,66,2
71,143,31.8,69.3,560,4.102233136,66,2
75,146,31.8,68.8,560,4.102233136,66,2
77,143,31.8,68.7,560,4.102233136,66,2
74,136,31.8,68.6,561,4.102233136,65,2
75,140,31.8,68.4,561,4.102233136,65,2
71,143,31.8,68.0,561,4.102233136,65,2
72,147,31.8,67.6,561,4.102233136,65,2
76,145,31.8,67.6,561,4.102233136,65,2
76,145,31.8,67.8,561,4.102233136,65,2
77,146,31.8,67.9,561,4.102233136,65,2
76,146,31.8,67.9,561,4.102233136,65,2
74,143,31.8,67.8,561,4.102233136,65,2
56,141,31.8,67.5,561,4.102233136,65,2
61,140,31.8,67.0,561,4.102233136,65,2
63,136,31.8,67.0,561,4.102233136,65,2
75,145,31.8,67.0,562,4.102233136,64,2
76,143,31.8,67.3,562,4.102233136,64,2
62,135,31.8,67.5,562,4.102233136,64,2
63,138,31.8,67.7,562,4.102233136,64,2
74,144,31.8,67.7,562,4.102233136,64,2
75,139,31.8,67.5,562,4.102233136,64,2
74,140,31.8,68.0,562,4.102233136,64,2
77,139,31.8,68.5,562,4.102233136,64,2
79,142,31.8,68.8,562,4.102233136,64,2
76,142,31.8,68.9,562,4.102233136,64,2
78,144,31.8,69.0,562,4.102233136,64,2
76,143,31.8,68.8,562,4.102233136,64,2
78,147,31.8,68.7,563,4.102233136,63,2
64,134,31.8,68.6,563,4.102233136,63,2
68,135,31.8,68.5,563,4.102233136,63,2
75,145,31.8,68.3,563,4.102233136,63,2
78,143,31.8,68.4,563,4.102233136,63,2
66,147,31.8,68.3,563,4.102233136,63,2
65,142,31.8,68.2,563,4.102233136,63,2
74,142,31.8,68.1,563,4.102233136,63,2
76,143,31.8,68.0,563,4.102233136,63,2
75,143,31.8,68.3,563,4.102233136,63,2
73,140,31.8,68.3,563,4.102233136,63,2
76,140,31.8,68.2,563,4.102233136,63,2
78,143,31.8,68.1,564,4.102233136,62,2
73,143,31.8,67.7,564,4.102233136,62,2
73,148,31.8,67.4,564,4.102233136,62,2
73,152,31.8,67.3,564,4.102233136,62,2
68,152,31.8,67.4,564,4.102233136,62,2
72,157,31.8,67.4,564,4.102233136,62,2
73,155,31.8,67.1,564,4.102233136,62,2
69,152,31.8,66.8,564,4.102233136,62,2
64,145,31.8,66.6,564,4.102233136,62,2
71,142,31.8,66.6,564,4.102233136,62,2
73,140,31.8,66.6,564,4.102233136,62,2
75,153,31.8,66.6,564,4.102233136,62,2
78,153,31.8,66.7,565,4.102233136,61,2
76,153,31.8,66.8,565,4.102233136,61,2
76,153,31.8,66.9,565,4.102233136,61,2
77,156,31.8,66.7,565,4.102233136,61,2
81,156,31.8,66.7,565,4.102233136,61,2
78,154,31.8,67.0,565,4.102233136,61,2
79,155,31.8,67.1,565,4.102233136,61,2
81,154,31.8,67.2,565,4.102233136,61,2
84,152,31.8,67.5,565,4.102233136,61,2
87,152,31.8,68.1,565,4.102233136,61,2
84,151,31.8,68.5,565,4.102233136,61,2
79,154,31.8,68.7,565,4.102233136,61,2
79,152,31.9,68.6,566,4.102233136,60,2
78,152,31.9,68.4,566,4.102233136,60,2
78,150,31.8,68.0,566,4.102233136,60,2
77,150,31.9,67.9,566,4.102233136,60,2
79,149,31.9,68.0,566,4.102233136,60,2
78,150,31.8,68.0,566,4.102233136,60,2
77,150,31.8,68.0,566,4.102233136,60,2
77,147,31.9,67.7,566,4.102233136,60,2
78,149,31.9,67.6,566,4.102233136,60,2
87,150,31.9,67.6,566,4.102233136,60,2
83,150,31.9,67.9,566,4.102233136,60,2
78,150,31.9,68.3,566,4.102233136,60,2
80,151,31.9,68.2,567,4.102233136,59,2
79,153,31.9,68.1,567,4.102233136,59,2
80,153,31.9,67.8,567,4.102233136,59,2
80,151,31.8,67.7,567,4.102233136,59,2
78,151,31.9,67.6,567,4.102233136,59,2
80,151,31.9,67.6,567,4.102233136,59,2
87,149,31.9,67.8,567,4.102233136,59,2
89,153,31.9,68.3,567,4.102233136,59,2
89,150,31.9,68.8,567,4.102233136,59,2
91,151,31.9,69.5,567,4.102233136,59,2
92,152,31.9,70.0,567,4.102233136,59,2
93,151,31.9,70.4,567,4.102233136,59,2
94,154,31.9,70.6,568,4.102233136,58,2
90,157,31.9,70.6,568,4.102233136,58,2
93,157,31.9,70.3,568,4.102233136,58,2
93,155,31.9,70.1,568,4.102233136,58,2
84,156,31.9,70.1,568,4.102233136,58,2
84,155,31.9,69.6,568,4.102233136,58,2
83,156,31.9,69.3,568,4.102233136,58,2
88,156,31.9,68.8,568,4.102233136,58,2
87,156,31.9,68.6,568,4.102233136,58,2
90,156,31.9,68.5,568,4.102233136,58,2
88,154,31.9,68.8,568,4.102233136,58,2
89,154,31.9,69.0,568,4.102233136,58,2
80,142,31.9,69.0,569,4.102233136,57,2
80,141,31.9,68.7,569,4.102233136,57,2
79,148,31.9,68.4,569,4.102233136,57,2
77,142,31.9,68.2,569,4.102233136,57,2
79,140,31.9,68.0,569,4.102233136,57,2
78,142,31.9,67.8,569,4.102233136,57,2
67,142,31.9,67.7,569,4.102233136,57,2
67,142,31.9,67.6,569,4.102233136,57,2
78,142,31.9,67.5,569,4.102233136,57,2
78,146,31.9,67.5,569,4.102233136,57,2
79,150,31.9,67.5,569,4.102233136,57,2
81,154,31.9,67.6,569,4.102233136,57,2
79,151,31.9,67.7,570,4.102233136,56,2
78,152,31.9,67.6,570,4.102233136,56,2
78,152,31.9,67.5,570,4.102233136,56,2
75,157,31.9,67.1,570,4.102233136,56,2
78,154,31.9,67.1,570,4.102233136,56,2
78,154,31.9,67.2,570,4.102233136,56,2
78,144,31.9,67.3,570,4.102233136,56,2
78,141,31.9,67.2,570,4.102233136,56,2
83,154,31.9,67.7,570,4.102233136,56,2
80,154,31.9,67.9,570,4.102233136,56,2
78,151,31.9,68.0,570,4.102233136,56,2
79,155,31.9,68.0,570,4.102233136,56,2
80,153,31.9,68.2,571,4.102233136,55,2
81,153,31.9,68.4,571,4.102233136,55,2
84,149,31.9,68.5,571,4.102233136,55,2
84,154,31.9,68.7,571,4.102233136,55,2
79,153,31.9,68.8,571,4.102233136,55,2
81,151,31.9,69.1,571,4.102233136,55,2
82,150,31.9,68.8,571,4.102233136,55,2
83,154,31.9,68.6,571,4.102233136,55,2
83,154,31.9,68.5,571,4.102233136,55,2
78,150,31.9,68.3,571,4.102233136,55,2
79,151,31.9,68.3,571,4.102233136,55,2
78,151,31.9,67.9,571,4.102233136,55,2
78,152,31.9,67.6,572,4.102233136,54,2
78,149,31.9,67.3,572,4.102233136,54,2
76,151,31.9,67.2,572,4.102233136,54,2
74,153,31.9,67.1,572,4.102233136,54,2
80,154,31.9,66.9,572,4.102233136,54,2
84,153,31.9,67.1,572,4.102233136,54,2
82,153,31.9,67.7,572,4.102233136,54,2
84,152,31.9,68.1,572,4.102233136,54,2
84,153,31.9,68.5,572,4.102233136,54,2
89,153,31.9,68.7,572,4.102233136,54,2
87,154,31.9,68.8,572,4.102233136,54,2
86,152,32.0,69.2,572,4.102233136,54,2
87,153,31.9,69.1,573,4.102233136,53,2
87,154,31.9,68.9,573,4.102233136,53,2
95,155,31.9,68.9,573,4.102233136,53,2
91,153,31.9,69.4,573,4.102233136,53,2
79,151,31.9,69.7,573,4.102233136,53,2
80,152,31.9,69.6,573,4.102233136,53,2
89,153,31.9,69.6,573,4.102233136,53,2
88,154,31.9,69.6,573,4.102233136,53,2
82,140,31.9,69.5,573,4.102233136,53,2
78,140,31.9,69.5,573,4.102233136,53,2
85,152,32.0,69.4,573,4.102233136,53,2
83,151,32.0,69.2,573,4.102233136,53,2
87,153,32.0,69.0,574,4.102233136,52,2
88,152,32.0,68.8,574,4.102233136,52,2
81,152,32.0,69.0,574,4.102233136,52,2
81,155,31.9,69.1,574,4.102233136,52,2
79,155,32.0,68.9,574,4.102233136,52,2
76,156,32.0,68.6,574,4.102233136,52,2
72,145,31.9,68.0,574,4.102233136,52,2
77,148,32.0,67.8,574,4.102233136,52,2
69,144,31.9,67.5,574,4.102233136,52,2
73,144,31.9,67.5,574,4.102233136,52,2
75,142,32.0,67.6,574,4.102233136,52,2
83,151,31.9,67.9,574,4.102233136,52,2
84,150,31.9,68.0,575,4.102233136,51,2
82,150,31.9,68.3,575,4.102233136,51,2
83,152,31.9,68.5,575,4.102233136,51,2
91,153,32.0,68.6,575,4.102233136,51,2
88,142,32.0,69.1,575,4.102233136,51,2
85,145,32.0,69.5,575,4.102233136,51,2
80,141,32.0,70.1,575,4.102233136,51,2
77,141,32.0,70.1,575,4.102233136,51,2
88,156,32.0,69.9,575,4.102233136,51,2
86,154,32.0,69.4,575,4.102233136,51,2
84,156,32.0,69.1,575,4.102233136,51,2
79,156,32.0,68.7,575,4.102233136,51,2
81,153,31.9,68.1,576,4.102233136,50,2
78,153,32.0,67.9,576,4.102233136,50,2
62,156,32.0,67.7,576,4.102233136,50,2
67,143,32.0,67.5,576,4.102233136,50,2
67,141,32.0,67.2,576,4.102233136,50,2
79,142,32.0,66.9,576,4.102233136,50,2
80,154,31.9,67.1,576,4.102233136,50,2
81,152,32.0,67.2,576,4.102233136,50,2
80,152,32.0,67.3,576,4.102233136,50,2
78,146,32.0,67.4,576,4.102233136,50,2
77,146,32.0,67.7,576,4.102233136,50,2
77,141,32.0,67.9,576,4.102233136,50,2
78,141,32.0,68.0,577,4.102233136,49,2
81,152,32.0,68.1,577,4.102233136,49,2
84,154,32.0,68.1,577,4.102233136,49,2
81,151,32.0,68.3,577,4.102233136,49,2
77,142,32.0,68.2,577,4.102233136,49,2
78,141,32.0,68.5,577,4.102233136,49,2
83,142,32.0,68.4,577,4.102233136,49,2
79,142,32.0,68.3,577,4.102233136,49,2
78,140,32.0,68.1,577,4.102233136,49,2
81,140,32.0,68.0,577,4.102233136,49,2
78,140,32.0,67.8,577,4.102233136,49,2
92,152,32.0,67.9,577,4.102233136,49,2
95,153,32.0,68.4,578,4.102233136,48,2
98,153,32.0,69.2,578,4.102233136,48,2
92,155,32.0,69.5,578,4.102233136,48,2
92,155,32.0,69.6,578,4.102233136,48,2
99,154,32.0,69.8,578,4.102233136,48,2
99,155,32.0,70.1,578,4.102233136,48,2
95,157,32.0,70.4,578,4.102233136,48,2
92,154,32.0,70.3,578,4.102233136,48,2
93,154,32.0,69.9,578,4.102233136,48,2
85,152,32.0,69.5,578,4.102233136,48,2
87,153,32.0,69.0,578,4.102233136,48,2
93,154,32.0,68.9,578,4.102233136,48,2
96,152,32.0,69.1,579,4.102233136,47,2
91,154,32.0,69.5,579,4.102233136,47,2
103,157,32.0,69.9,579,4.102233136,47,2
98,156,32.0,70.4,579,4.102233136,47,2
92,155,32.0,70.6,579,4.102233136,47,2
93,155,32.0,70.5,579,4.102233136,47,2
87,156,32.0,70.3,579,4.102233136,47,2
83,146,32.0,69.8,579,4.102233136,47,2
83,144,32.0,69.0,579,4.102233136,47,2
79,157,32.0,68.4,579,4.102233136,47,2
74,152,32.0,68.1,579,4.102233136,47,2
75,143,32.0,67.8,579,4.102233136,47,2
77,143,32.0,67.7,580,4.102233136,46,2
73,143,32.0,67.5,580,4.102233136,46,2
78,142,32.0,67.4,580,4.102233136,46,2
93,153,32.0,68.0,580,4.102233136,46,2
94,153,32.0,68.4,580,4.102233136,46,2
92,149,32.0,69.2,580,4.102233136,46,2
93,152,32.0,69.6,580,4.102233136,46,2
92,152,32.0,70.1,580,4.102233136,46,2
93,160,32.0,70.6,580,4.102233136,46,2
91,159,32.0,70.4,580,4.102233136,46,2
97,150,32.0,70.1,580,4.102233136,46,2
97,147,32.0,70.1,580,4.102233136,46,2
96,147,32.0,70.7,581,4.102233136,45,2
98,152,32.0,71.1,581,4.102233136,45,2
99,153,32.0,71.5,581,4.102233136,45,2
96,151,32.0,71.6,581,4.102233136,45,2
93,154,32.0,71.4,581,4.102233136,45,2
92,153,32.0,70.7,581,4.102233136,45,2
91,154,32.0,70.2,581,4.102233136,45,2
89,154,32.0,69.6,581,4.102233136,45,2
85,153,32.0,69.6,581,4.102233136,45,2
95,158,32.0,69.9,581,4.102233136,45,2
92,159,32.0,69.9,581,4.102233136,45,2
78,145,32.0,69.6,581,4.102233136,45,2
78,145,32.0,69.2,582,4.102233136,44,2
88,151,32.0,68.9,582,4.102233136,44,2
83,140,32.0,68.6,582,4.102233136,44,2
81,142,32.0,68.2,582,4.102233136,44,2
84,156,32.0,68.0,582,4.102233136,44,2
80,156,32.0,67.8,582,4.102233136,44,2
82,155,32.0,67.7,582,4.102233136,44,2
79,154,32.0,67.6,582,4.102233136,44,2
87,155,32.0,67.8,582,4.102233136,44,2
86,154,32.0,67.8,582,4.102233136,44,2
78,152,32.0,67.9,582,4.102233136,44,2
78,140,32.0,67.9,582,4.102233136,44,2
77,141,32.0,68.1,583,4.102233136,43,2
78,143,32.0,68.1,583,4.102233136,43,2
73,142,32.0,68.0,583,4.102233136,43,2
78,141,32.0,67.9,583,4.102233136,43,2
78,142,32.0,68.2,583,4.102233136,43,2
78,144,32.0,68.2,583,4.102233136,43,2
75,142,32.0,68.1,583,4.102233136,43,2
80,142,32.0,67.8,583,4.102233136,43,2
83,142,32.0,67.6,583,4.102233136,43,2
87,142,32.0,67.7,583,4.102233136,43,2
85,143,32.0,67.9,583,4.102233136,43,2
88,143,32.0,68.2,583,4.102233136,43,2
87,142,32.0,68.3,584,4.102233136,42,2
89,141,32.0,68.7,584,4.102233136,42,2
98,147,32.0,69.4,584,4.102233136,42,2
93,143,32.0,69.9,584,4.102233136,42,2
88,143,32.0,70.2,584,4.102233136,42,2
100,155,32.0,70.3,584,4.102233136,42,2
99,153,32.0,70.4,584,4.102233136,42,2
100,155,32.0,70.5,584,4.102233136,42,2
96,158,32.0,70.4,584,4.102233136,42,2
99,154,32.0,69.6,584,4.102233136,42,2
100,165,32.0,68.8,584,4.102233136,42,2
100,163,32.0,68.4,584,4.102233136,42,2
104,161,32.0,68.8,585,4.257484899,41,2
108,166,32.0,69.2,585,4.257484899,41,2
111,163,32.0,70.0,585,4.257484899,41,2
116,166,32.0,70.8,585,4.257484899,41,2
110,166,32.0,72.2,585,4.257484899,41,2
111,173,32.1,73.6,585,4.257484899,41,2
118,169,32.1,74.4,585,4.257484899,41,2
120,171,32.1,75.5,585,4.257484899,41,2
137,171,32.1,76.0,585,4.257484899,41,2
137,188,32.1,76.6,585,4.257484899,41,2
125,193,32.1,77.1,585,4.257484899,41,2
129,190,32.1,77.4,585,4.257484899,41,2
131,192,32.1,77.7,586,4.257484899,40,2
140,204,32.1,77.7,586,4.257484899,40,2
140,204,32.1,78.0,586,4.257484899,40,2
140,199,32.1,78.3,586,4.257484899,40,2
142,209,32.1,78.5,586,4.257484899,40,2
145,213,32.1,78.9,586,4.257484899,40,2
149,217,32.1,79.2,586,4.257484899,40,2
140,209,32.1,79.4,586,4.257484899,40,2
140,211,32.1,79.4,586,4.257484899,40,2
147,227,32.1,79.3,586,4.257484899,40,2
151,230,32.1,79.1,586,4.257484899,40,2
152,229,32.1,79.2,586,4.257484899,40,2
141,224,32.1,79.4,587,4.257484899,39,2
141,223,32.1,79.5,587,4.257484899,39,2
151,218,32.1,79.6,587,4.257484899,39,2
152,230,32.1,79.8,587,4.257484899,39,2
154,234,32.1,79.9,587,4.257484899,39,2
155,234,32.1,80.1,587,4.257484899,39,2
153,237,32.2,80.2,587,4.257484899,39,2
154,239,32.1,80.3,587,4.257484899,39,2
154,234,32.1,80.4,587,4.257484899,39,2
154,234,32.1,80.5,587,4.257484899,39,2
143,234,32.1,80.4,587,4.257484899,39,2
142,234,32.1,80.2,587,4.257484899,39,2
146,245,32.2,80.2,588,4.257484899,38,2
146,245,32.1,80.3,588,4.257484899,38,2
143,234,32.2,80.4,588,4.257484899,38,2
147,234,32.2,80.3,588,4.257484899,38,2
143,234,32.2,80.2,588,4.257484899,38,2
158,245,32.1,80.2,588,4.257484899,38,2
158,241,32.1,80.3,588,4.257484899,38,2
159,244,32.2,80.4,588,4.257484899,38,2
155,243,32.2,80.6,588,4.257484899,38,2
158,245,32.2,80.8,588,4.257484899,38,2
151,234,32.2,80.8,588,4.257484899,38,2
150,235,32.2,80.9,588,4.257484899,38,2
159,248,32.2,80.9,589,4.257484899,37,2
159,250,32.1,80.8,589,4.257484899,37,2
161,250,32.2,80.8,589,4.257484899,37,2
160,250,32.2,80.8,589,4.257484899,37,2
159,251,32.2,80.8,589,4.257484899,37,2
159,252,32.2,80.8,589,4.257484899,37,2
150,240,32.2,80.8,589,4.257484899,37,2
150,238,32.2,80.9,589,4.257484899,37,2
159,239,32.2,80.9,589,4.257484899,37,2
159,240,32.2,81.0,589,4.257484899,37,2
161,245,32.2,81.0,589,4.257484899,37,2
157,245,32.2,81.0,589,4.257484899,37,2
162,250,32.2,81.1,590,4.257484899,36,2
163,251,32.2,81.3,590,4.257484899,36,2
165,251,32.2,81.4,590,4.257484899,36,2
166,252,32.2,81.4,590,4.257484899,36,2
164,254,32.2,81.5,590,4.257484899,36,2
164,251,32.2,81.5,590,4.257484899,36,2
165,243,32.2,81.4,590,4.257484899,36,2
167,243,32.2,81.4,590,4.257484899,36,2
167,253,32.2,81.4,590,4.257484899,36,2
166,255,32.2,81.5,590,4.257484899,36,2
167,261,32.2,81.7,590,4.257484899,36,2
167,260,32.2,81.6,590,4.257484899,36,2
168,260,32.2,81.4,591,4.330731,35,2
165,257,32.2,81.5,591,4.330731,35,2
166,250,32.2,81.6,591,4.330731,35,2
166,247,32.2,81.7,591,4.330731,35,2
156,251,32.2,82.0,591,4.330731,35,2
158,256,32.2,82.1,591,4.330731,35,2
167,252,32.2,82.0,591,4.330731,35,2
168,255,32.2,82.0,591,4.330731,35,2
168,265,32.2,82.0,591,4.330731,35,2
169,267,32.2,81.9,591,4.330731,35,2
168,268,32.2,81.6,591,4.330731,35,2
169,267,32.2,81.4,591,4.330731,35,2
168,265,32.2,81.3,592,4.330731,34,2
168,265,32.2,81.3,592,4.330731,34,2
168,265,32.2,81.4,592,4.330731,34,2
167,265,32.2,81.6,592,4.330731,34,2
170,265,32.2,81.8,592,4.330731,34,2
168,257,32.2,82.1,592,4.330731,34,2
170,257,32.2,82.2,592,4.330731,34,2
169,257,32.2,81.9,592,4.330731,34,2
168,255,32.2,81.7,592,4.330731,34,2
169,255,32.2,81.6,592,4.330731,34,2
168,252,32.3,81.7,592,4.330731,34,2
168,265,32.2,81.7,592,4.330731,34,2
170,266,32.2,81.7,593,4.330731,33,2
169,267,32.2,81.6,593,4.330731,33,2
156,258,32.2,81.5,593,4.330731,33,2
158,259,32.2,81.2,593,4.330731,33,2
169,259,32.2,81.2,593,4.330731,33,2
169,255,32.2,81.1,593,4.330731,33,2
168,265,32.2,81.1,593,4.330731,33,2
170,265,32.3,81.3,593,4.330731,33,2
169,265,32.3,81.7,593,4.330731,33,2
158,258,32.2,81.8,593,4.330731,33,2
162,255,32.2,81.9,593,4.330731,33,2
160,266,32.3,81.8,593,4.330731,33,2
158,263,32.2,81.4,594,4.330731,32,2
155,260,32.2,80.8,594,4.330731,32,2
147,253,32.2,80.1,594,4.330731,32,2
124,236,32.2,78.2,594,4.330731,32,2
119,214,32.2,77.0,594,4.330731,32,2
120,210,32.2,75.4,594,4.330731,32,2
125,212,32.2,74.2,594,4.330731,32,2
125,207,32.2,73.5,594,4.330731,32,2
126,192,32.2,73.1,594,4.330731,32,2
120,188,32.2,73.0,594,4.330731,32,2
122,201,32.2,72.9,594,4.330731,32,2
116,197,32.2,73.2,594,4.330731,32,2
115,203,32.2,72.9,595,4.330731,31,2
126,203,32.2,72.6,595,4.330731,31,2
124,196,32.2,72.3,595,4.330731,31,2
118,194,32.2,71.6,595,4.330731,31,2
119,189,32.2,71.1,595,4.330731,31,2
124,188,32.2,71.0,595,4.330731,31,2
109,176,32.2,71.2,595,4.330731,31,2
107,172,32.2,71.2,595,4.330731,31,2
110,172,32.2,71.3,595,4.330731,31,2
108,171,32.2,71.1,595,4.330731,31,2
112,181,32.2,71.1,595,4.330731,31,2
116,181,32.2,71.1,595,4.330731,31,2
124,172,32.2,71.3,596,4.580198,30,2
126,183,32.2,71.5,596,4.580198,30,2
125,180,32.2,72.0,596,4.580198,30,2
115,171,32.2,72.1,596,4.580198,30,2
119,171,32.2,72.2,596,4.580198,30,2
123,173,32.2,72.4,596,4.580198,30,2
128,175,32.2,72.6,596,4.580198,30,2
128,178,32.2,72.6,596,4.580198,30,2
127,179,32.2,72.4,596,4.580198,30,2
127,184,32.2,72.1,596,4.580198,30,2
125,184,32.2,72.3,596,4.580198,30,2
128,187,32.2,72.4,596,4.580198,30,2
121,186,32.2,72.6,597,4.580198,29,2
122,186,32.2,72.7,597,4.580198,29,2
122,183,32.2,72.4,597,4.580198,29,2
117,180,32.2,71.9,597,4.580198,29,2
109,172,32.2,71.6,597,4.580198,29,2
112,174,32.2,71.4,597,4.580198,29,2
112,179,32.2,71.2,597,4.580198,29,2
110,176,32.2,70.9,597,4.580198,29,2
112,173,32.2,70.6,597,4.580198,29,2
118,171,32.2,70.3,597,4.580198,29,2
114,170,32.2,70.6,597,4.580198,29,2
118,176,32.2,71.1,597,4.580198,29,2
115,171,32.2,71.7,598,4.580198,28,2
116,176,32.2,71.7,598,4.580198,28,2
116,177,32.2,71.4,598,4.580198,28,2
114,175,32.2,70.9,598,4.580198,28,2
115,174,32.2,70.5,598,4.580198,28,2
125,177,32.2,70.5,598,4.580198,28,2
126,180,32.2,71.0,598,4.580198,28,2
119,179,32.2,71.7,598,4.580198,28,2
115,181,32.2,71.9,598,4.580198,28,2
108,169,32.2,71.7,598,4.580198,28,2
109,169,32.2,71.4,598,4.580198,28,2
109,171,32.2,71.3,598,4.580198,28,2
109,163,32.2,71.4,599,4.580198,27,2
109,162,32.2,71.2,599,4.580198,27,2
108,167,32.2,70.5,599,4.580198,27,2
112,169,32.2,70.5,599,4.580198,27,2
122,168,32.2,70.9,599,4.580198,27,2
120,169,32.2,71.5,599,4.580198,27,2
125,174,32.2,71.8,599,4.580198,27,2
116,166,32.2,72.2,599,4.580198,27,2
117,168,32.2,72.1,599,4.580198,27,2
119,166,32.2,72.0,599,4.580198,27,2
108,165,32.2,71.7,599,4.580198,27,2
109,163,32.2,71.5,599,4.580198,27,2
114,162,32.2,71.3,600,4.580198,26,2
118,167,32.2,71.6,600,4.580198,26,2
121,167,32.2,71.9,600,4.580198,26,2
124,169,32.2,72.3,600,4.580198,26,2
124,178,32.2,72.5,600,4.580198,26,2
122,179,32.2,72.4,600,4.580198,26,2
122,178,32.2,72.2,600,4.580198,26,2
125,176,32.2,71.9,600,4.580198,26,2
125,178,32.2,71.9,600,4.580198,26,2
125,177,32.2,71.8,600,4.580198,26,2
133,180,32.2,71.6,600,4.580198,26,2
136,177,32.2,71.6,600,4.580198,26,2
135,178,32.2,71.9,601,4.580198,25,2
134,178,32.2,72.9,601,4.645192,25,2
125,178,32.2,73.5,601,4.645192,25,2
116,180,32.2,73.3,601,4.645192,25,2
116,167,32.2,72.8,601,4.645192,25,2
109,168,32.2,72.5,601,4.645192,25,2
109,162,32.2,72.2,601,4.645192,25,2
109,161,32.2,71.8,601,4.645192,25,2
108,162,32.2,71.4,601,4.645192,25,2
108,159,32.2,71.2,601,4.645192,25,2
104,159,32.2,70.8,601,4.645192,25,2
106,159,32.2,70.5,601,4.645192,25,2
111,156,32.2,70.4,602,4.645192,24,2
114,159,32.2,70.9,602,4.645192,24,2
119,159,32.2,71.3,602,4.645192,24,2
114,162,32.2,71.5,602,4.645192,24,2
126,169,32.2,71.7,602,4.645192,24,2
121,168,32.2,71.9,602,4.645192,24,2
122,168,32.2,71.9,602,4.645192,24,2
123,169,32.2,71.7,602,4.645192,24,2
116,165,32.2,72.0,602,4.645192,24,2
120,165,32.2,71.9,602,4.645192,24,2
107,164,32.2,71.5,602,4.645192,24,2
112,167,32.2,71.2,602,4.645192,24,2
109,162,32.2,70.7,603,4.645192,23,2
109,164,32.2,70.3,603,4.645192,23,2
122,166,32.2,70.2,603,4.645192,23,2
125,168,32.2,70.4,603,4.645192,23,2
126,171,32.2,70.7,603,4.645192,23,2
126,171,32.2,70.9,603,4.645192,23,2
121,165,32.2,71.2,603,4.645192,23,2
121,162,32.2,71.4,603,4.645192,23,2
118,163,32.2,71.6,603,4.645192,23,2
120,171,32.2,71.9,603,4.645192,23,2
115,171,32.2,72.0,603,4.645192,23,2
115,163,32.2,71.6,603,4.645192,23,2
114,162,32.2,71.1,604,4.645192,22,2
110,160,32.2,70.6,604,4.645192,22,2
110,161,32.2,70.7,604,4.645192,22,2
125,159,32.2,70.7,604,4.645192,22,2
129,158,32.2,71.1,604,4.645192,22,2
127,166,32.2,71.7,604,4.645192,22,2
124,165,32.2,72.3,604,4.645192,22,2
110,170,32.2,72.1,604,4.645192,22,2
109,169,32.2,71.6,604,4.645192,22,2
111,167,32.2,70.7,604,4.645192,22,2
110,164,32.2,70.4,604,4.645192,22,2
109,165,32.2,70.2,604,4.645192,22,2
110,165,32.2,70.2,605,4.645192,21,2
107,151,32.2,70.2,605,4.645192,21,2
109,153,32.2,70.4,605,4.645192,21,2
126,163,32.2,70.5,605,4.645192,21,2
125,166,32.2,71.0,605,4.645192,21,2
127,167,32.2,71.7,605,4.645192,21,2
129,168,32.2,72.4,605,4.645192,21,2
131,170,32.2,72.7,605,4.645192,21,2
135,171,32.2,72.8,605,4.645192,21,2
127,163,32.2,73.1,605,4.645192,21,2
128,166,32.2,73.4,605,4.645192,21,2
126,168,32.2,73.8,605,4.645192,21,2
122,168,32.2,73.9,606,4.779082,20,2
127,175,32.2,73.8,606,4.779082,20,2
133,175,32.2,73.6,606,4.779082,20,2
128,174,32.2,73.7,606,4.779082,20,2
115,174,32.2,73.7,606,4.779082,20,2
118,171,32.2,73.2,606,4.779082,20,2
127,171,32.2,73.1,606,4.779082,20,2
124,173,32.2,73.2,606,4.779082,20,2
120,173,32.2,73.3,606,4.779082,20,2
117,172,32.2,73.6,606,4.779082,20,2
117,168,32.2,73.5,606,4.779082,20,2
110,170,32.2,73.1,606,4.779082,20,2
108,168,32.2,72.5,607,4.779082,19,2
106,167,32.2,72.0,607,4.779082,19,2
106,166,32.2,71.4,607,4.779082,19,2
116,167,32.2,71.1,607,4.779082,19,2
117,167,32.2,70.8,607,4.779082,19,2
116,165,32.2,70.8,607,4.779082,19,2
108,163,32.2,70.7,607,4.779082,19,2
102,162,32.2,70.2,607,4.779082,19,2
107,151,32.2,70.1,607,4.779082,19,2
108,147,32.2,69.9,607,4.779082,19,2
106,147,32.2,70.0,607,4.779082,19,2
114,160,32.2,70.1,607,4.779082,19,2
111,158,32.2,70.3,608,4.779082,18,2
111,159,32.2,70.3,608,4.779082,18,2
104,146,32.2,70.3,608,4.779082,18,2
109,147,32.2,70.3,608,4.779082,18,2
112,153,32.2,70.2,608,4.779082,18,2
112,155,32.2,70.3,608,4.779082,18,2
110,156,32.2,70.3,608,4.779082,18,2
110,154,32.2,70.2,608,4.779082,18,2
109,151,32.2,70.0,608,4.779082,18,2
109,155,32.2,69.9,608,4.779082,18,2
107,155,32.2,69.4,608,4.779082,18,2
108,155,32.2,69.1,608,4.779082,18,2
109,152,32.2,69.1,609,4.779082,17,2
99,152,32.2,69.2,609,4.779082,17,2
96,152,32.2,68.9,609,4.779082,17,2
92,150,32.2,68.5,609,4.779082,17,2
101,153,32.2,68.2,609,4.779082,17,2
100,143,32.2,68.2,609,4.779082,17,2
102,142,32.2,68.3,609,4.779082,17,2
105,141,32.2,68.7,609,4.779082,17,2
94,141,32.2,68.9,609,4.779082,17,2
98,151,32.2,68.8,609,4.779082,17,2
99,152,32.2,68.1,609,4.779082,17,2
98,149,32.2,67.8,609,4.779082,17,2
94,139,32.2,67.5,610,4.779082,16,2
99,141,32.2,68.0,610,4.779082,16,2
99,151,32.2,68.4,610,4.779082,16,2
104,146,32.2,69.0,610,4.779082,16,2
109,152,32.2,69.6,610,4.779082,16,2
109,155,32.2,70.1,610,4.779082,16,2
109,156,32.2,70.4,610,4.779082,16,2
109,146,32.2,70.7,610,4.779082,16,2
108,145,32.2,70.9,610,4.779082,16,2
107,145,32.2,70.9,610,4.779082,16,2
105,141,32.2,70.7,610,4.779082,16,2
106,142,32.2,70.6,610,4.779082,16,2
106,145,32.2,70.4,611,4.921032,15,2
107,145,32.2,69.8,611,4.921032,15,2
103,142,32.2,69.7,611,4.921032,15,2
104,144,32.2,69.6,611,4.921032,15,2
109,141,32.2,69.6,611,4.921032,15,2
122,151,32.2,69.9,611,4.921032,15,2
126,155,32.2,70.8,611,4.921032,15,2
127,160,32.2,71.3,611,4.921032,15,2
125,161,32.2,71.8,611,4.921032,15,2
122,162,32.2,71.9,611,4.921032,15,2
127,166,32.2,71.9,611,4.921032,15,2
134,167,32.2,71.9,611,4.921032,15,2
137,171,32.2,71.9,612,4.921032,14,2
125,171,32.2,72.1,612,4.921032,14,2
120,167,32.3,72.2,612,4.921032,14,2
116,163,32.2,72.3,612,4.921032,14,2
113,160,32.2,72.3,612,4.921032,14,2
111,159,32.2,72.2,612,4.921032,14,2
111,160,32.2,71.7,612,4.921032,14,2
111,160,32.2,71.5,612,4.921032,14,2
109,155,32.2,71.2,612,4.921032,14,2
106,153,32.2,70.8,612,4.921032,14,2
109,151,32.2,70.4,612,4.921032,14,2
106,149,32.2,70.0,612,4.921032,14,2
125,161,32.2,70.1,613,4.921032,13,2
125,159,32.2,70.7,613,4.921032,13,2
111,149,32.3,71.1,613,4.921032,13,2
109,152,32.2,70.8,613,4.921032,13,2
111,151,32.2,69.9,613,4.921032,13,2
111,163,32.2,69.3,613,4.921032,13,2
110,159,32.2,69.3,613,4.921032,13,2
109,160,32.2,69.5,613,4.921032,13,2
104,159,32.2,69.8,613,4.921032,13,2
109,159,32.2,70.0,613,4.921032,13,2
110,159,32.2,69.9,613,4.921032,13,2
109,161,32.2,69.7,613,4.921032,13,2
109,159,32.2,69.1,614,4.921032,12,2
110,146,32.2,69.0,614,4.921032,12,2
110,144,32.2,69.4,614,4.921032,12,2
112,147,32.2,69.8,614,4.921032,12,2
113,159,32.2,69.7,614,4.921032,12,2
114,157,32.2,69.7,614,4.921032,12,2
113,149,32.2,69.8,614,4.921032,12,2
113,152,32.2,69.9,614,4.921032,12,2
110,145,32.2,70.2,614,4.921032,12,2
110,150,32.2,70.5,614,4.921032,12,2
125,153,32.2,70.6,614,4.921032,12,2
120,154,32.2,71.0,614,4.921032,12,2
123,157,32.2,71.6,615,4.921032,11,2
125,156,32.2,72.0,615,4.921032,11,2
126,157,32.2,72.5,615,4.921032,11,2
125,163,32.2,72.8,615,4.921032,11,2
130,163,32.2,73.0,615,4.921032,11,2
139,176,32.3,73.2,615,4.921032,11,2
140,172,32.3,73.2,615,4.921032,11,2
140,171,32.2,73.5,615,4.921032,11,2
144,174,32.2,73.8,615,4.921032,11,2
142,179,32.2,74.2,615,4.921032,11,2
143,188,32.2,74.5,615,4.921032,11,2
144,187,32.2,74.5,615,4.921032,11,2
142,182,32.3,74.6,616,4.947429,10,2
145,188,32.3,74.6,616,4.947429,10,2
145,189,32.3,74.5,616,4.947429,10,2
140,187,32.3,74.4,616,4.947429,10,2
129,187,32.3,74.4,616,4.947429,10,2
130,174,32.3,74.0,616,4.947429,10,2
130,173,32.3,73.8,616,4.947429,10,2
134,176,32.3,73.7,616,4.947429,10,2
134,176,32.3,73.7,616,4.947429,10,2
135,177,32.2,73.7,616,4.947429,10,2
134,176,32.3,73.8,616,4.947429,10,2
130,176,32.3,73.9,616,4.947429,10,2
132,176,32.2,73.7,617,4.947429,9,2
126,172,32.3,73.6,617,4.947429,9,2
126,171,32.2,73.3,617,4.947429,9,2
122,171,32.3,73.1,617,4.947429,9,2
125,167,32.3,72.8,617,4.947429,9,2
126,167,32.3,72.0,617,4.947429,9,2
129,167,32.3,71.9,617,4.947429,9,2
131,165,32.3,72.1,617,4.947429,9,2
124,161,32.3,72.1,617,4.947429,9,2
111,157,32.3,72.2,617,4.947429,9,2
109,159,32.3,71.8,617,4.947429,9,2
125,160,32.3,71.5,617,4.947429,9,2
126,155,32.3,71.4,618,4.947429,8,2
124,155,32.3,71.5,618,4.947429,8,2
126,164,32.3,71.6,618,4.947429,8,2
126,169,32.3,71.8,618,4.947429,8,2
126,170,32.3,72.1,618,4.947429,8,2
127,169,32.3,72.4,618,4.947429,8,2
129,171,32.2,72.7,618,4.947429,8,2
125,170,32.3,72.6,618,4.947429,8,2
124,166,32.3,72.5,618,4.947429,8,2
110,167,32.3,72.0,618,4.947429,8,2
109,166,32.3,70.6,618,4.947429,8,2
112,158,32.3,70.0,618,4.947429,8,2
124,160,32.3,69.9,619,4.947429,7,2
126,159,32.2,70.3,619,4.947429,7,2
129,166,32.2,70.7,619,4.947429,7,2
120,169,32.2,71.1,619,4.947429,7,2
122,157,32.3,71.5,619,4.947429,7,2
117,162,32.3,72.0,619,4.947429,7,2
116,164,32.3,71.7,619,4.947429,7,2
120,159,32.3,71.5,619,4.947429,7,2
126,163,32.3,71.4,619,4.947429,7,2
128,163,32.3,71.4,619,4.947429,7,2
129,171,32.3,72.0,619,4.947429,7,2
129,168,32.3,72.6,619,4.947429,7,2
137,171,32.3,72.9,620,4.947429,6,2
137,171,32.3,73.3,620,4.947429,6,2
140,172,32.3,73.6,620,4.947429,6,2
140,179,32.3,73.7,620,4.947429,6,2
143,184,32.3,73.7,620,4.947429,6,2
144,187,32.3,73.6,620,4.947429,6,2
144,190,32.3,73.8,620,4.947429,6,2
144,198,32.3,74.1,620,4.947429,6,2
146,200,32.3,73.9,620,4.947429,6,2
143,197,32.3,73.1,620,4.947429,6,2
142,195,32.3,73.0,620,4.947429,6,2
140,196,32.3,73.1,620,4.947429,6,2
141,190,32.3,73.1,621,4.997109,5,2
140,192,32.3,73.2,621,4.997109,5,2
137,188,32.3,73.4,621,4.997109,5,2
140,190,32.3,73.3,621,4.997109,5,2
140,189,32.3,72.9,621,4.997109,5,2
142,192,32.3,72.8,621,4.997109,5,2
143,187,32.3,72.6,621,4.997109,5,2
142,189,32.3,72.7,621,4.997109,5,2
143,188,32.3,72.7,621,4.997109,5,2
150,189,32.3,72.7,621,4.997109,5,2
153,192,32.3,72.9,621,4.997109,5,2
151,198,32.3,73.0,621,4.997109,5,2
158,200,32.3,73.0,622,4.997109,4,2
155,202,32.3,73.0,622,4.997109,4,2
142,193,32.3,73.1,622,4.997109,4,2
145,190,32.3,73.1,622,4.997109,4,2
141,190,32.3,73.1,622,4.997109,4,2
141,190,32.3,73.1,622,4.997109,4,2
127,187,32.3,73.0,622,4.997109,4,2
127,184,32.3,72.6,622,4.997109,4,2
126,181,32.3,72.4,622,4.997109,4,2
125,183,32.3,72.5,622,4.997109,4,2
123,178,32.3,72.4,622,4.997109,4,2
122,171,32.3,72.1,622,4.997109,4,2
124,171,32.3,71.7,623,4.997109,3,2
129,169,32.3,71.5,623,4.997109,3,2
108,167,32.3,71.3,623,4.997109,3,2
109,168,32.3,70.8,623,4.997109,3,2
114,166,32.3,70.1,623,4.997109,3,2
127,167,32.3,70.1,623,4.997109,3,2
140,170,32.3,70.6,623,4.997109,3,2
139,175,32.3,71.3,623,4.997109,3,2
145,186,32.3,71.9,623,4.997109,3,2
146,188,32.3,72.7,623,4.997109,3,2
143,188,32.3,73.0,623,4.997109,3,2
141,188,32.3,73.2,623,4.997109,3,2
144,189,32.3,73.2,624,4.997109,2,2
142,188,32.3,73.3,624,4.997109,2,2
142,187,32.3,73.1,624,4.997109,2,2
141,188,32.3,72.7,624,4.997109,2,2
143,186,32.3,72.7,624,4.997109,2,2
139,184,32.3,73.0,624,4.997109,2,2
127,185,32.3,72.7,624,4.997109,2,2
129,181,32.3,72.0,624,4.997109,2,2
129,180,32.3,71.6,624,4.997109,2,2
129,168,32.3,72.0,624,4.997109,2,2
126,167,32.3,72.2,624,4.997109,2,2
125,168,32.3,72.1,624,4.997109,2,2
128,176,32.3,71.9,625,4.997109,1,2
125,174,32.3,71.6,625,4.997109,1,2
126,168,32.3,70.9,625,4.997109,1,2
127,172,32.3,70.4,625,4.997109,1,2
126,167,32.3,70.2,625,4.997109,1,2
128,171,32.3,70.1,625,4.997109,1,2
118,168,32.3,70.3,625,4.997109,1,2
119,171,32.3,69.8,625,4.997109,1,2
117,168,32.3,69.1,625,4.997109,1,2
117,172,32.3,68.3,625,4.997109,1,2
104,155,32.3,67.7,625,4.997109,1,2
109,154,32.3,67.4,625,4.997109,1,2
117,155,32.3,68.0,626,5.1,0,3
134,157,32.3,68.6,626,5.1,0,3
129,170,32.3,69.8,626,5.1,0,3
123,165,32.3,70.5,626,5.1,0,3
125,165,32.3,71.0,626,5.1,0,3
131,169,32.3,71.4,626,5.1,0,3
129,167,32.3,71.4,626,5.1,0,3
123,168,32.3,71.6,626,5.1,0,3
125,169,32.3,71.4,626,5.1,0,3
130,168,32.3,71.4,626,5.1,0,3
134,169,32.3,71.7,626,5.1,0,3
131,171,32.3,72.0,626,5.1,0,3
136,171,32.3,72.6,627,5.1,0,3
131,172,32.3,72.9,627,5.1,0,3
134,170,32.3,72.9,627,5.1,0,3
134,169,32.3,72.7,627,5.1,0,3
137,176,32.3,72.5,627,5.1,0,3
134,178,32.3,72.1,627,5.1,0,3
125,172,32.3,71.7,627,5.1,0,3
122,171,32.3,71.2,627,5.1,0,3
123,172,32.3,70.4,627,5.1,0,3
130,173,32.3,70.0,627,5.1,0,3
126,166,32.3,70.1,627,5.1,0,3
126,168,32.3,70.4,627,5.1,0,3
123,169,32.3,70.7,628,5.1,0,3
131,172,32.3,70.9,628,5.1,0,3
130,170,32.3,70.9,628,5.1,0,3
131,171,32.3,71.4,628,5.1,0,3
131,172,32.3,71.9,628,5.1,0,3
134,173,32.3,72.2,628,5.1,0,3
139,178,32.3,72.6,628,5.1,0,3
154,191,32.3,73.0,628,5.1,0,3
156,196,32.3,73.2,628,5.1,0,3
156,194,32.3,73.1,628,5.1,0,3
159,203,32.3,73.1,628,5.1,0,3
157,203,32.3,73.1,628,5.1,0,3
159,204,32.3,73.0,629,5.1,0,3
155,195,32.3,73.1,629,5.1,0,3
149,192,32.3,73.1,629,5.1,0,3
134,190,32.3,73.2,629,5.1,0,3
131,189,32.3,72.8,629,5.1,0,3
143,184,32.3,72.6,629,5.1,0,3
143,181,32.3,72.4,629,5.1,0,3
140,182,32.3,72.2,629,5.1,0,3
140,188,32.3,72.4,629,5.1,0,3
146,187,32.3,72.5,629,5.1,0,3
146,194,32.3,72.5,629,5.1,0,3
140,190,32.3,72.5,629,5.1,0,3
140,183,32.3,72.3,630,5.1,0,3
140,188,32.3,72.3,630,5.1,0,3
140,188,32.3,72.3,630,5.1,0,3
126,184,32.3,72.4,630,5.1,0,3
130,185,32.3,71.8,630,5.1,0,3
135,182,32.3,71.4,630,5.1,0,3
140,182,32.3,71.3,630,5.1,0,3
138,181,32.3,71.3,630,5.1,0,3
135,181,32.3,71.6,630,5.1,0,3
134,182,32.3,71.4,630,5.1,0,3
135,171,32.3,71.5,630,5.1,0,3
140,172,32.3,71.9,630,5.1,0,3
150,187,32.3,72.1,631,5.1,0,3
152,191,32.3,72.4,631,5.1,0,3
153,192,32.3,72.6,631,5.1,0,3
154,194,32.3,73.0,631,5.1,0,3
151,190,32.3,73.1,631,5.1,0,3
152,188,32.3,73.2,631,5.1,0,3
146,189,32.3,73.4,631,5.1,0,3
150,189,32.3,73.5,631,5.1,0,3
158,203,32.3,73.5,631,5.1,0,3
156,203,32.3,73.4,631,5.1,0,3
154,203,32.3,73.4,631,5.1,0,3
150,203,32.3,73.3,631,5.1,0,3
156,202,32.3,73.1,632,5.1,0,3
159,203,32.3,73.1,632,5.1,0,3
155,203,32.3,73.0,632,5.1,0,3
155,203,32.3,73.1,632,5.1,0,3
153,203,32.3,73.2,632,5.1,0,3
152,200,32.3,73.2,632,5.1,0,3
151,203,32.3,73.3,632,5.1,0,3
145,191,32.3,73.3,632,5.1,0,3
143,187,32.3,73.3,632,5.1,0,3
135,185,32.3,72.9,632,5.1,0,3
133,182,32.3,72.6,632,5.1,0,3
140,188,32.3,72.4,632,5.1,0,3
145,187,32.3,72.1,633,5.1,0,3
145,187,32.3,72.0,633,5.1,0,3
140,187,32.3,72.1,633,5.1,0,3
140,187,32.3,72.4,633,5.1,0,3
136,187,32.3,72.5,633,5.1,0,3
147,189,32.3,72.7,633,5.1,0,3
152,189,32.3,72.8,633,5.1,0,3
148,189,32.3,72.8,633,5.1,0,3
140,188,32.3,72.8,633,5.1,0,3
141,188,32.3,72.7,633,5.1,0,3
140,187,32.3,72.6,633,5.1,0,3
143,189,32.3,72.5,633,5.1,0,3
140,185,32.3,72.5,634,5.1,0,3
140,182,32.3,72.5,634,5.1,0,3
137,171,32.3,71.8,634,5.1,0,3
132,171,32.3,71.3,634,5.1,0,3
132,173,32.3,71.4,634,5.1,0,3
127,168,32.3,71.5,634,5.1,0,3
127,174,32.3,71.3,634,5.1,0,3
126,174,32.3,70.4,634,5.1,0,3
129,174,32.3,69.9,634,5.1,0,3
125,165,32.3,70.1,634,5.1,0,3
122,164,32.3,70.5,634,5.1,0,3
137,172,32.3,70.7,634,5.1,0,3
140,172,32.3,71.0,635,5.1,0,3
134,167,32.3,71.4,635,5.1,0,3
132,172,32.3,71.7,635,5.1,0,3
134,175,32.3,71.9,635,5.1,0,3
134,172,32.3,71.8,635,5.1,0,3
123,166,32.3,71.6,635,5.1,0,3
126,166,32.3,71.5,635,5.1,0,3
136,171,32.3,71.6,635,5.1,0,3
136,166,32.3,71.8,635,5.1,0,3
140,173,32.3,71.9,635,5.1,0,3
140,178,32.3,72.0,635,5.1,0,3
144,177,32.3,72.3,635,5.1,0,3
142,177,32.3,72.4,636,5.1016,0,3
138,172,32.3,72.7,636,5.1016,0,3
140,175,32.3,72.8,636,5.1016,0,3
146,184,32.3,72.9,636,5.1016,0,3
144,186,32.3,72.7,636,5.1016,0,3
145,185,32.3,72.6,636,5.1016,0,3
149,190,32.3,72.7,636,5.1016,0,3
151,198,32.3,72.9,636,5.1016,0,3
154,200,32.3,73.1,636,5.1016,0,3
155,199,32.3,73.5,636,5.1016,0,3
155,201,32.3,73.6,636,5.1016,0,3
153,189,32.3,74.0,636,5.1016,0,3
156,190,32.3,74.2,637,5.1016,0,3
156,190,32.3,74.4,637,5.1016,0,3
148,187,32.3,74.3,637,5.1016,0,3
151,190,32.3,74.2,637,5.1016,0,3
142,188,32.3,74.0,637,5.1016,0,3
144,187,32.3,74.0,637,5.1016,0,3
145,187,32.3,74.2,637,5.1016,0,3
147,190,32.3,74.3,637,5.1016,0,3
145,201,32.3,74.2,637,5.1016,0,3
143,196,32.3,74.4,637,5.1016,0,3
141,200,32.3,74.3,637,5.1016,0,3
137,194,32.3,73.5,637,5.1016,0,3
136,190,32.3,72.8,638,5.1016,0,3
136,186,32.3,72.4,638,5.1016,0,3
133,174,32.3,72.3,638,5.1016,0,3
137,173,32.3,72.4,638,5.1016,0,3
129,172,32.3,72.7,638,5.1016,0,3
131,171,32.3,72.8,638,5.1016,0,3
135,175,32.3,73.1,638,5.1016,0,3
129,171,32.3,73.3,638,5.1016,0,3
131,171,32.3,73.3,638,5.1016,0,3
138,172,32.3,73.3,638,5.1016,0,3
140,177,32.3,73.6,638,5.1016,0,3
142,182,32.3,74.1,638,5.1016,0,3
146,185,32.3,74.5,639,5.1016,0,3
147,187,32.3,74.5,639,5.1016,0,3
149,189,32.3,74.5,639,5.1016,0,3
148,193,32.3,74.8,639,5.1016,0,3
158,204,32.3,74.9,639,5.1016,0,3
161,208,32.3,75.1,639,5.1016,0,3
155,198,32.3,75.1,639,5.1016,0,3
156,202,32.3,75.0,639,5.1016,0,3
152,203,32.3,75.1,639,5.1016,0,3
140,205,32.3,75.3,639,5.1016,0,3
142,203,32.4,75.4,639,5.1016,0,3
142,201,32.3,75.1,639,5.1016,0,3
137,196,32.3,74.6,640,5.1016,0,3
122,189,32.3,73.8,640,5.1016,0,3
118,187,32.3,73.1,640,5.1016,0,3
119,182,32.3,71.7,640,5.1016,0,3
125,187,32.3,71.1,640,5.1016,0,3
122,171,32.3,70.5,640,5.1016,0,3
119,171,32.3,70.3,640,5.1016,0,3
130,180,32.3,70.4,640,5.1016,0,3
134,180,32.3,70.9,640,5.1016,0,3
141,179,32.3,71.1,640,5.1016,0,3
140,182,32.3,71.8,640,5.1016,0,3
145,180,32.3,72.4,640,5.1016,0,3
151,189,32.3,72.6,641,5.1032,0,3
153,193,32.3,72.9,641,5.1032,0,3
155,197,32.3,73.1,641,5.1032,0,3
151,192,32.3,73.4,641,5.1032,0,3
154,194,32.3,73.7,641,5.1032,0,3
151,192,32.3,73.8,641,5.1032,0,3
149,196,32.3,74.0,641,5.1032,0,3
146,194,32.3,74.2,641,5.1032,0,3
143,196,32.3,74.4,641,5.1032,0,3
134,192,32.3,74.4,641,5.1032,0,3
135,192,32.3,73.8,641,5.1032,0,3
120,186,32.3,72.9,641,5.1032,0,3
125,188,32.3,72.3,642,5.1032,0,3
125,187,32.3,71.7,642,5.1032,0,3
128,185,32.3,71.0,642,5.1032,0,3
125,181,32.3,70.7,642,5.1032,0,3
139,184,32.3,70.8,642,5.1032,0,3
137,178,32.3,71.2,642,5.1032,0,3
125,177,32.3,71.7,642,5.1032,0,3
121,171,32.3,71.4,642,5.1032,0,3
126,176,32.3,71.0,642,5.1032,0,3
126,178,32.3,70.8,642,5.1032,0,3
126,178,32.3,71.0,642,5.1032,0,3
126,177,32.3,71.4,642,5.1032,0,3
125,178,32.3,71.7,643,5.1032,0,3
125,170,32.3,71.8,643,5.1032,0,3
129,171,32.3,72.2,643,5.1032,0,3
140,176,32.3,72.5,643,5.1032,0,3
136,177,32.3,72.8,643,5.1032,0,3
119,169,32.3,72.8,643,5.1032,0,3
116,171,32.3,72.5,643,5.1032,0,3
114,167,32.3,72.2,643,5.1032,0,3
125,163,32.3,71.8,643,5.1032,0,3
125,165,32.3,71.3,643,5.1032,0,3
126,171,32.3,71.0,643,5.1032,0,3
129,171,32.3,70.9,643,5.1032,0,3
135,170,32.3,71.3,644,5.1032,0,3
134,172,32.3,71.6,644,5.1032,0,3
138,168,32.3,72.0,644,5.1032,0,3
142,172,32.3,72.1,644,5.1032,0,3
142,173,32.3,72.7,644,5.1032,0,3
137,175,32.3,73.2,644,5.1032,0,3
129,175,32.3,73.0,644,5.1032,0,3
125,176,32.3,72.2,644,5.1032,0,3
130,177,32.3,71.7,644,5.1032,0,3
139,176,32.3,71.3,644,5.1032,0,3
144,171,32.3,71.7,644,5.1032,0,3
144,182,32.3,72.2,644,5.1032,0,3
149,185,32.3,72.8,645,5.1032,0,3
138,187,32.3,73.3,645,5.1032,0,3
142,187,32.3,73.2,645,5.1032,0,3
125,182,32.3,72.6,645,5.1032,0,3
127,181,32.3,72.1,645,5.1032,0,3
125,179,32.3,71.3,645,5.1032,0,3
125,173,32.3,70.8,645,5.1032,0,3
124,176,32.3,70.3,645,5.1032,0,3
123,178,32.3,70.3,645,5.1032,0,3
120,179,32.3,70.4,645,5.1032,0,3
119,178,32.3,70.5,645,5.1032,0,3
119,184,32.3,70.1,645,5.1032,0,3
109,181,32.3,69.5,646,5.1048,0,3
109,167,32.3,69.0,646,5.1048,0,3
121,172,32.3,68.8,646,5.1048,0,3
126,174,32.3,68.9,646,5.1048,0,3
124,171,32.3,69.3,646,5.1048,0,3
118,162,32.3,69.6,646,5.1048,0,3
117,166,32.3,69.5,646,5.1048,0,3
119,168,32.3,69.6,646,5.1048,0,3
118,169,32.3,69.5,646,5.1048,0,3
121,170,32.3,69.4,646,5.1048,0,3
119,171,32.3,69.3,646,5.1048,0,3
116,169,32.3,69.1,646,5.1048,0,3
111,168,32.3,69.1,647,5.1048,0,3
109,165,32.3,69.3,647,5.1048,0,3
100,167,32.3,69.1,647,5.1048,0,3
104,168,32.3,68.3,647,5.1048,0,3
103,165,32.3,67.9,647,5.1048,0,3
111,161,32.3,67.5,647,5.1048,0,3
113,163,32.3,68.2,647,5.1048,0,3
117,153,32.3,68.9,647,5.1048,0,3
120,153,32.3,69.3,647,5.1048,0,3
120,164,32.3,69.9,647,5.1048,0,3
128,164,32.3,70.3,647,5.1048,0,3
130,166,32.3,71.1,647,5.1048,0,3
127,167,32.3,71.9,648,5.1048,0,3
114,166,32.3,72.1,648,5.1048,0,3
110,167,32.3,72.1,648,5.1048,0,3
127,171,32.3,71.8,648,5.1048,0,3
129,172,32.3,71.6,648,5.1048,0,3
128,172,32.3,71.5,648,5.1048,0,3
130,167,32.3,71.6,648,5.1048,0,3
131,172,32.3,71.9,648,5.1048,0,3
138,172,32.3,72.2,648,5.1048,0,3
138,174,32.3,72.7,648,5.1048,0,3
136,175,32.3,73.0,648,5.1048,0,3
131,176,32.3,73.1,648,5.1048,0,3
129,174,32.3,73.3,649,5.1048,0,3
120,172,32.3,73.1,649,5.1048,0,3
120,171,32.3,72.5,649,5.1048,0,3
120,171,32.3,71.5,649,5.1048,0,3
119,171,32.3,70.9,649,5.1048,0,3
117,163,32.3,70.3,649,5.1048,0,3
116,163,32.3,70.2,649,5.1048,0,3
111,160,32.3,70.3,649,5.1048,0,3
115,170,32.3,70.3,649,5.1048,0,3
111,171,32.3,69.9,649,5.1048,0,3
116,169,32.3,69.5,649,5.1048,0,3
110,161,32.3,69.4,649,5.1048,0,3
109,156,32.3,69.2,650,5.1048,0,3
106,167,32.3,68.9,650,5.1048,0,3
105,166,32.3,68.4,650,5.1048,0,3
102,163,32.3,68.1,650,5.1048,0,3
100,152,32.2,67.7,650,5.1048,0,3
100,155,32.3,67.0,650,5.1048,0,3
102,147,32.2,66.8,650,5.1048,0,3
105,147,32.2,66.9,650,5.1048,0,3
105,149,32.2,66.7,650,5.1048,0,3
107,146,32.3,66.8,650,5.1048,0,3
111,149,32.2,67.4,650,5.1048,0,3
131,149,32.2,68.1,650,5.1048,0,3
126,154,32.3,69.1,651,5.1048,0,3
131,172,32.3,69.7,651,5.1048,0,3
132,168,32.2,69.9,651,5.1048,0,3
140,171,32.3,69.9,651,5.1048,0,3
140,172,32.3,69.8,651,5.1048,0,3
142,173,32.3,70.2,651,5.1048,0,3
133,174,32.3,70.5,651,5.1048,0,3
137,174,32.3,70.8,651,5.1048,0,3
120,175,32.3,70.8,651,5.1048,0,3
120,177,32.3,70.5,651,5.1048,0,3
127,175,32.3,69.6,651,5.1048,0,3
127,171,32.2,69.3,651,5.1048,0,3
127,174,32.2,69.2,652,5.1048,0,3
127,172,32.2,69.2,652,5.1048,0,3
128,166,32.2,69.6,652,5.1048,0,3
127,168,32.2,70.1,652,5.1048,0,3
133,174,32.3,70.7,652,5.1048,0,3
131,170,32.3,71.1,652,5.1048,0,3
137,171,32.3,71.9,652,5.1048,0,3
142,172,32.3,72.2,652,5.1048,0,3
128,171,32.3,72.4,652,5.1048,0,3
130,170,32.3,72.0,652,5.1048,0,3
125,172,32.3,71.7,652,5.1048,0,3
127,167,32.3,71.1,652,5.1048,0,3
129,172,32.3,70.9,653,5.1048,0,3
136,173,32.3,70.9,653,5.1048,0,3
140,174,32.3,71.2,653,5.1048,0,3
137,175,32.3,71.5,653,5.1048,0,3
128,174,32.3,71.7,653,5.1048,0,3
115,172,32.3,71.4,653,5.1048,0,3
114,172,32.2,70.5,653,5.1048,0,3
123,171,32.2,69.4,653,5.1048,0,3
122,171,32.2,69.3,653,5.1048,0,3
121,171,32.2,70.1,653,5.1048,0,3
122,170,32.2,70.6,653,5.1048,0,3
122,160,32.2,70.7,653,5.1048,0,3
122,157,32.2,70.0,654,5.1048,0,3
121,169,32.2,69.5,654,5.1048,0,3
125,168,32.2,69.4,654,5.1048,0,3
125,168,32.2,69.8,654,5.1048,0,3
116,167,32.2,70.7,654,5.1048,0,3
119,168,32.3,71.0,654,5.1048,0,3
109,168,32.2,70.7,654,5.1048,0,3
104,168,32.2,69.9,654,5.1048,0,3
107,151,32.2,69.4,654,5.1048,0,3
110,155,32.2,69.2,654,5.1048,0,3
114,153,32.2,69.0,654,5.1048,0,3
114,154,32.2,69.4,654,5.1048,0,3
114,156,32.2,70.1,655,5.1048,0,3
114,156,32.2,70.2,655,5.1048,0,3
119,154,32.2,70.4,655,5.1048,0,3
120,157,32.2,70.5,655,5.1048,0,3
126,157,32.2,70.5,655,5.1048,0,3
126,158,32.3,70.8,655,5.1048,0,3
131,159,32.2,71.1,655,5.1048,0,3
109,160,32.2,71.1,655,5.1048,0,3
105,159,32.2,70.4,655,5.1048,0,3
123,170,32.2,69.7,655,5.1048,0,3
127,166,32.2,69.4,655,5.1048,0,3
124,168,32.2,69.8,655,5.1048,0,3
124,169,32.3,70.6,656,5.1048,0,3
124,169,32.2,71.2,656,5.1048,0,3
120,170,32.3,71.1,656,5.1048,0,3
124,171,32.2,70.8,656,5.1048,0,3
120,170,32.2,70.9,656,5.1048,0,3
123,170,32.3,71.1,656,5.1048,0,3
111,169,32.3,71.0,656,5.1048,0,3
114,170,32.2,70.7,656,5.1048,0,3
111,171,32.3,69.8,656,5.1048,0,3
115,168,32.2,69.0,656,5.1048,0,3
112,166,32.2,69.0,656,5.1048,0,3
116,165,32.2,69.3,656,5.1048,0,3
115,167,32.2,69.4,657,5.1128,0,3
117,165,32.2,69.4,657,5.1128,0,3
112,161,32.2,69.4,657,5.1128,0,3
120,166,32.2,69.4,657,5.1128,0,3
125,167,32.2,70.2,657,5.1128,0,3
122,156,32.2,70.6,657,5.1128,0,3
121,157,32.3,70.8,657,5.1128,0,3
124,167,32.2,70.7,657,5.1128,0,3
125,170,32.2,70.6,657,5.1128,0,3
119,165,32.2,70.4,657,5.1128,0,3
115,165,32.2,70.3,657,5.1128,0,3
107,154,32.2,69.7,657,5.1128,0,3
109,151,32.2,69.5,658,5.1128,0,3
109,151,32.2,69.0,658,5.1128,0,3
109,147,32.2,69.1,658,5.1128,0,3
109,152,32.2,68.9,658,5.1128,0,3
107,152,32.2,68.3,658,5.1128,0,3
111,152,32.2,68.0,658,5.1128,0,3
108,150,32.2,67.8,658,5.1128,0,3
107,155,32.2,67.8,658,5.1128,0,3
107,160,32.2,67.3,658,5.1128,0,3
102,155,32.2,67.0,658,5.1128,0,3
107,153,32.2,67.0,658,5.1128,0,3
104,147,32.2,67.1,658,5.1128,0,3
104,145,32.2,67.4,659,5.1128,0,3
108,152,32.2,67.6,659,5.1128,0,3
106,145,32.2,67.6,659,5.1128,0,3
108,149,32.2,67.6,659,5.1128,0,3
108,145,32.3,67.6,659,5.1128,0,3
109,159,32.2,67.6,659,5.1128,0,3
109,156,32.2,67.4,659,5.1128,0,3
110,160,32.2,67.4,659,5.1128,0,3
107,149,32.2,67.4,659,5.1128,0,3
110,153,32.2,67.7,659,5.1128,0,3
110,145,32.2,67.9,659,5.1128,0,3
115,149,32.2,68.3,659,5.1128,0,3
119,149,32.2,69.2,660,5.1128,0,3
131,161,32.2,69.9,660,5.1128,0,3
129,166,32.3,70.6,660,5.1128,0,3
130,167,32.3,70.7,660,5.1128,0,3
111,155,32.3,71.0,660,5.1128,0,3
110,154,32.3,70.2,660,5.1128,0,3
114,152,32.3,69.8,660,5.1128,0,3
118,155,32.3,69.3,660,5.1128,0,3
111,152,32.2,68.8,660,5.1128,0,3
108,154,32.3,68.4,660,5.1128,0,3
107,150,32.2,68.4,660,5.1128,0,3
113,156,32.2,68.5,660,5.1128,0,3
110,158,32.2,68.8,661,5.1128,0,3
113,162,32.3,69.0,661,5.1128,0,3
108,158,32.3,68.9,661,5.1128,0,3
108,158,32.3,68.5,661,5.1128,0,3
108,159,32.2,68.0,661,5.1128,0,3
104,141,32.3,68.0,661,5.1128,0,3
98,144,32.2,67.7,661,5.1128,0,3
96,147,32.3,67.3,661,5.1128,0,3
94,145,32.3,67.2,661,5.1128,0,3
91,146,32.3,66.9,661,5.1128,0,3
86,151,32.2,66.1,661,5.1128,0,3
95,156,32.2,65.6,661,5.1128,0,3
91,147,32.2,65.5,662,5.1128,0,3
93,147,32.2,65.7,662,5.1128,0,3
97,149,32.2,65.7,662,5.1128,0,3
107,149,32.2,66.1,662,5.1128,0,3
105,156,32.2,66.4,662,5.1128,0,3
100,157,32.2,66.7,662,5.1128,0,3
102,145,32.2,67.2,662,5.1128,0,3
90,145,32.2,67.3,662,5.1128,0,3
93,145,32.2,67.1,662,5.1128,0,3
102,158,32.3,67.2,662,5.1128,0,3
103,157,32.3,67.8,662,5.1128,0,3
100,160,32.3,67.6,662,5.1128,0,3
104,160,32.3,67.3,663,5.1128,0,3
107,162,32.3,67.2,663,5.1128,0,3
112,159,32.2,67.3,663,5.1128,0,3
115,157,32.3,67.8,663,5.1128,0,3
111,161,32.3,68.2,663,5.1128,0,3
109,160,32.3,68.7,663,5.1128,0,3
111,160,32.3,69.3,663,5.1128,0,3
110,160,32.2,69.3,663,5.1128,0,3
110,159,32.3,69.2,663,5.1128,0,3
110,159,32.3,69.1,663,5.1128,0,3
120,161,32.3,69.0,663,5.1128,0,3
118,159,32.3,69.4,663,5.1128,0,3
125,163,32.3,69.7,664,5.1128,0,3
126,163,32.3,70.0,664,5.1128,0,3
117,151,32.3,70.4,664,5.1128,0,3
109,155,32.3,70.7,664,5.1128,0,3
110,159,32.3,70.0,664,5.1128,0,3
115,156,32.3,69.7,664,5.1128,0,3
126,169,32.3,70.6,664,5.1128,0,3
125,168,32.3,70.9,664,5.1128,0,3
123,168,32.3,70.9,664,5.1128,0,3
115,166,32.3,70.8,664,5.1128,0,3
108,166,32.3,70.3,664,5.1128,0,3
113,166,32.3,69.9,664,5.1128,0,3
120,166,32.3,69.6,665,5.1128,0,3
120,163,32.3,69.4,665,5.1128,0,3
125,165,32.3,69.5,665,5.1128,0,3
122,162,32.3,69.9,665,5.1128,0,3
126,163,32.3,70.0,665,5.1128,0,3
122,163,32.3,70.4,665,5.1128,0,3
115,164,32.3,70.8,665,5.1128,0,3
113,159,32.3,70.9,665,5.1128,0,3
109,156,32.3,70.7,665,5.1128,0,3
111,169,32.3,70.4,665,5.1128,0,3
109,168,32.3,69.7,665,5.1128,0,3
100,166,32.3,68.8,665,5.1128,0,3
98,167,32.3,68.1,666,5.1477,0,3
93,159,32.3,67.4,666,5.1477,0,3
97,150,32.2,67.2,666,5.1477,0,3
88,151,32.2,67.1,666,5.1477,0,3
86,150,32.3,66.8,666,5.1477,0,3
95,151,32.2,66.2,666,5.1477,0,3
92,146,32.3,66.3,666,5.1477,0,3
88,151,32.3,66.5,666,5.1477,0,3
84,149,32.2,66.4,666,5.1477,0,3
90,155,32.2,66.2,666,5.1477,0,3
91,158,32.3,65.8,666,5.1477,0,3
90,161,32.2,65.6,666,5.1477,0,3
92,156,32.2,65.3,667,5.1477,0,3
96,157,32.2,65.3,667,5.1477,0,3
97,156,32.2,65.4,667,5.1477,0,3
90,156,32.3,65.7,667,5.1477,0,3
94,156,32.2,65.9,667,5.1477,0,3
84,144,32.2,66.0,667,5.1477,0,3
83,147,32.2,65.9,667,5.1477,0,3
97,156,32.2,66.0,667,5.1477,0,3
109,157,32.2,66.3,667,5.1477,0,3
109,157,32.3,66.8,667,5.1477,0,3
100,156,32.2,67.6,667,5.1477,0,3
102,156,32.2,67.7,667,5.1477,0,3
103,145,32.2,67.7,668,5.1477,0,3
103,145,32.2,67.8,668,5.1477,0,3
109,156,32.2,67.7,668,5.1477,0,3
105,145,32.2,67.7,668,5.1477,0,3
103,145,32.2,67.8,668,5.1477,0,3
111,159,32.2,68.1,668,5.1477,0,3
106,159,32.2,68.3,668,5.1477,0,3
106,163,32.2,68.0,668,5.1477,0,3
106,163,32.2,67.5,668,5.1477,0,3
109,159,32.2,67.4,668,5.1477,0,3
113,150,32.2,67.8,668,5.1477,0,3
111,152,32.3,68.2,668,5.1477,0,3
120,165,32.2,68.5,669,5.1477,0,3
119,165,32.2,69.0,669,5.1477,0,3
114,166,32.2,69.3,669,5.1477,0,3
107,163,32.3,69.4,669,5.1477,0,3
109,168,32.2,69.3,669,5.1477,0,3
108,165,32.3,69.3,669,5.1477,0,3
107,166,32.2,68.4,669,5.1477,0,3
106,159,32.2,68.0,669,5.1477,0,3
108,157,32.3,67.7,669,5.1477,0,3
110,168,32.3,67.8,669,5.1477,0,3
109,168,32.2,67.8,669,5.1477,0,3
109,171,32.2,67.6,669,5.1477,0,3
112,170,32.2,67.5,670,5.1477,0,3
110,168,32.2,67.8,670,5.1477,0,3
109,158,32.2,68.1,670,5.1477,0,3
108,161,32.2,68.6,670,5.1477,0,3
122,171,32.2,68.8,670,5.1477,0,3
117,171,32.2,69.0,670,5.1477,0,3
116,171,32.2,69.0,670,5.1477,0,3
109,171,32.3,69.1,670,5.1477,0,3
109,172,32.2,68.7,670,5.1477,0,3
111,171,32.2,68.4,670,5.1477,0,3
109,170,32.3,68.4,670,5.1477,0,3
109,171,32.3,68.3,670,5.1477,0,3
109,171,32.2,68.5,671,5.148481,0,3
110,171,32.2,68.8,671,5.148481,0,3
109,159,32.2,68.9,671,5.148481,0,3
109,163,32.3,69.4,671,5.148481,0,3
112,163,32.3,69.5,671,5.148481,0,3
112,171,32.2,69.7,671,5.148481,0,3
113,172,32.3,69.2,671,5.148481,0,3
112,163,32.2,69.1,671,5.148481,0,3
109,162,32.3,69.3,671,5.148481,0,3
119,171,32.2,69.4,671,5.148481,0,3
114,171,32.3,69.5,671,5.148481,0,3
104,166,32.2,69.0,671,5.148481,0,3
99,161,32.2,68.7,672,5.148481,0,3
109,165,32.2,68.5,672,5.148481,0,3
112,166,32.2,68.6,672,5.148481,0,3
105,161,32.3,68.9,672,5.148481,0,3
105,161,32.2,68.8,672,5.148481,0,3
106,162,32.2,68.5,672,5.148481,0,3
108,158,32.2,67.8,672,5.148481,0,3
108,161,32.2,67.8,672,5.148481,0,3
108,162,32.2,68.1,672,5.148481,0,3
107,162,32.2,68.4,672,5.148481,0,3
109,162,32.2,68.5,672,5.148481,0,3
112,163,32.2,68.6,672,5.148481,0,3
116,167,32.2,68.7,673,5.148481,0,3
125,171,32.2,68.9,673,5.148481,0,3
125,167,32.2,69.4,673,5.148481,0,3
119,171,32.2,69.7,673,5.148481,0,3
116,171,32.3,69.7,673,5.148481,0,3
116,171,32.3,69.6,673,5.148481,0,3
111,171,32.3,69.5,673,5.148481,0,3
118,173,32.3,69.4,673,5.148481,0,3
127,174,32.2,69.3,673,5.148481,0,3
126,171,32.3,69.8,673,5.148481,0,3
117,171,32.3,70.2,673,5.148481,0,3
118,168,32.2,70.0,673,5.148481,0,3
118,173,32.2,69.8,674,5.148481,0,3
118,169,32.2,69.3,674,5.148481,0,3
118,173,32.3,69.3,674,5.148481,0,3
118,174,32.2,69.1,674,5.148481,0,3
123,174,32.2,69.1,674,5.148481,0,3
115,171,32.3,69.0,674,5.148481,0,3
120,172,32.2,69.2,674,5.148481,0,3
113,171,32.2,69.1,674,5.148481,0,3
108,171,32.3,68.9,674,5.148481,0,3
109,160,32.2,68.9,674,5.148481,0,3
120,163,32.2,69.0,674,5.148481,0,3
128,165,32.3,69.2,674,5.148481,0,3
123,166,32.3,69.2,675,5.148481,0,3
121,169,32.3,69.2,675,5.148481,0,3
125,168,32.2,69.2,675,5.148481,0,3
122,172,32.3,69.5,675,5.148481,0,3
122,175,32.2,69.4,675,5.148481,0,3
107,176,32.2,68.9,675,5.148481,0,3
106,172,32.2,67.7,675,5.148481,0,3
93,171,32.2,66.9,675,5.148481,0,3
93,180,32.2,66.2,675,5.148481,0,3
114,179,32.2,65.8,675,5.148481,0,3
114,174,32.2,65.9,675,5.148481,0,3
127,177,32.2,66.5,675,5.148481,0,3
126,171,32.2,66.9,676,5.148481,0,3
130,172,32.2,67.5,676,5.148481,0,3
129,174,32.2,67.9,676,5.148481,0,3
134,176,32.2,68.3,676,5.148481,0,3
145,180,32.2,68.7,676,5.148481,0,3
143,193,32.2,69.0,676,5.148481,0,3
140,190,32.2,69.3,676,5.148481,0,3
144,192,32.2,69.5,676,5.148481,0,3
144,191,32.2,69.4,676,5.148481,0,3
145,191,32.2,69.1,676,5.148481,0,3
156,192,32.2,69.1,676,5.148481,0,3
152,189,32.2,69.5,676,5.148481,0,3
140,192,32.2,70.0,677,5.148481,0,3
145,193,32.3,70.0,677,5.148481,0,3
155,192,32.3,70.0,677,5.148481,0,3
158,188,32.2,69.9,677,5.148481,0,3
171,193,32.2,69.9,677,5.148481,0,3
173,193,32.2,69.9,677,5.148481,0,3
171,193,32.2,69.8,677,5.148481,0,3
173,203,32.2,69.7,677,5.148481,0,3
176,203,32.2,69.6,677,5.148481,0,3
172,202,32.2,69.3,677,5.148481,0,3
161,200,32.2,69.2,677,5.148481,0,3
163,189,32.2,69.1,677,5.148481,0,3
178,193,32.2,69.1,678,5.148481,0,3
183,203,32.2,69.1,678,5.148481,0,3
186,208,32.2,69.0,678,5.148481,0,3
186,206,32.2,69.0,678,5.148481,0,3
187,212,32.2,69.0,678,5.148481,0,3
188,210,32.2,68.8,678,5.148481,0,3
186,208,32.2,68.6,678,5.148481,0,3
192,209,32.2,68.4,678,5.148481,0,3
196,209,32.2,68.4,678,5.148481,0,3
196,210,32.2,68.6,678,5.148481,0,3
196,210,32.2,68.6,678,5.148481,0,3
198,210,32.2,68.6,678,5.148481,0,3
203,215,32.2,68.5,679,5.148481,0,3
205,213,32.2,68.5,679,5.148481,0,3
205,216,32.2,68.4,679,5.148481,0,3
219,219,32.2,68.2,679,5.148481,0,3
217,218,32.2,68.0,679,5.148481,0,3
203,218,32.2,68.1,679,5.148481,0,3
203,218,32.2,68.0,679,5.148481,0,3
221,225,32.2,68.0,679,5.148481,0,3
224,220,32.2,68.2,679,5.148481,0,3
230,218,32.2,68.3,679,5.148481,0,3
238,233,32.2,68.3,679,5.148481,0,3
238,234,32.2,68.3,679,5.148481,0,3
241,234,32.2,68.3,680,5.148481,0,3
245,235,32.2,68.4,680,5.148481,0,3
250,239,32.2,68.3,680,5.148481,0,3
256,253,32.2,68.3,680,5.148481,0,3
292,263,31.8,68.3,680,5.148481,0,3
296,264,31.8,68.4,680,5.148481,0,3
294,263,31.8,68.5,680,5.148481,0,3
306,265,31.8,68.6,680,5.148481,0,3
303,271,31.8,68.8,680,5.148481,0,3
305,270,31.9,69.1,680,5.148481,0,3
310,266,31.8,69.3,680,5.148481,0,3
299,281,31.8,69.4,680,5.148481,0,3
299,277,31.8,69.3,681,5.148481,0,3
305,279,31.9,69.2,681,5.148481,0,3
306,291,31.8,69.1,681,5.148481,0,3
307,295,31.8,69.0,681,5.148481,0,3
307,281,31.9,69.1,681,5.148481,0,3
310,277,31.8,69.1,681,5.148481,0,3
313,290,31.9,69.3,681,5.148481,0,3
314,294,31.9,69.3,681,5.148481,0,3
317,296,31.9,69.6,681,5.148481,0,3
321,295,31.9,70.0,681,5.148481,0,3
328,296,31.9,70.2,681,5.148481,0,3
328,296,31.9,70.6,681,5.148481,0,3
329,296,31.9,70.8,682,5.148481,0,3
328,297,31.9,71.1,682,5.148481,0,3
328,297,31.9,71.1,682,5.148481,0,3
330,296,31.9,71.0,682,5.148481,0,3
336,299,31.9,71.3,682,5.148481,0,3
338,300,31.9,71.7,682,5.148481,0,3
341,300,31.9,72.1,682,5.148481,0,3
333,300,31.9,72.1,682,5.148481,0,3
335,308,31.9,72.0,682,5.148481,0,3
335,305,31.9,71.9,682,5.148481,0,3
325,306,31.9,71.8,682,5.148481,0,3
325,299,31.9,71.3,682,5.148481,0,3
334,296,31.9,70.8,683,5.148481,0,3
334,307,31.9,70.7,683,5.148481,0,3
335,312,31.9,70.5,683,5.148481,0,3
333,309,31.9,70.5,683,5.148481,0,3
339,311,31.9,70.6,683,5.148481,0,3
345,313,31.9,70.5,683,5.148481,0,3
342,314,31.9,70.5,683,5.148481,0,3
344,308,32.0,70.4,683,5.148481,0,3
347,313,31.9,70.3,683,5.148481,0,3
349,313,31.9,70.5,683,5.148481,0,3
356,315,32.0,70.5,683,5.148481,0,3
352,315,32.0,70.5,683,5.148481,0,3
349,323,32.0,70.4,684,5.148481,0,3
348,319,32.0,70.4,684,5.148481,0,3
328,314,32.0,70.5,684,5.148481,0,3
330,315,32.0,70.6,684,5.148481,0,3
327,305,32.0,70.6,684,5.148481,0,3
349,310,32.0,70.6,684,5.148481,0,3
349,312,32.0,70.4,684,5.148481,0,3
358,322,32.0,70.3,684,5.148481,0,3
360,319,32.0,70.4,684,5.148481,0,3
356,327,32.0,70.1,684,5.148481,0,3
359,328,32.0,69.7,684,5.148481,0,3
357,328,32.0,69.7,684,5.148481,0,3
333,319,32.0,69.9,685,5.148481,0,3
331,317,32.0,70.2,685,5.148481,0,3
353,324,32.0,70.3,685,5.148481,0,3
354,312,32.0,70.5,685,5.148481,0,3
354,313,32.0,70.7,685,5.148481,0,3
367,325,32.0,70.7,685,5.148481,0,3
364,328,32.0,70.6,685,5.148481,0,3
360,329,32.0,70.6,685,5.148481,0,3
358,332,32.0,70.7,685,5.148481,0,3
358,328,32.0,70.7,685,5.148481,0,3
356,331,32.0,70.4,685,5.148481,0,3
359,333,32.0,70.0,685,5.148481,0,3
350,336,32.0,69.7,686,5.148481,0,3
351,327,32.0,69.5,686,5.148481,0,3
350,328,32.0,69.7,686,5.148481,0,3
362,343,32.0,70.2,686,5.148481,0,3
364,348,32.0,70.1,686,5.148481,0,3
375,351,32.0,69.7,686,5.148481,0,3
376,352,32.0,69.2,686,5.148481,0,3
364,357,32.0,69.3,686,5.148481,0,3
366,352,32.0,69.5,686,5.148481,0,3
366,365,32.0,69.8,686,5.148481,0,3
370,360,32.0,69.8,686,5.148481,0,3
370,360,32.0,69.7,686,5.148481,0,3
361,358,32.0,69.7,687,5.148481,0,3
366,359,32.0,69.9,687,5.148481,0,3
374,359,32.0,69.5,687,5.148481,0,3
378,363,32.0,69.4,687,5.148481,0,3
364,358,32.0,69.5,687,5.148481,0,3
342,355,32.0,69.8,687,5.148481,0,3
347,355,32.0,69.9,687,5.148481,0,3
342,355,32.0,69.6,687,5.148481,0,3
343,355,32.0,69.3,687,5.148481,0,3
346,352,32.0,69.3,687,5.148481,0,3
365,352,32.0,69.5,687,5.148481,0,3
365,354,32.0,69.5,687,5.148481,0,3
360,352,32.0,69.5,688,5.148481,0,3
360,354,32.0,69.6,688,5.148481,0,3
360,354,32.0,69.6,688,5.148481,0,3
359,359,32.1,69.6,688,5.148481,0,3
360,356,32.0,69.6,688,5.148481,0,3
360,359,32.0,69.5,688,5.148481,0,3
360,356,32.0,69.6,688,5.148481,0,3
361,358,32.0,69.8,688,5.148481,0,3
357,355,32.0,69.7,688,5.148481,0,3
368,354,32.0,69.7,688,5.148481,0,3
368,353,32.0,69.5,688,5.148481,0,3
370,353,32.1,69.7,688,5.148481,0,3
369,354,32.0,69.9,689,5.148481,0,3
370,357,32.0,70.2,689,5.148481,0,3
372,359,32.1,70.2,689,5.148481,0,3
376,344,32.1,70.1,689,5.148481,0,3
377,345,32.1,70.2,689,5.148481,0,3
381,358,32.1,70.1,689,5.148481,0,3
385,358,32.1,70.2,689,5.148481,0,3
390,353,32.1,70.5,689,5.148481,0,3
390,361,32.1,70.6,689,5.148481,0,3
390,362,32.1,70.7,689,5.148481,0,3
375,349,32.1,70.6,689,5.148481,0,3
370,346,32.1,70.4,689,5.148481,0,3
389,342,32.1,70.3,690,5.148481,0,3
389,345,32.1,70.3,690,5.148481,0,3
387,348,32.1,70.1,690,5.148481,0,3
382,372,32.1,70.0,690,5.148481,0,3
387,372,32.1,69.9,690,5.148481,0,3
390,371,32.1,70.0,690,5.148481,0,3
385,366,32.1,70.1,690,5.148481,0,3
389,362,32.1,70.4,690,5.148481,0,3
388,366,32.1,70.4,690,5.148481,0,3
388,364,32.1,70.1,690,5.148481,0,3
373,358,32.1,70.0,690,5.148481,0,3
369,357,32.1,70.1,690,5.148481,0,3
377,356,32.1,70.2,691,5.17,0,3
376,362,32.1,70.2,691,5.17,0,3
375,362,32.1,70.3,691,5.17,0,3
374,365,32.1,70.1,691,5.17,0,3
378,365,32.1,70.0,691,5.17,0,3
377,362,32.1,69.9,691,5.17,0,3
369,361,32.1,69.7,691,5.17,0,3
367,359,32.1,69.4,691,5.17,0,3
378,360,32.1,69.5,691,5.17,0,3
400,361,32.1,69.6,691,5.17,0,3
395,361,32.1,69.7,691,5.17,0,3
387,361,32.1,69.7,691,5.17,0,3
387,360,32.1,70.1,692,5.17,0,3
387,360,32.1,70.2,692,5.17,0,3
390,372,32.1,70.4,692,5.17,0,3
387,367,32.1,70.9,692,5.17,0,3
369,355,32.1,71.0,692,5.17,0,3
372,358,32.1,70.9,692,5.17,0,3
385,366,32.1,70.9,692,5.17,0,3
388,359,32.1,71.0,692,5.17,0,3
388,360,32.1,70.9,692,5.17,0,3
392,369,32.1,70.9,692,5.17,0,3
390,369,32.1,70.7,692,5.17,0,3
394,372,32.1,70.8,692,5.17,0,3
394,372,32.1,71.1,693,5.17,0,3
394,376,32.1,71.1,693,5.17,0,3
393,374,32.1,71.1,693,5.17,0,3
398,375,32.1,71.2,693,5.17,0,3
401,389,32.1,71.3,693,5.17,0,3
392,385,32.1,71.2,693,5.17,0,3
392,394,32.1,71.1,693,5.17,0,3
415,390,32.1,70.9,693,5.17,0,3
416,391,32.1,70.6,693,5.17,0,3
409,394,32.1,70.5,693,5.17,0,3
409,387,32.1,70.4,693,5.17,0,3
414,390,32.1,70.4,693,5.17,0,3
416,386,32.1,70.7,694,5.17,0,3
418,397,32.1,70.8,694,5.17,0,3
424,395,32.1,71.0,694,5.17,0,3
422,395,32.2,71.5,694,5.17,0,3
419,396,32.1,72.3,694,5.17,0,3
419,395,32.2,73.2,694,5.17,0,3
421,395,32.2,73.7,694,5.17,0,3
417,390,32.2,74.6,694,5.17,0,3
420,386,32.2,75.2,694,5.17,0,3
422,389,32.2,76.0,694,5.17,0,3
421,393,32.2,76.9,694,5.17,0,3
421,411,32.2,77.5,694,5.17,0,3
419,413,32.2,77.9,695,5.17,0,3
418,408,32.2,77.8,695,5.17,0,3
413,405,32.2,77.0,695,5.17,0,3
403,402,32.2,76.0,695,5.17,0,3
403,408,32.2,75.4,695,5.17,0,3
404,407,32.2,74.0,695,5.17,0,3
410,412,32.2,73.3,695,5.17,0,3
406,408,32.2,72.6,695,5.17,0,3
405,405,32.2,72.5,695,5.17,0,3
390,405,32.2,72.6,695,5.17,0,3
389,389,32.2,72.5,695,5.17,0,3
390,384,32.2,72.5,695,5.17,0,3
391,383,32.2,72.4,696,5.17,0,3
392,378,32.1,72.3,696,5.17,0,3
396,389,32.2,72.2,696,5.17,0,3
396,389,32.0,72.2,696,5.17,0,3
396,389,32.0,72.2,696,5.17,0,3
396,389,32.0,72.2,696,5.17,0,3
395,389,32.0,72.2,696,5.17,0,3
395,389,32.0,72.3,696,5.17,0,3
395,389,32.0,72.3,696,5.17,0,3
395,389,32.0,72.3,696,5.17,0,3
395,389,32.0,72.3,696,5.17,0,3
395,389,32.0,72.3,696,5.17,0,3
395,389,32.0,72.3,697,5.17,0,3
394,389,32.0,72.4,697,5.17,0,3
394,389,32.0,72.4,697,5.17,0,3
394,389,32.0,72.4,697,5.17,0,3
394,389,32.0,72.4,697,5.17,0,3
394,389,32.0,72.4,697,5.17,0,3
394,389,32.0,72.4,697,5.17,0,3
394,389,32.0,72.4,697,5.17,0,3
393,389,32.0,72.5,697,5.17,0,3
393,389,32.0,72.5,697,5.17,0,3
393,389,32.0,72.5,697,5.17,0,3
393,389,31.9,72.5,697,5.17,0,3
393,389,31.9,72.5,698,5.17,0,3
393,389,31.9,72.5,698,5.17,0,3
393,389,31.9,72.6,698,5.17,0,3
392,389,31.9,72.6,698,5.17,0,3
392,389,31.9,72.6,698,5.17,0,3
392,389,31.9,72.6,698,5.17,0,3
392,389,31.9,72.6,698,5.17,0,3
392,389,31.9,72.6,698,5.17,0,3
392,389,31.9,72.6,698,5.17,0,3
392,389,31.9,72.7,698,5.17,0,3
391,389,31.9,72.7,698,5.17,0,3
391,389,31.9,72.7,698,5.17,0,3
391,389,31.9,72.7,699,5.17,0,3
391,389,31.9,72.7,699,5.17,0,3
391,389,31.9,72.7,699,5.17,0,3
391,389,31.9,72.7,699,5.17,0,3
391,389,31.9,72.8,699,5.17,0,3
390,389,31.9,72.8,699,5.17,0,3
390,389,31.9,72.8,699,5.17,0,3
390,389,31.9,72.8,699,5.17,0,3
390,389,31.9,72.8,699,5.17,0,3
390,389,31.9,72.8,699,5.17,0,3
390,389,31.9,72.9,699,5.17,0,3
389,389,31.9,72.9,699,5.17,0,3
389,389,31.9,72.9,700,5.17,0,3
389,389,31.9,72.9,700,5.17,0,3
389,389,31.9,72.9,700,5.17,0,3
389,389,31.9,72.9,700,5.17,0,3
389,389,31.9,72.9,700,5.17,0,3
389,389,31.9,73.0,700,5.17,0,3
388,389,31.9,73.0,700,5.17,0,3
388,389,31.9,73.0,700,5.17,0,3
388,389,31.9,73.0,700,5.17,0,3
388,389,31.9,73.0,700,5.17,0,3
388,389,31.9,73.0,700,5.17,0,3
388,389,31.9,73.1,700,5.17,0,3
388,389,31.9,73.1,701,5.17,0,3
387,389,31.9,73.1,701,5.17,0,3
387,389,31.9,73.1,701,5.17,0,3
387,389,31.9,73.1,701,5.17,0,3
387,389,31.8,73.1,701,5.17,0,3
387,389,31.8,73.1,701,5.17,0,3
387,389,31.8,73.2,701,5.17,0,3
387,389,31.8,73.2,701,5.17,0,3
386,389,31.8,73.2,701,5.17,0,3
386,389,31.8,73.2,701,5.17,0,3
386,389,31.8,73.2,701,5.17,0,3
386,389,31.8,73.2,701,5.17,0,3
386,389,31.8,73.3,702,5.17,0,3
386,389,31.8,73.3,702,5.17,0,3
386,389,31.8,73.3,702,5.17,0,3
385,389,31.8,73.3,702,5.17,0,3
385,389,31.8,73.3,702,5.17,0,3
385,389,31.8,73.3,702,5.17,0,3
385,389,31.8,73.3,702,5.17,0,3
385,389,31.8,73.4,702,5.17,0,3
385,389,31.8,73.4,702,5.17,0,3
385,389,31.8,73.4,702,5.17,0,3
384,389,31.8,73.4,702,5.17,0,3
384,389,31.8,73.4,702,5.17,0,3
384,389,31.8,73.4,703,5.17,0,3
384,389,31.8,73.5,703,5.17,0,3
384,389,31.8,73.5,703,5.17,0,3
384,389,31.8,73.5,703,5.17,0,3
384,389,31.8,73.5,703,5.17,0,3
383,389,31.8,73.5,703,5.17,0,3
383,389,31.8,73.5,703,5.17,0,3
383,389,31.8,73.5,703,5.17,0,3
383,389,31.8,73.6,703,5.17,0,3
383,389,31.8,73.6,703,5.17,0,3
383,389,31.8,73.6,703,5.17,0,3
383,389,31.8,73.6,703,5.17,0,3
382,389,31.8,73.6,704,5.17,0,3
382,389,31.8,73.6,704,5.17,0,3
382,389,31.8,73.6,704,5.17,0,3
382,390,31.8,73.7,704,5.17,0,3
382,390,31.8,73.7,704,5.17,0,3
382,390,31.8,73.7,704,5.17,0,3
382,390,31.8,73.7,704,5.17,0,3
381,390,31.8,73.7,704,5.17,0,3
381,390,31.8,73.7,704,5.17,0,3
381,390,31.7,73.8,704,5.17,0,3
381,390,31.7,73.8,704,5.17,0,3
381,390,31.7,73.8,704,5.17,0,3
381,390,31.7,73.8,705,5.17,0,3
381,390,31.7,73.8,705,5.17,0,3
380,390,31.7,73.8,705,5.17,0,3
380,390,31.7,73.8,705,5.17,0,3
380,390,31.7,73.9,705,5.17,0,3
380,390,31.7,73.9,705,5.17,0,3
380,390,31.7,73.9,705,5.17,0,3
380,390,31.7,73.9,705,5.17,0,3
380,390,31.7,73.9,705,5.17,0,3
379,390,31.7,73.9,705,5.17,0,3
379,390,31.7,74.0,705,5.17,0,3
379,390,31.7,74.0,705,5.17,0,3
379,390,31.7,74.0,706,5.17,0,3
379,390,31.7,74.0,706,5.17,0,3
379,390,31.7,74.0,706,5.17,0,3
378,390,31.7,74.0,706,5.17,0,3
378,390,31.7,74.0,706,5.17,0,3
378,390,31.7,74.1,706,5.17,0,3
378,390,31.7,74.1,706,5.17,0,3
378,390,31.7,74.1,706,5.17,0,3
378,390,31.7,74.1,706,5.17,0,3
378,390,31.7,74.1,706,5.17,0,3
377,390,31.7,74.1,706,5.17,0,3
377,390,31.7,74.2,706,5.17,0,3
377,390,31.7,74.2,707,5.17,0,3
377,390,31.7,74.2,707,5.17,0,3
377,390,31.7,74.2,707,5.17,0,3
377,390,31.7,74.2,707,5.17,0,3
377,390,31.7,74.2,707,5.17,0,3
376,390,31.7,74.2,707,5.17,0,3
376,390,31.7,74.3,707,5.17,0,3
376,390,31.7,74.3,707,5.17,0,3
376,390,31.7,74.3,707,5.17,0,3
376,390,31.7,74.3,707,5.17,0,3
376,390,31.7,74.3,707,5.17,0,3
376,390,31.7,74.3,707,5.17,0,3
375,390,31.7,74.4,708,5.17,0,3
375,390,31.7,74.4,708,5.17,0,3
375,390,31.7,74.4,708,5.17,0,3
375,390,31.6,74.4,708,5.17,0,3
375,390,31.6,74.4,708,5.17,0,3
375,390,31.6,74.4,708,5.17,0,3
375,390,31.6,74.4,708,5.17,0,3
374,390,31.6,74.5,708,5.17,0,3
374,390,31.6,74.5,708,5.17,0,3
374,390,31.6,74.5,708,5.17,0,3
374,390,31.6,74.5,708,5.17,0,3
374,390,31.6,74.5,708,5.17,0,3
374,390,31.6,74.5,709,5.17,0,3
374,390,31.6,74.5,709,5.17,0,3
373,390,31.6,74.6,709,5.17,0,3
373,390,31.6,74.6,709,5.17,0,3
373,390,31.6,74.6,709,5.17,0,3
373,390,31.6,74.6,709,5.17,0,3
373,390,31.6,74.6,709,5.17,0,3
373,390,31.6,74.6,709,5.17,0,3
373,390,31.6,74.7,709,5.17,0,3
372,390,31.6,74.7,709,5.17,0,3
372,390,31.6,74.7,709,5.17,0,3
372,390,31.6,74.7,709,5.17,0,3
372,390,31.6,74.7,710,5.17,0,3
372,390,31.6,74.7,710,5.17,0,3
372,390,31.6,74.7,710,5.17,0,3
372,390,31.6,74.8,710,5.17,0,3
371,390,31.6,74.8,710,5.17,0,3
371,390,31.6,74.8,710,5.17,0,3
371,390,31.6,74.8,710,5.17,0,3
371,390,31.6,74.8,710,5.17,0,3
371,390,31.6,74.8,710,5.17,0,3
371,390,31.6,74.9,710,5.17,0,3
371,390,31.6,74.9,710,5.17,0,3
370,390,31.6,74.9,710,5.17,0,3
370,390,31.6,74.9,711,5.1906,0,3
370,390,31.6,74.9,711,5.1906,0,3
370,390,31.6,74.9,711,5.1906,0,3
370,390,31.6,74.9,711,5.1906,0,3
370,390,31.6,75.0,711,5.1906,0,3
370,390,31.6,75.0,711,5.1906,0,3
369,390,31.6,75.0,711,5.1906,0,3
369,390,31.6,75.0,711,5.1906,0,3
369,390,31.5,75.0,711,5.1906,0,3
369,390,31.5,75.0,711,5.1906,0,3
369,390,31.5,75.1,711,5.1906,0,3
369,390,31.5,75.1,711,5.1906,0,3
369,390,31.5,75.1,712,5.1906,0,3
368,390,31.5,75.1,712,5.1906,0,3
368,390,31.5,75.1,712,5.1906,0,3
368,390,31.5,75.1,712,5.1906,0,3
368,390,31.5,75.1,712,5.1906,0,3
368,390,31.5,75.2,712,5.1906,0,3
368,390,31.5,75.2,712,5.1906,0,3
367,390,31.5,75.2,712,5.1906,0,3
367,390,31.5,75.2,712,5.1906,0,3
367,390,31.5,75.2,712,5.1906,0,3
367,390,31.5,75.2,712,5.1906,0,3
367,390,31.5,75.3,712,5.1906,0,3
367,390,31.5,75.3,713,5.1906,0,3
367,390,31.5,75.3,713,5.1906,0,3
366,390,31.5,75.3,713,5.1906,0,3
366,390,31.5,75.3,713,5.1906,0,3
366,390,31.5,75.3,713,5.1906,0,3
366,390,31.5,75.3,713,5.1906,0,3
366,390,31.5,75.4,713,5.1906,0,3
366,390,31.5,75.4,713,5.1906,0,3
366,390,31.5,75.4,713,5.1906,0,3
365,390,31.5,75.4,713,5.1906,0,3
365,390,31.5,75.4,713,5.1906,0,3
365,390,31.5,75.4,713,5.1906,0,3
365,390,31.5,75.4,714,5.1906,0,3
365,390,31.5,75.5,714,5.1906,0,3
365,390,31.5,75.5,714,5.1906,0,3
365,390,31.5,75.5,714,5.1906,0,3
364,390,31.5,75.5,714,5.1906,0,3
364,390,31.5,75.5,714,5.1906,0,3
364,390,31.5,75.5,714,5.1906,0,3
364,390,31.5,75.6,714,5.1906,0,3
364,390,31.5,75.6,714,5.1906,0,3
364,390,31.5,75.6,714,5.1906,0,3
364,390,31.5,75.6,714,5.1906,0,3
363,390,31.5,75.6,714,5.1906,0,3
363,390,31.5,75.6,715,5.1906,0,3
363,390,31.4,75.6,715,5.1906,0,3
363,390,31.4,75.7,715,5.1906,0,3
363,390,31.4,75.7,715,5.1906,0,3
363,390,31.4,75.7,715,5.1906,0,3
363,390,31.4,75.7,715,5.1906,0,3
362,390,31.4,75.7,715,5.1906,0,3
362,390,31.4,75.7,715,5.1906,0,3
362,390,31.4,75.8,715,5.1906,0,3
362,390,31.4,75.8,715,5.1906,0,3
362,390,31.4,75.8,715,5.1906,0,3
362,390,31.4,75.8,715,5.1906,0,3
362,390,31.4,75.8,716,5.1906,0,3
361,390,31.4,75.8,716,5.1906,0,3
361,390,31.4,75.8,716,5.1906,0,3
361,390,31.4,75.9,716,5.1906,0,3
361,390,31.4,75.9,716,5.1906,0,3
361,390,31.4,75.9,716,5.1906,0,3
361,390,31.4,75.9,716,5.1906,0,3
361,390,31.4,75.9,716,5.1906,0,3
360,390,31.4,75.9,716,5.1906,0,3
360,390,31.4,76.0,716,5.1906,0,3
360,390,31.4,76.0,716,5.1906,0,3
360,390,31.4,76.0,716,5.1906,0,3
360,390,31.4,76.0,717,5.1906,0,3
360,390,31.4,76.0,717,5.1906,0,3
360,390,31.4,76.0,717,5.1906,0,3
359,390,31.4,76.0,717,5.1906,0,3
359,390,31.4,76.1,717,5.1906,0,3
359,390,31.4,76.1,717,5.1906,0,3
359,390,31.4,76.1,717,5.1906,0,3
359,390,31.4,76.1,717,5.1906,0,3
359,390,31.4,76.1,717,5.1906,0,3
359,390,31.4,76.1,717,5.1906,0,3
358,390,31.4,76.2,717,5.1906,0,3
358,390,31.4,76.2,717,5.1906,0,3
358,390,31.4,76.2,718,5.1906,0,3
358,390,31.4,76.2,718,5.1906,0,3
358,390,31.4,76.2,718,5.1906,0,3
358,390,31.4,76.2,718,5.1906,0,3
358,390,31.4,76.2,718,5.1906,0,3
357,390,31.4,76.3,718,5.1906,0,3
357,390,31.3,76.3,718,5.1906,0,3
357,390,31.3,76.3,718,5.1906,0,3
357,390,31.3,76.3,718,5.1906,0,3
357,390,31.3,76.3,718,5.1906,0,3
357,390,31.3,76.3,718,5.1906,0,3
357,390,31.3,76.3,718,5.1906,0,3
356,390,31.3,76.4,719,5.1906,0,3
356,390,31.3,76.4,719,5.1906,0,3
356,390,31.3,76.4,719,5.1906,0,3
356,390,31.3,76.4,719,5.1906,0,3
356,390,31.3,76.4,719,5.1906,0,3
356,390,31.3,76.4,719,5.1906,0,3
355,390,31.3,76.5,719,5.1906,0,3
355,390,31.3,76.5,719,5.1906,0,3
355,390,31.3,76.5,719,5.1906,0,3
355,390,31.3,76.5,719,5.1906,0,3
355,390,31.3,76.5,719,5.1906,0,3
355,390,31.3,76.5,719,5.1906,0,3
355,390,31.3,76.5,720,5.1906,0,3
354,390,31.3,76.6,720,5.1906,0,3
354,390,31.3,76.6,720,5.1906,0,3
354,390,31.3,76.6,720,5.1906,0,3
354,390,31.3,76.6,720,5.1906,0,3
354,390,31.3,76.6,720,5.1906,0,3
354,390,31.3,76.6,720,5.1906,0,3
354,390,31.3,76.7,720,5.1906,0,3
353,390,31.3,76.7,720,5.1906,0,3
353,390,31.3,76.7,720,5.1906,0,3
353,390,31.3,76.7,720,5.1906,0,3
353,390,31.3,76.7,720,5.1906,0,3
353,390,31.3,76.7,721,5.1906,0,3
353,390,31.3,76.7,721,5.1906,0,3
353,390,31.3,76.8,721,5.1906,0,3
352,390,31.3,76.8,721,5.1906,0,3
352,390,31.3,76.8,721,5.1906,0,3
352,390,31.3,76.8,721,5.1906,0,3
352,390,31.3,76.8,721,5.1906,0,3
352,390,31.3,76.8,721,5.1906,0,3
352,390,31.3,76.9,721,5.1906,0,3
352,390,31.3,76.9,721,5.1906,0,3
351,390,31.3,76.9,721,5.1906,0,3
351,390,31.2,76.9,721,5.1906,0,3
351,390,31.2,76.9,722,5.1906,0,3
351,390,31.2,76.9,722,5.1906,0,3
351,390,31.2,76.9,722,5.1906,0,3
351,391,31.2,77.0,722,5.1906,0,3
351,391,31.2,77.0,722,5.1906,0,3
350,391,31.2,77.0,722,5.1906,0,3
350,391,31.2,77.0,722,5.1906,0,3
350,391,31.2,77.0,722,5.1906,0,3
350,391,31.2,77.0,722,5.1906,0,3
350,391,31.2,77.1,722,5.1906,0,3
350,391,31.2,77.1,722,5.1906,0,3
350,391,31.2,77.1,722,5.1906,0,3
349,391,31.2,77.1,723,5.1906,0,3
349,391,31.2,77.1,723,5.1906,0,3
349,391,31.2,77.1,723,5.1906,0,3
349,391,31.2,77.1,723,5.1906,0,3
349,391,31.2,77.2,723,5.1906,0,3
349,391,31.2,77.2,723,5.1906,0,3
349,391,31.2,77.2,723,5.1906,0,3
348,391,31.2,77.2,723,5.1906,0,3
348,391,31.2,77.2,723,5.1906,0,3
348,391,31.2,77.2,723,5.1906,0,3
348,391,31.2,77.2,723,5.1906,0,3
348,391,31.2,77.3,723,5.1906,0,3
348,391,31.2,77.3,724,5.1906,0,3
348,391,31.2,77.3,724,5.1906,0,3
347,391,31.2,77.3,724,5.1906,0,3
347,391,31.2,77.3,724,5.1906,0,3
347,391,31.2,77.3,724,5.1906,0,3
347,391,31.2,77.4,724,5.1906,0,3
347,391,31.2,77.4,724,5.1906,0,3
347,391,31.2,77.4,724,5.1906,0,3
347,391,31.2,77.4,724,5.1906,0,3
346,391,31.2,77.4,724,5.1906,0,3
346,391,31.2,77.4,724,5.1906,0,3
346,391,31.2,77.4,724,5.1906,0,3
346,391,31.2,77.5,725,5.1906,0,3
346,391,31.2,77.5,725,5.1906,0,3
346,391,31.2,77.5,725,5.1906,0,3
346,391,31.2,77.5,725,5.1906,0,3
345,391,31.1,77.5,725,5.1906,0,3
345,391,31.1,77.5,725,5.1906,0,3
345,391,31.1,77.6,725,5.1906,0,3
345,391,31.1,77.6,725,5.1906,0,3
345,391,31.1,77.6,725,5.1906,0,3
345,391,31.1,77.6,725,5.1906,0,3
344,391,31.1,77.6,725,5.1906,0,3
344,391,31.1,77.6,725,5.1906,0,3
344,391,31.1,77.6,726,5.1906,0,3
344,391,31.1,77.7,726,5.1906,0,3
344,391,31.1,77.7,726,5.1906,0,3
344,391,31.1,77.7,726,5.1906,0,3
344,391,31.1,77.7,726,5.1906,0,3
343,391,31.1,77.7,726,5.1906,0,3
343,391,31.1,77.7,726,5.1906,0,3
343,391,31.1,77.8,726,5.1906,0,3
343,391,31.1,77.8,726,5.1906,0,3
343,391,31.1,77.8,726,5.1906,0,3
343,391,31.1,77.8,726,5.1906,0,3
343,391,31.1,77.8,726,5.1906,0,3
342,391,31.1,77.8,727,5.1906,0,3
342,391,31.1,77.8,727,5.1906,0,3
342,391,31.1,77.9,727,5.1906,0,3
342,391,31.1,77.9,727,5.1906,0,3
342,391,31.1,77.9,727,5.1906,0,3
342,391,31.1,77.9,727,5.1906,0,3
342,391,31.1,77.9,727,5.1906,0,3
341,391,31.1,77.9,727,5.1906,0,3
341,391,31.1,78.0,727,5.1906,0,3
341,391,31.1,78.0,727,5.1906,0,3
341,391,31.1,78.0,727,5.1906,0,3
341,391,31.1,78.0,727,5.1906,0,3
341,391,31.1,78.0,728,5.1906,0,3
341,391,31.1,78.0,728,5.1906,0,3
340,391,31.1,78.0,728,5.1906,0,3
340,391,31.1,78.1,728,5.1906,0,3
340,391,31.1,78.1,728,5.1906,0,3
340,391,31.1,78.1,728,5.1906,0,3
340,391,31.1,78.1,728,5.1906,0,3
340,391,31.1,78.1,728,5.1906,0,3
340,391,31.1,78.1,728,5.1906,0,3
339,391,31.0,78.1,728,5.1906,0,3
339,391,31.0,78.2,728,5.1906,0,3
339,391,31.0,78.2,728,5.1906,0,3
339,391,31.0,78.2,729,5.1906,0,3
339,391,31.0,78.2,729,5.1906,0,3
339,391,31.0,78.2,729,5.1906,0,3
339,391,31.0,78.2,729,5.1906,0,3
338,391,31.0,78.3,729,5.1906,0,3
338,391,31.0,78.3,729,5.1906,0,3
338,391,31.0,78.3,729,5.1906,0,3
338,391,31.0,78.3,729,5.1906,0,3
338,391,31.0,78.3,729,5.1906,0,3
338,391,31.0,78.3,729,5.1906,0,3
338,391,31.0,78.3,729,5.1906,0,3
337,391,31.0,78.4,729,5.1906,0,3
337,391,31.0,78.4,730,5.1906,0,3
337,391,31.0,78.4,730,5.1906,0,3
337,391,31.0,78.4,730,5.1906,0,3
337,391,31.0,78.4,730,5.1906,0,3
337,391,31.0,78.4,730,5.1906,0,3
337,391,31.0,78.5,730,5.1906,0,3
336,391,31.0,78.5,730,5.1906,0,3
336,391,31.0,78.5,730,5.1906,0,3
336,391,31.0,78.5,730,5.1906,0,3
336,391,31.0,78.5,730,5.1906,0,3
336,391,31.0,78.5,730,5.1906,0,3
336,391,31.0,78.5,730,5.1906,0,3
336,391,31.0,78.6,731,5.20528,0,3
335,391,31.0,78.6,731,5.20528,0,3
335,391,31.0,78.6,731,5.20528,0,3
335,391,31.0,78.6,731,5.20528,0,3
335,391,31.0,78.6,731,5.20528,0,3
335,391,31.0,78.6,731,5.20528,0,3
335,391,31.0,78.7,731,5.20528,0,3
335,391,31.0,78.7,731,5.20528,0,3
334,391,31.0,78.7,731,5.20528,0,3
334,391,31.0,78.7,731,5.20528,0,3
334,391,31.0,78.7,731,5.20528,0,3
334,391,31.0,78.7,731,5.20528,0,3
334,391,31.0,78.7,732,5.20528,0,3
334,391,31.0,78.8,732,5.20528,0,3
334,391,31.0,78.8,732,5.20528,0,3
333,391,30.9,78.8,732,5.20528,0,3
333,391,30.9,78.8,732,5.20528,0,3
333,391,30.9,78.8,732,5.20528,0,3
333,391,30.9,78.8,732,5.20528,0,3
333,391,30.9,78.9,732,5.20528,0,3
333,391,30.9,78.9,732,5.20528,0,3
332,391,30.9,78.9,732,5.20528,0,3
332,391,30.9,78.9,732,5.20528,0,3
332,391,30.9,78.9,732,5.20528,0,3
332,391,30.9,78.9,733,5.20528,0,3
332,391,30.9,78.9,733,5.20528,0,3
332,391,30.9,79.0,733,5.20528,0,3
332,391,30.9,79.0,733,5.20528,0,3
331,391,30.9,79.0,733,5.20528,0,3
331,391,30.9,79.0,733,5.20528,0,3
331,391,30.9,79.0,733,5.20528,0,3
331,391,30.9,79.0,733,5.20528,0,3
331,391,30.9,79.1,733,5.20528,0,3
331,391,30.9,79.1,733,5.20528,0,3
331,391,30.9,79.1,733,5.20528,0,3
330,391,30.9,79.1,733,5.20528,0,3
330,391,30.9,79.1,734,5.20528,0,3
330,391,30.9,79.1,734,5.20528,0,3
330,391,30.9,79.1,734,5.20528,0,3
330,391,30.9,79.2,734,5.20528,0,3
330,391,30.9,79.2,734,5.20528,0,3
330,391,30.9,79.2,734,5.20528,0,3
329,391,30.9,79.2,734,5.20528,0,3
329,391,30.9,79.2,734,5.20528,0,3
329,391,30.9,79.2,734,5.20528,0,3
329,391,30.9,79.2,734,5.20528,0,3
329,391,30.9,79.3,734,5.20528,0,3
329,391,30.9,79.3,734,5.20528,0,3
329,391,30.9,79.3,735,5.20528,0,3
328,391,30.9,79.3,735,5.20528,0,3
328,391,30.9,79.3,735,5.20528,0,3
328,391,30.9,79.3,735,5.20528,0,3
328,391,30.9,79.4,735,5.20528,0,3
328,391,30.9,79.4,735,5.20528,0,3
328,391,30.9,79.4,735,5.20528,0,3
328,391,30.9,79.4,735,5.20528,0,3
327,391,30.8,79.4,735,5.20528,0,3
327,391,30.8,79.4,735,5.20528,0,3
327,391,30.8,79.4,735,5.20528,0,3
327,391,30.8,79.5,735,5.20528,0,3
327,391,30.8,79.5,736,5.20528,0,3
327,391,30.8,79.5,736,5.20528,0,3
327,391,30.8,79.5,736,5.20528,0,3
326,391,30.8,79.5,736,5.20528,0,3
326,391,30.8,79.5,736,5.20528,0,3
326,391,30.8,79.6,736,5.20528,0,3
326,391,30.8,79.6,736,5.20528,0,3
326,391,30.8,79.6,736,5.20528,0,3
326,391,30.8,79.6,736,5.20528,0,3
326,391,30.8,79.6,736,5.20528,0,3
325,391,30.8,79.6,736,5.20528,0,3
325,391,30.8,79.6,736,5.20528,0,3
325,391,30.8,79.7,737,5.20528,0,3
325,391,30.8,79.7,737,5.20528,0,3
325,391,30.8,79.7,737,5.20528,0,3
325,391,30.8,79.7,737,5.20528,0,3
325,391,30.8,79.7,737,5.20528,0,3
324,391,30.8,79.7,737,5.20528,0,3
324,391,30.8,79.8,737,5.20528,0,3
324,391,30.8,79.8,737,5.20528,0,3
324,391,30.8,79.8,737,5.20528,0,3
324,391,30.8,79.8,737,5.20528,0,3
324,391,30.8,79.8,737,5.20528,0,3
324,391,30.8,79.8,737,5.20528,0,3
323,391,30.8,79.8,738,5.20528,0,3
323,391,30.8,79.9,738,5.20528,0,3
323,391,30.8,79.9,738,5.20528,0,3
323,391,30.8,79.9,738,5.20528,0,3
323,391,30.8,79.9,738,5.20528,0,3
323,391,30.8,79.9,738,5.20528,0,3
323,391,30.8,79.9,738,5.20528,0,3
322,391,30.8,80.0,738,5.20528,0,3
322,391,30.8,80.0,738,5.20528,0,3
322,391,30.8,80.0,738,5.20528,0,3
322,391,30.8,80.0,738,5.20528,0,3
322,391,30.8,80.0,738,5.20528,0,3
322,391,30.8,80.0,739,5.20528,0,3
321,391,30.7,80.0,739,5.20528,0,3
321,391,30.7,80.1,739,5.20528,0,3
321,391,30.7,80.1,739,5.20528,0,3
321,391,30.7,80.1,739,5.20528,0,3
321,391,30.7,80.1,739,5.20528,0,3
321,391,30.7,80.1,739,5.20528,0,3
321,391,30.7,80.1,739,5.20528,0,3
320,391,30.7,80.1,739,5.20528,0,3
320,391,30.7,80.2,739,5.20528,0,3
320,391,30.7,80.2,739,5.20528,0,3
320,391,30.7,80.2,739,5.20528,0,3
320,391,30.7,80.2,740,5.20528,0,3
320,391,30.7,80.2,740,5.20528,0,3
320,391,30.7,80.2,740,5.20528,0,3
319,392,30.7,80.3,740,5.20528,0,3
319,392,30.7,80.3,740,5.20528,0,3
319,392,30.7,80.3,740,5.20528,0,3
319,392,30.7,80.3,740,5.20528,0,3
319,392,30.7,80.3,740,5.20528,0,3
319,392,30.7,80.3,740,5.20528,0,3
319,392,30.7,80.3,740,5.20528,0,3
318,392,30.7,80.4,740,5.20528,0,3
318,392,30.7,80.4,740,5.20528,0,3
318,392,30.7,80.4,741,5.2224,0,3
318,392,30.7,80.4,741,5.2224,0,3
318,392,30.7,80.4,741,5.2224,0,3
318,392,30.7,80.4,741,5.2224,0,3
318,392,30.7,80.5,741,5.2224,0,3
317,392,30.7,80.5,741,5.2224,0,3
317,392,30.7,80.5,741,5.2224,0,3
317,392,30.7,80.5,741,5.2224,0,3
317,392,30.7,80.5,741,5.2224,0,3
317,392,30.7,80.5,741,5.2224,0,3
317,392,30.7,80.5,741,5.2224,0,3
317,392,30.7,80.6,741,5.2224,0,3
316,392,30.7,80.6,742,5.2224,0,3
316,392,30.7,80.6,742,5.2224,0,3
316,392,30.7,80.6,742,5.2224,0,3
316,392,30.7,80.6,742,5.2224,0,3
316,392,30.7,80.6,742,5.2224,0,3
316,392,30.7,80.7,742,5.2224,0,3
316,392,30.6,80.7,742,5.2224,0,3
315,392,30.6,80.7,742,5.2224,0,3
315,392,30.6,80.7,742,5.2224,0,3
315,392,30.6,80.7,742,5.2224,0,3
315,392,30.6,80.7,742,5.2224,0,3
315,392,30.6,80.7,742,5.2224,0,3
315,392,30.6,80.8,743,5.2224,0,3
315,392,30.6,80.8,743,5.2224,0,3
314,392,30.6,80.8,743,5.2224,0,3
314,392,30.6,80.8,743,5.2224,0,3
314,392,30.6,80.8,743,5.2224,0,3
314,392,30.6,80.8,743,5.2224,0,3
314,392,30.6,80.9,743,5.2224,0,3
314,392,30.6,80.9,743,5.2224,0,3
314,392,30.6,80.9,743,5.2224,0,3
313,392,30.6,80.9,743,5.2224,0,3
313,392,30.6,80.9,743,5.2224,0,3
313,392,30.6,80.9,743,5.2224,0,3
313,392,30.6,80.9,744,5.2224,0,3
313,392,30.6,81.0,744,5.2224,0,3
313,392,30.6,81.0,744,5.2224,0,3
313,392,30.6,81.0,744,5.2224,0,3
312,392,30.6,81.0,744,5.2224,0,3
312,392,30.6,81.0,744,5.2224,0,3
312,392,30.6,81.0,744,5.2224,0,3
312,392,30.6,81.0,744,5.2224,0,3
312,392,30.6,81.1,744,5.2224,0,3
312,392,30.6,81.1,744,5.2224,0,3
312,392,30.6,81.1,744,5.2224,0,3
311,392,30.6,81.1,744,5.2224,0,3
311,392,30.6,81.1,745,5.2224,0,3
311,392,30.6,81.1,745,5.2224,0,3
311,392,30.6,81.2,745,5.2224,0,3
311,392,30.6,81.2,745,5.2224,0,3
311,392,30.6,81.2,745,5.2224,0,3
310,392,30.6,81.2,745,5.2224,0,3
310,392,30.6,81.2,745,5.2224,0,3
310,392,30.6,81.2,745,5.2224,0,3
310,392,30.6,81.2,745,5.2224,0,3
310,392,30.6,81.3,745,5.2224,0,3
310,392,30.6,81.3,745,5.2224,0,3
310,392,30.5,81.3,745,5.2224,0,3
309,392,30.5,81.3,746,5.2224,0,3
309,392,30.5,81.3,746,5.2224,0,3
309,392,30.5,81.3,746,5.2224,0,3
309,392,30.5,81.4,746,5.2224,0,3
309,392,30.5,81.4,746,5.2224,0,3
309,392,30.5,81.4,746,5.2224,0,3
309,392,30.5,81.4,746,5.2224,0,3
308,392,30.5,81.4,746,5.2224,0,3
308,392,30.5,81.4,746,5.2224,0,3
308,392,30.5,81.4,746,5.2224,0,3
308,392,30.5,81.5,746,5.2224,0,3
308,392,30.5,81.5,746,5.2224,0,3
308,392,30.5,81.5,747,5.2224,0,3
308,392,30.5,81.5,747,5.2224,0,3
307,392,30.5,81.5,747,5.2224,0,3
307,392,30.5,81.5,747,5.2224,0,3
307,392,30.5,81.6,747,5.2224,0,3
307,392,30.5,81.6,747,5.2224,0,3
307,392,30.5,81.6,747,5.2224,0,3
307,392,30.5,81.6,747,5.2224,0,3
307,392,30.5,81.6,747,5.2224,0,3
306,392,30.5,81.6,747,5.2224,0,3
306,392,30.5,81.6,747,5.2224,0,3
306,392,30.5,81.7,747,5.2224,0,3
306,392,30.5,81.7,748,5.2224,0,3
306,392,30.5,81.7,748,5.2224,0,3
306,392,30.5,81.7,748,5.2224,0,3
306,392,30.5,81.7,748,5.2224,0,3
305,392,30.5,81.7,748,5.2224,0,3
305,392,30.5,81.8,748,5.2224,0,3
305,392,30.5,81.8,748,5.2224,0,3
305,392,30.5,81.8,748,5.2224,0,3
305,392,30.5,81.8,748,5.2224,0,3
305,392,30.5,81.8,748,5.2224,0,3
305,392,30.5,81.8,748,5.2224,0,3
304,392,30.5,81.8,748,5.2224,0,3
304,392,30.5,81.9,749,5.2224,0,3
304,392,30.5,81.9,749,5.2224,0,3
304,392,30.5,81.9,749,5.2224,0,3
304,392,30.5,81.9,749,5.2224,0,3
304,392,30.4,81.9,749,5.2224,0,3
304,392,30.4,81.9,749,5.2224,0,3
303,392,30.4,81.9,749,5.2224,0,3
303,392,30.4,82.0,749,5.2224,0,3
303,392,30.4,82.0,749,5.2224,0,3
303,392,30.4,82.0,749,5.2224,0,3
303,392,30.4,82.0,749,5.2224,0,3
303,392,30.4,82.0,749,5.2224,0,3
303,392,30.4,82.0,750,5.2224,0,3
302,392,30.4,82.1,750,5.2224,0,3
302,392,30.4,82.1,750,5.2224,0,3
302,392,30.4,82.1,750,5.2224,0,3
302,392,30.4,82.1,750,5.2224,0,3
302,392,30.4,82.1,750,5.2224,0,3
302,392,30.4,82.1,750,5.2224,0,3
302,392,30.4,82.1,750,5.2224,0,3
301,392,30.4,82.2,750,5.2224,0,3
301,392,30.4,82.2,750,5.2224,0,3
301,392,30.4,82.2,750,5.2224,0,3
301,392,30.4,82.2,750,5.2224,0,3
301,392,30.4,82.2,751,5.2224,0,3
301,392,30.4,82.2,751,5.2224,0,3
301,392,30.4,82.3,751,5.2224,0,3
300,392,30.4,82.3,751,5.2224,0,3
300,392,30.4,82.3,751,5.2224,0,3
300,392,30.4,82.3,751,5.2224,0,3
300,392,30.4,82.3,751,5.2224,0,3
300,392,30.4,82.3,751,5.2224,0,3
300,392,30.4,82.3,751,5.2224,0,3
300,392,30.4,82.4,751,5.2224,0,3
299,392,30.4,82.4,751,5.2224,0,3
299,392,30.4,82.4,751,5.2224,0,3
299,392,30.4,82.4,752,5.2224,0,3
299,392,30.4,82.4,752,5.2224,0,3
299,392,30.4,82.4,752,5.2224,0,3
299,392,30.4,82.5,752,5.2224,0,3
298,392,30.4,82.5,752,5.2224,0,3
298,392,30.4,82.5,752,5.2224,0,3
298,392,30.4,82.5,752,5.2224,0,3
298,392,30.4,82.5,752,5.2224,0,3
298,392,30.4,82.5,752,5.2224,0,3
298,392,30.3,82.5,752,5.2224,0,3
298,392,30.3,82.6,752,5.2224,0,3
297,392,30.3,82.6,752,5.2224,0,3
297,392,30.3,82.6,753,5.2224,0,3
297,392,30.3,82.6,753,5.2224,0,3
297,392,30.3,82.6,753,5.2224,0,3
297,392,30.3,82.6,753,5.2224,0,3
297,392,30.3,82.7,753,5.2224,0,3
297,392,30.3,82.7,753,5.2224,0,3
296,392,30.3,82.7,753,5.2224,0,3
296,392,30.3,82.7,753,5.2224,0,3
296,392,30.3,82.7,753,5.2224,0,3
296,392,30.3,82.7,753,5.2224,0,3
296,392,30.3,82.7,753,5.2224,0,3
296,392,30.3,82.8,753,5.2224,0,3
296,392,30.3,82.8,754,5.2224,0,3
295,392,30.3,82.8,754,5.2224,0,3
295,392,30.3,82.8,754,5.2224,0,3
295,392,30.3,82.8,754,5.2224,0,3
295,392,30.3,82.8,754,5.2224,0,3
295,392,30.3,82.8,754,5.2224,0,3
295,392,30.3,82.9,754,5.2224,0,3
295,392,30.3,82.9,754,5.2224,0,3
294,392,30.3,82.9,754,5.2224,0,3
294,392,30.3,82.9,754,5.2224,0,3
294,392,30.3,82.9,754,5.2224,0,3
294,392,30.3,82.9,754,5.2224,0,3
294,392,30.3,83.0,755,5.2224,0,3
294,392,30.3,83.0,755,5.2224,0,3
294,392,30.3,83.0,755,5.2224,0,3
293,392,30.3,83.0,755,5.2224,0,3
293,392,30.3,83.0,755,5.2224,0,3
293,392,30.3,83.0,755,5.2224,0,3
293,392,30.3,83.0,755,5.2224,0,3
293,392,30.3,83.1,755,5.2224,0,3
293,392,30.3,83.1,755,5.2224,0,3
293,392,30.3,83.1,755,5.2224,0,3
292,392,30.3,83.1,755,5.2224,0,3
292,392,30.3,83.1,755,5.2224,0,3
292,392,30.3,83.1,756,5.2415,0,3
292,392,30.3,83.2,756,5.2415,0,3
292,392,30.3,83.2,756,5.2415,0,3
292,392,30.2,83.2,756,5.2415,0,3
292,392,30.2,83.2,756,5.2415,0,3
291,392,30.2,83.2,756,5.2415,0,3
291,392,30.2,83.2,756,5.2415,0,3
291,392,30.2,83.2,756,5.2415,0,3
291,392,30.2,83.3,756,5.2415,0,3
291,392,30.2,83.3,756,5.2415,0,3
291,392,30.2,83.3,756,5.2415,0,3
291,392,30.2,83.3,756,5.2415,0,3
290,392,30.2,83.3,757,5.2415,0,3
290,392,30.2,83.3,757,5.2415,0,3
290,392,30.2,83.4,757,5.2415,0,3
290,392,30.2,83.4,757,5.2415,0,3
290,392,30.2,83.4,757,5.2415,0,3
290,392,30.2,83.4,757,5.2415,0,3
290,392,30.2,83.4,757,5.2415,0,3
289,392,30.2,83.4,757,5.2415,0,3
289,392,30.2,83.4,757,5.2415,0,3
289,392,30.2,83.5,757,5.2415,0,3
289,392,30.2,83.5,757,5.2415,0,3
289,392,30.2,83.5,757,5.2415,0,3
289,392,30.2,83.5,758,5.2415,0,3
289,392,30.2,83.5,758,5.2415,0,3
288,392,30.2,83.5,758,5.2415,0,3
288,393,30.2,83.6,758,5.2415,0,3
288,393,30.2,83.6,758,5.2415,0,3
288,393,30.2,83.6,758,5.2415,0,3
288,393,30.2,83.6,758,5.2415,0,3
288,393,30.2,83.6,758,5.2415,0,3
287,393,30.2,83.6,758,5.2415,0,3
287,393,30.2,83.6,758,5.2415,0,3
287,393,30.2,83.7,758,5.2415,0,3
287,393,30.2,83.7,758,5.2415,0,3
287,393,30.2,83.7,759,5.2415,0,3
287,393,30.2,83.7,759,5.2415,0,3
287,393,30.2,83.7,759,5.2415,0,3
286,393,30.2,83.7,759,5.2415,0,3
286,393,30.2,83.7,759,5.2415,0,3
286,393,30.2,83.8,759,5.2415,0,3
286,393,30.2,83.8,759,5.2415,0,3
286,393,30.2,83.8,759,5.2415,0,3
286,393,30.1,83.8,759,5.2415,0,3
286,393,30.1,83.8,759,5.2415,0,3
285,393,30.1,83.8,759,5.2415,0,3
285,393,30.1,83.9,759,5.2415,0,3
285,393,30.1,83.9,760,5.2415,0,3
285,393,30.1,83.9,760,5.2415,0,3
285,393,30.1,83.9,760,5.2415,0,3
285,393,30.1,83.9,760,5.2415,0,3
285,393,30.1,83.9,760,5.2415,0,3
284,393,30.1,83.9,760,5.2415,0,3
284,393,30.1,84.0,760,5.2415,0,3
284,393,30.1,84.0,760,5.2415,0,3
284,393,30.1,84.0,760,5.2415,0,3
284,393,30.1,84.0,760,5.2415,0,3
284,393,30.1,84.0,760,5.2415,0,3
284,393,30.1,84.0,760,5.2415,0,3
283,393,30.1,84.1,761,5.2415,0,3
283,393,30.1,84.1,761,5.2415,0,3
283,393,30.1,84.1,761,5.2415,0,3
283,393,30.1,84.1,761,5.2415,0,3
283,393,30.1,84.1,761,5.2415,0,3
283,393,30.1,84.1,761,5.2415,0,3
283,393,30.1,84.1,761,5.2415,0,3
282,393,30.1,84.2,761,5.2415,0,3
282,393,30.1,84.2,761,5.2415,0,3
282,393,30.1,84.2,761,5.2415,0,3
282,393,30.1,84.2,761,5.2415,0,3
282,393,30.1,84.2,761,5.2415,0,3
282,393,30.1,84.2,762,5.2415,0,3
282,393,30.1,84.3,762,5.2415,0,3
281,393,30.1,84.3,762,5.2415,0,3
281,393,30.1,84.3,762,5.2415,0,3
281,393,30.1,84.3,762,5.2415,0,3
281,393,30.1,84.3,762,5.2415,0,3
281,393,30.1,84.3,762,5.2415,0,3
281,393,30.1,84.3,762,5.2415,0,3
281,393,30.1,84.4,762,5.2415,0,3
280,393,30.1,84.4,762,5.2415,0,3
280,393,30.1,84.4,762,5.2415,0,3
280,393,30.1,84.4,762,5.2415,0,3
280,393,30.1,84.4,763,5.2415,0,3
280,393,30.0,84.4,763,5.2415,0,3
280,393,30.0,84.5,763,5.2415,0,3
280,393,30.0,84.5,763,5.2415,0,3
279,393,30.0,84.5,763,5.2415,0,3
279,393,30.0,84.5,763,5.2415,0,3
279,393,30.0,84.5,763,5.2415,0,3
279,393,30.0,84.5,763,5.2415,0,3
279,393,30.0,84.5,763,5.2415,0,3
279,393,30.0,84.6,763,5.2415,0,3
279,393,30.0,84.6,763,5.2415,0,3
278,393,30.0,84.6,763,5.2415,0,3
278,393,30.0,84.6,764,5.2415,0,3
278,393,30.0,84.6,764,5.2415,0,3
278,393,30.0,84.6,764,5.2415,0,3
278,393,30.0,84.6,764,5.2415,0,3
278,393,30.0,84.7,764,5.2415,0,3
278,393,30.0,84.7,764,5.2415,0,3
277,393,30.0,84.7,764,5.2415,0,3
277,393,30.0,84.7,764,5.2415,0,3
277,393,30.0,84.7,764,5.2415,0,3
277,393,30.0,84.7,764,5.2415,0,3
277,393,30.0,84.8,764,5.2415,0,3
277,393,30.0,84.8,764,5.2415,0,3
276,393,30.0,84.8,765,5.2415,0,3
276,393,30.0,84.8,765,5.2415,0,3
276,393,30.0,84.8,765,5.2415,0,3
276,393,30.0,84.8,765,5.2415,0,3
276,393,30.0,84.8,765,5.2415,0,3
276,393,30.0,84.9,765,5.2415,0,3
276,393,30.0,84.9,765,5.2415,0,3
275,393,30.0,84.9,765,5.2415,0,3
275,393,30.0,84.9,765,5.2415,0,3
275,393,30.0,84.9,765,5.2415,0,3
275,393,30.0,84.9,765,5.2415,0,3
275,393,30.0,85.0,765,5.2415,0,3
275,393,30.0,85.0,766,5.2415,0,3
275,393,30.0,85.0,766,5.2415,0,3
274,393,30.0,85.0,766,5.2415,0,3
274,393,30.0,85.0,766,5.2415,0,3
274,393,30.0,85.0,766,5.2415,0,3
274,393,30.0,85.0,766,5.2415,0,3
274,393,29.9,85.0,766,5.2415,0,3
274,393,29.9,85.0,766,5.2415,0,3
274,393,29.9,85.0,766,5.2415,0,3
273,393,29.9,85.0,766,5.2415,0,3
273,393,29.9,85.0,766,5.2415,0,3
273,393,29.9,85.0,766,5.2415,0,3
273,393,29.9,85.0,767,5.2415,0,3
273,393,29.9,85.0,767,5.2415,0,3
273,393,29.9,85.0,767,5.2415,0,3
273,393,29.9,85.0,767,5.2415,0,3
272,393,29.9,85.0,767,5.2415,0,3
272,393,29.9,85.0,767,5.2415,0,3
272,393,29.9,85.0,767,5.2415,0,3
272,393,29.9,85.0,767,5.2415,0,3
272,393,29.9,85.0,767,5.2415,0,3
272,393,29.9,85.0,767,5.2415,0,3
272,393,29.9,85.0,767,5.2415,0,3
271,393,29.9,85.0,767,5.2415,0,3
271,393,29.9,85.0,768,5.2415,0,3
271,393,29.9,85.0,768,5.2415,0,3
271,393,29.9,85.0,768,5.2415,0,3
269,391,29.9,84.7,768,5.2415,0,3
285,390,29.9,84.5,768,5.2415,0,3
285,387,29.9,84.4,768,5.2415,0,3
286,390,29.9,84.2,768,5.2415,0,3
287,390,29.9,84.1,768,5.2415,0,3
284,389,29.9,84.4,768,5.2415,0,3
286,386,29.9,84.6,768,5.2415,0,3
286,386,29.9,84.9,768,5.2415,0,3
287,385,29.9,85.1,768,5.2415,0,3
287,385,30.0,85.4,769,5.2415,0,3
288,385,30.0,85.6,769,5.2415,0,3
287,385,30.0,85.8,769,5.2415,0,3
287,384,30.0,85.9,769,5.2415,0,3
288,384,30.0,86.1,769,5.2415,0,3
291,383,30.0,86.0,769,5.2415,0,3
287,384,30.0,85.9,769,5.2415,0,3
278,384,30.0,85.8,769,5.2415,0,3
277,370,30.0,85.7,769,5.2415,0,3
274,370,30.0,85.6,769,5.2415,0,3
274,370,30.0,85.6,769,5.2415,0,3
287,377,30.0,85.6,769,5.2415,0,3
288,378,30.1,85.8,770,5.2415,0,3
287,378,30.1,85.8,770,5.2415,0,3
284,370,30.1,85.7,770,5.2415,0,3
290,374,30.1,85.9,770,5.2415,0,3
290,365,30.1,85.9,770,5.2415,0,3
281,368,30.1,85.8,770,5.2415,0,3
279,364,30.1,85.6,770,5.2415,0,3
290,377,30.1,85.5,770,5.2415,0,3
288,376,30.1,85.7,770,5.2415,0,3
290,375,30.1,85.8,770,5.2415,0,3
288,377,30.2,86.1,770,5.2415,0,3
292,378,30.2,85.6,770,5.2415,0,3
285,374,30.2,81.6,771,5.2606,0,3
284,366,30.2,80.2,771,5.2606,0,3
279,357,30.2,80.2,771,5.2606,0,3
279,346,30.2,80.6,771,5.2606,0,3
270,345,30.2,81.3,771,5.2606,0,3
273,330,30.2,81.7,771,5.2606,0,3
272,330,30.2,82.2,771,5.2606,0,3
275,329,30.2,82.8,771,5.2606,0,3
288,329,30.2,83.2,771,5.2606,0,3
287,344,30.2,83.6,771,5.2606,0,3
287,346,30.3,83.9,771,5.2606,0,3
288,335,30.3,84.2,771,5.2606,0,3
288,336,30.3,84.7,772,5.2606,0,3
291,349,30.3,84.8,772,5.2606,0,3
288,354,30.3,84.7,772,5.2606,0,3
288,352,30.3,84.5,772,5.2606,0,3
292,361,30.3,84.3,772,5.2606,0,3
293,359,30.3,84.3,772,5.2606,0,3
294,357,30.3,84.6,772,5.2606,0,3
294,355,30.4,85.3,772,5.2606,0,3
295,359,30.4,85.7,772,5.2606,0,3
298,359,30.4,85.9,772,5.2606,0,3
291,359,30.4,86.1,772,5.2606,0,3
292,358,30.4,86.0,772,5.2606,0,3
282,356,30.4,86.0,773,5.2606,0,3
279,357,30.4,86.0,773,5.2606,0,3
285,358,30.4,85.6,773,5.2606,0,3
279,348,30.4,85.3,773,5.2606,0,3
280,346,30.4,84.9,773,5.2606,0,3
285,341,30.4,84.9,773,5.2606,0,3
299,359,30.5,85.3,773,5.2606,0,3
298,361,30.5,85.4,773,5.2606,0,3
290,353,30.5,85.1,773,5.2606,0,3
293,354,30.5,84.8,773,5.2606,0,3
294,354,30.5,85.0,773,5.2606,0,3
296,357,30.5,85.1,773,5.2606,0,3
291,354,30.5,85.1,774,5.2606,0,3
294,354,30.6,85.3,774,5.2606,0,3
294,353,30.6,85.7,774,5.2606,0,3
294,354,30.6,85.5,774,5.2606,0,3
294,354,30.6,85.1,774,5.2606,0,3
299,351,30.6,84.8,774,5.2606,0,3
296,348,30.6,84.5,774,5.2606,0,3
294,346,30.6,84.5,774,5.2606,0,3
291,343,30.6,84.5,774,5.2606,0,3
287,338,30.6,84.5,774,5.2606,0,3
285,333,30.6,84.6,774,5.2606,0,3
285,337,30.6,84.8,774,5.2606,0,3
285,340,30.7,85.1,775,5.2606,0,3
286,342,30.7,85.4,775,5.2606,0,3
285,340,30.7,85.5,775,5.2606,0,3
285,340,30.7,85.5,775,5.2606,0,3
282,340,30.7,85.5,775,5.2606,0,3
282,341,30.7,85.6,775,5.2606,0,3
287,341,30.7,85.7,775,5.2606,0,3
283,339,30.7,85.7,775,5.2606,0,3
287,334,30.7,85.6,775,5.2606,0,3
293,343,30.7,85.5,775,5.2606,0,3
293,340,30.7,85.4,775,5.2606,0,3
294,345,30.7,85.3,775,5.2606,0,3
294,347,30.7,85.3,776,5.2606,0,3
296,347,30.7,85.1,776,5.2606,0,3
294,348,30.7,85.0,776,5.2606,0,3
294,348,30.7,85.0,776,5.2606,0,3
296,353,30.7,85.0,776,5.2606,0,3
296,350,30.8,85.0,776,5.2606,0,3
296,348,30.8,85.1,776,5.2606,0,3
296,347,30.8,85.3,776,5.2606,0,3
296,348,30.8,85.5,776,5.2606,0,3
296,347,30.8,85.5,776,5.2606,0,3
296,348,30.8,85.6,776,5.2606,0,3
295,349,30.8,85.5,776,5.2606,0,3
296,351,30.8,85.4,777,5.2606,0,3
288,348,30.8,85.4,777,5.2606,0,3
289,352,30.8,85.4,777,5.2606,0,3
286,350,30.8,85.5,777,5.2606,0,3
297,350,30.8,85.5,777,5.2606,0,3
294,349,30.8,85.6,777,5.2606,0,3
298,347,30.9,85.5,777,5.2606,0,3
296,350,30.8,85.1,777,5.2606,0,3
293,346,30.8,84.9,777,5.2606,0,3
297,345,30.9,84.4,777,5.2606,0,3
296,346,30.9,84.3,777,5.2606,0,3
292,332,30.9,84.2,777,5.2606,0,3
294,328,30.9,84.0,778,5.2606,0,3
290,338,30.9,83.5,778,5.2606,0,3
285,336,30.9,82.1,778,5.2606,0,3
282,337,30.9,80.6,778,5.2606,0,3
277,333,30.9,79.9,778,5.2606,0,3
271,331,30.9,79.6,778,5.2606,0,3
272,329,30.9,79.6,778,5.2606,0,3
268,323,30.9,79.4,778,5.2606,0,3
268,322,30.9,79.7,778,5.2606,0,3
271,321,30.9,79.9,778,5.2606,0,3
265,317,30.9,79.9,778,5.2606,0,3
268,322,30.9,80.2,778,5.2606,0,3
275,314,30.9,80.5,779,5.2606,0,3
271,312,30.9,80.9,779,5.2606,0,3
284,316,30.9,81.3,779,5.2606,0,3
280,316,31.0,81.4,779,5.2606,0,3
282,313,30.9,80.8,779,5.2606,0,3
268,310,31.0,80.3,779,5.2606,0,3
267,311,30.9,79.6,779,5.2606,0,3
271,315,31.0,78.9,779,5.2606,0,3
265,314,31.0,77.9,779,5.2606,0,3
269,317,31.0,77.0,779,5.2606,0,3
269,319,31.0,76.5,779,5.2606,0,3
272,318,31.0,76.6,779,5.2606,0,3
271,317,31.0,76.9,780,5.2606,0,3
285,316,31.0,77.8,780,5.2606,0,3
280,317,31.0,78.6,780,5.2606,0,3
280,319,31.0,79.1,780,5.2606,0,3
271,319,31.0,79.7,780,5.2606,0,3
272,309,31.0,80.1,780,5.2606,0,3
274,313,31.0,80.6,780,5.2606,0,3
267,311,31.0,80.4,780,5.2606,0,3
267,312,31.0,79.6,780,5.2606,0,3
265,311,31.0,78.5,780,5.2606,0,3
270,312,31.0,77.6,780,5.2606,0,3
271,312,31.0,76.8,780,5.2606,0,3
275,315,31.0,76.7,781,5.2606,0,3
274,312,31.0,77.0,781,5.2606,0,3
271,312,31.0,77.6,781,5.2606,0,3
278,312,31.1,77.9,781,5.2606,0,3
274,312,31.1,78.0,781,5.2606,0,3
273,310,31.1,77.8,781,5.2606,0,3
273,310,31.1,77.5,781,5.2606,0,3
271,310,31.1,77.5,781,5.2606,0,3
274,312,31.1,77.6,781,5.2606,0,3
272,312,31.1,77.2,781,5.2606,0,3
265,296,31.1,77.2,781,5.2606,0,3
265,297,31.1,77.2,781,5.2606,0,3
268,296,31.1,77.4,782,5.2606,0,3
263,295,31.1,77.2,782,5.2606,0,3
264,294,31.1,77.0,782,5.2606,0,3
274,296,31.1,77.1,782,5.2606,0,3
278,297,31.1,77.5,782,5.2606,0,3
279,302,31.1,77.8,782,5.2606,0,3
278,301,31.1,78.1,782,5.2606,0,3
275,300,31.1,78.1,782,5.2606,0,3
278,299,31.2,77.9,782,5.2606,0,3
276,299,31.2,77.6,782,5.2606,0,3
273,301,31.1,77.5,782,5.2606,0,3
276,304,31.1,77.5,782,5.2606,0,3
279,302,31.2,77.6,783,5.2606,0,3
275,302,31.2,77.7,783,5.2606,0,3
263,294,31.2,77.7,783,5.2606,0,3
265,296,31.2,77.6,783,5.2606,0,3
263,296,31.2,77.3,783,5.2606,0,3
261,296,31.2,76.9,783,5.2606,0,3
263,295,31.2,76.4,783,5.2606,0,3
263,292,31.2,76.0,783,5.2606,0,3
252,293,31.2,75.6,783,5.2606,0,3
256,290,31.2,75.5,783,5.2606,0,3
266,290,31.2,75.6,783,5.2606,0,3
264,288,31.2,76.0,783,5.2606,0,3
268,291,31.2,76.3,784,5.2606,0,3
270,292,31.2,76.5,784,5.2606,0,3
269,292,31.2,76.7,784,5.2606,0,3
269,294,31.2,76.8,784,5.2606,0,3
270,294,31.2,76.4,784,5.2606,0,3
265,295,31.2,76.0,784,5.2606,0,3
265,294,31.2,75.5,784,5.2606,0,3
276,293,31.3,75.6,784,5.2606,0,3
276,294,31.2,75.7,784,5.2606,0,3
272,294,31.2,76.1,784,5.2606,0,3
278,295,31.2,76.5,784,5.2606,0,3
282,295,31.3,78.0,784,5.2606,0,3
278,296,31.3,78.3,785,5.2606,0,3
278,291,31.3,78.3,785,5.2606,0,3
283,295,31.3,78.5,785,5.2606,0,3
283,295,31.3,78.4,785,5.2606,0,3
283,296,31.3,78.2,785,5.2606,0,3
278,292,31.3,77.9,785,5.2606,0,3
279,290,31.3,77.5,785,5.2606,0,3
278,292,31.3,77.3,785,5.2606,0,3
280,296,31.3,77.3,785,5.2606,0,3
279,292,31.3,77.5,785,5.2606,0,3
278,292,31.3,77.7,785,5.2606,0,3
281,292,31.3,77.8,785,5.2606,0,3
278,292,31.3,78.0,786,5.2606,0,3
281,295,31.3,78.2,786,5.2606,0,3
282,295,31.3,77.9,786,5.2606,0,3
285,296,31.3,77.6,786,5.2606,0,3
282,294,31.3,77.2,786,5.2606,0,3
284,292,31.3,77.3,786,5.2606,0,3
291,305,31.3,77.4,786,5.2606,0,3
290,301,31.3,77.7,786,5.2606,0,3
285,306,31.3,77.5,786,5.2606,0,3
281,306,31.3,76.8,786,5.2606,0,3
284,307,31.3,76.7,786,5.2606,0,3
285,306,31.3,76.7,786,5.2606,0,3
291,307,31.3,77.0,787,5.2606,0,3
288,309,31.3,77.3,787,5.2606,0,3
272,297,31.3,77.5,787,5.2606,0,3
272,296,31.3,77.4,787,5.2606,0,3
277,296,31.3,77.5,787,5.2606,0,3
282,296,31.4,77.7,787,5.2606,0,3
285,297,31.3,77.7,787,5.2606,0,3
287,296,31.3,77.6,787,5.2606,0,3
286,297,31.3,77.8,787,5.2606,0,3
288,306,31.3,78.0,787,5.2606,0,3
292,310,31.3,78.5,787,5.2606,0,3
292,310,31.4,78.8,787,5.2606,0,3
294,310,31.3,79.3,788,5.2606,0,3
296,310,31.4,79.8,788,5.2606,0,3
299,312,31.4,80.0,788,5.2606,0,3
288,298,31.4,80.1,788,5.2606,0,3
288,297,31.4,78.9,788,5.2606,0,3
271,298,31.4,77.5,788,5.2606,0,3
268,294,31.4,76.9,788,5.2606,0,3
284,306,31.4,76.7,788,5.2606,0,3
284,307,31.4,76.8,788,5.2606,0,3
284,305,31.4,76.8,788,5.2606,0,3
284,303,31.4,77.1,788,5.2606,0,3
284,294,31.4,77.5,788,5.2606,0,3
284,295,31.4,78.3,789,5.2606,0,3
290,296,31.4,78.8,789,5.2606,0,3
292,299,31.4,79.5,789,5.2606,0,3
292,302,31.4,80.1,789,5.2606,0,3
292,310,31.4,80.1,789,5.2606,0,3
292,305,31.4,80.0,789,5.2606,0,3
297,300,31.4,79.8,789,5.2606,0,3
295,308,31.4,79.6,789,5.2606,0,3
295,310,31.4,79.5,789,5.2606,0,3
297,311,31.4,79.7,789,5.2606,0,3
294,312,31.4,79.9,789,5.2606,0,3
296,317,31.4,80.0,789,5.2606,0,3
291,317,31.4,79.9,790,5.2606,0,3
296,321,31.4,79.8,790,5.2606,0,3
297,321,31.4,79.5,790,5.2606,0,3
288,326,31.4,79.2,790,5.2606,0,3
283,313,31.4,78.9,790,5.2606,0,3
283,315,31.4,78.1,790,5.2606,0,3
278,314,31.4,77.0,790,5.2606,0,3
274,313,31.4,75.8,790,5.2606,0,3
291,314,31.4,76.2,790,5.2606,0,3
286,313,31.4,76.8,790,5.2606,0,3
285,313,31.4,77.2,790,5.2606,0,3
288,312,31.4,77.6,790,5.2606,0,3
292,311,31.4,78.0,791,5.2882,0,3
290,310,31.4,78.5,791,5.2882,0,3
288,312,31.4,79.0,791,5.2882,0,3
286,311,31.4,79.2,791,5.2882,0,3
289,312,31.5,79.3,791,5.2882,0,3
291,312,31.5,79.6,791,5.2882,0,3
301,327,31.5,79.8,791,5.2882,0,3
301,328,31.5,79.8,791,5.2882,0,3
294,312,31.5,79.9,791,5.2882,0,3
294,315,31.5,80.0,791,5.2882,0,3
296,313,31.5,79.7,791,5.2882,0,3
297,312,31.5,79.0,791,5.2882,0,3
297,326,31.5,78.7,792,5.2882,0,3
297,322,31.5,78.6,792,5.2882,0,3
297,317,31.5,78.9,792,5.2882,0,3
303,329,31.5,79.0,792,5.2882,0,3
300,327,31.5,79.1,792,5.2882,0,3
300,328,31.5,79.3,792,5.2882,0,3
294,329,31.5,79.6,792,5.2882,0,3
297,331,31.5,79.7,792,5.2882,0,3
302,333,31.5,79.8,792,5.2882,0,3
299,334,31.5,79.8,792,5.2882,0,3
296,332,31.5,79.2,792,5.2882,0,3
294,330,31.5,77.5,792,5.2882,0,3
286,330,31.5,76.2,793,5.2882,0,3
282,328,31.5,75.1,793,5.2882,0,3
279,322,31.5,74.9,793,5.2882,0,3
279,320,31.5,75.1,793,5.2882,0,3
286,320,31.5,75.4,793,5.2882,0,3
286,318,31.5,76.1,793,5.2882,0,3
285,309,31.5,76.5,793,5.2882,0,3
290,314,31.5,77.1,793,5.2882,0,3
292,317,31.5,77.4,793,5.2882,0,3
292,317,31.5,77.6,793,5.2882,0,3
296,316,31.5,78.1,793,5.2882,0,3
296,318,31.5,78.3,793,5.2882,0,3
297,319,31.5,78.6,794,5.2882,0,3
297,320,31.5,78.8,794,5.2882,0,3
301,317,31.5,78.8,794,5.2882,0,3
292,317,31.5,79.1,794,5.2882,0,3
295,318,31.5,79.3,794,5.2882,0,3
298,317,31.5,79.6,794,5.2882,0,3
299,317,31.5,79.6,794,5.2882,0,3
300,318,31.5,79.6,794,5.2882,0,3
298,322,31.5,79.6,794,5.2882,0,3
299,321,31.5,79.6,794,5.2882,0,3
299,320,31.5,79.6,794,5.2882,0,3
299,320,31.5,79.9,794,5.2882,0,3
302,328,31.5,80.0,795,5.2882,0,3
303,328,31.6,80.0,795,5.2882,0,3
291,315,31.5,80.1,795,5.2882,0,3
292,316,31.5,80.5,795,5.2882,0,3
296,315,31.6,80.9,795,5.2882,0,3
294,318,31.6,80.9,795,5.2882,0,3
290,319,31.6,81.0,795,5.2882,0,3
303,321,31.6,81.1,795,5.2882,0,3
302,319,31.6,81.0,795,5.2882,0,3
298,320,31.6,80.7,795,5.2882,0,3
282,325,31.6,80.2,795,5.2882,0,3
287,325,31.6,79.4,795,5.2882,0,3
290,325,31.6,79.2,796,5.2882,0,3
302,328,31.5,78.9,796,5.2882,0,3
299,328,31.6,78.8,796,5.2882,0,3
294,316,31.6,79.1,796,5.2882,0,3
294,313,31.6,79.6,796,5.2882,0,3
296,317,31.6,80.0,796,5.2882,0,3
301,323,31.6,80.5,796,5.2882,0,3
295,322,31.6,80.6,796,5.2882,0,3
298,323,31.6,80.5,796,5.2882,0,3
296,326,31.6,80.3,796,5.2882,0,3
308,333,31.6,80.2,796,5.2882,0,3
306,331,31.6,80.0,796,5.2882,0,3
306,332,31.6,79.9,797,5.2882,0,3
308,333,31.6,80.0,797,5.2882,0,3
310,328,31.6,80.1,797,5.2882,0,3
307,328,31.6,80.3,797,5.2882,0,3
308,329,31.6,80.7,797,5.2882,0,3
303,332,31.6,80.8,797,5.2882,0,3
296,325,31.6,80.9,797,5.2882,0,3
297,327,31.6,81.0,797,5.2882,0,3
308,328,31.6,81.1,797,5.2882,0,3
309,341,31.6,81.2,797,5.2882,0,3
310,343,31.6,81.4,797,5.2882,0,3
310,337,31.6,81.5,797,5.2882,0,3
311,341,31.6,81.6,798,5.2882,0,3
312,341,31.6,81.4,798,5.2882,0,3
312,341,31.6,81.0,798,5.2882,0,3
311,338,31.6,80.5,798,5.2882,0,3
311,336,31.6,80.4,798,5.2882,0,3
310,336,31.6,80.5,798,5.2882,0,3
311,336,31.6,80.8,798,5.2882,0,3
312,336,31.6,80.9,798,5.2882,0,3
313,334,31.6,81.0,798,5.2882,0,3
311,336,31.6,81.2,798,5.2882,0,3
312,336,31.6,81.4,798,5.2882,0,3
313,340,31.6,81.6,798,5.2882,0,3
311,343,31.6,81.8,799,5.2882,0,3
306,343,31.6,81.4,799,5.2882,0,3
310,344,31.6,81.3,799,5.2882,0,3
309,348,31.6,80.7,799,5.2882,0,3
307,344,31.6,80.6,799,5.2882,0,3
308,342,31.6,80.6,799,5.2882,0,3
307,343,31.6,80.9,799,5.2882,0,3
308,349,31.6,81.6,799,5.2882,0,3
308,353,31.6,81.7,799,5.2882,0,3
301,335,31.6,81.8,799,5.2882,0,3
302,334,31.6,82.0,799,5.2882,0,3
314,344,31.7,82.2,799,5.2882,0,3
317,345,31.6,82.1,800,5.2882,0,3
301,329,31.6,82.0,800,5.2882,0,3
301,330,31.7,82.0,800,5.2882,0,3
304,330,31.6,82.2,800,5.2882,0,3
312,346,31.7,82.4,800,5.2882,0,3
315,345,31.6,82.6,800,5.2882,0,3
313,347,31.6,82.4,800,5.2882,0,3
312,337,31.7,82.0,800,5.2882,0,3
312,341,31.7,81.8,800,5.2882,0,3
312,343,31.7,81.7,800,5.2882,0,3
312,343,31.7,81.7,800,5.2882,0,3
312,343,31.6,81.8,800,5.2882,0,3
316,345,31.7,81.7,801,5.2882,0,3
312,347,31.7,81.5,801,5.2882,0,3
312,347,31.7,81.6,801,5.2882,0,3
312,349,31.7,81.6,801,5.2882,0,3
312,350,31.7,81.6,801,5.2882,0,3
310,352,31.7,81.7,801,5.2882,0,3
305,348,31.7,81.8,801,5.2882,0,3
314,356,31.7,81.8,801,5.2882,0,3
310,353,31.7,81.7,801,5.2882,0,3
299,337,31.7,81.7,801,5.2882,0,3
304,338,31.7,81.9,801,5.2882,0,3
313,354,31.7,82.0,801,5.2882,0,3
315,356,31.7,81.9,802,5.2882,0,3
307,352,31.7,81.7,802,5.2882,0,3
302,337,31.7,81.7,802,5.2882,0,3
302,337,31.7,81.8,802,5.2882,0,3
312,346,31.7,81.9,802,5.2882,0,3
317,349,31.7,82.0,802,5.2882,0,3
311,348,31.7,82.3,802,5.2882,0,3
311,352,31.7,82.4,802,5.2882,0,3
311,350,31.7,82.3,802,5.2882,0,3
311,348,31.7,82.4,802,5.2882,0,3
314,348,31.7,82.4,802,5.2882,0,3
312,343,31.7,82.2,802,5.2882,0,3
312,345,31.7,81.9,803,5.2882,0,3
312,341,31.7,82.0,803,5.2882,0,3
312,329,31.7,82.1,803,5.2882,0,3
297,332,31.7,81.9,803,5.2882,0,3
296,336,31.7,81.6,803,5.2882,0,3
310,341,31.7,81.4,803,5.2882,0,3
307,336,31.7,81.2,803,5.2882,0,3
294,337,31.7,80.9,803,5.2882,0,3
294,336,31.7,80.4,803,5.2882,0,3
295,336,31.7,80.2,803,5.2882,0,3
296,334,31.7,80.3,803,5.2882,0,3
292,334,31.7,80.4,803,5.2882,0,3
296,346,31.7,80.2,804,5.2882,0,3
296,344,31.7,79.1,804,5.2882,0,3
294,344,31.7,78.4,804,5.2882,0,3
286,331,31.7,78.4,804,5.2882,0,3
288,328,31.7,78.8,804,5.2882,0,3
303,336,31.7,79.7,804,5.2882,0,3
299,338,31.7,79.5,804,5.2882,0,3
296,336,31.7,78.9,804,5.2882,0,3
292,336,31.7,77.4,804,5.2882,0,3
296,335,31.7,76.9,804,5.2882,0,3
294,333,31.7,76.7,804,5.2882,0,3
286,325,31.7,75.9,804,5.2882,0,3
285,330,31.7,75.0,805,5.2882,0,3
288,328,31.7,74.9,805,5.2882,0,3
279,320,31.7,75.1,805,5.2882,0,3
279,315,31.7,75.6,805,5.2882,0,3
286,312,31.7,75.9,805,5.2882,0,3
288,314,31.7,75.2,805,5.2882,0,3
291,315,31.7,75.3,805,5.2882,0,3
291,313,31.7,75.5,805,5.2882,0,3
294,313,31.7,76.1,805,5.2882,0,3
295,313,31.7,76.8,805,5.2882,0,3
296,314,31.7,77.1,805,5.2882,0,3
295,313,31.7,77.4,805,5.2882,0,3
290,315,31.7,77.3,806,5.301,0,3
294,315,31.7,77.1,806,5.301,0,3
294,312,31.7,77.1,806,5.301,0,3
291,317,31.7,77.1,806,5.301,0,3
287,311,31.7,76.3,806,5.301,0,3
280,296,31.7,75.8,806,5.301,0,3
277,299,31.7,73.8,806,5.301,0,3
277,303,31.7,72.6,806,5.301,0,3
277,302,31.7,72.7,806,5.301,0,3
274,305,31.7,73.3,806,5.301,0,3
278,303,31.7,73.7,806,5.301,0,3
282,300,31.7,74.5,806,5.301,0,3
287,301,31.7,75.1,807,5.301,0,3
278,294,31.7,75.4,807,5.301,0,3
282,298,31.7,75.8,807,5.301,0,3
280,300,31.7,75.7,807,5.301,0,3
277,296,31.7,75.0,807,5.301,0,3
271,283,31.7,74.8,807,5.301,0,3
270,281,31.7,75.1,807,5.301,0,3
281,295,31.7,75.6,807,5.301,0,3
280,294,31.7,75.9,807,5.301,0,3
283,294,31.7,75.9,807,5.301,0,3
286,294,31.7,75.7,807,5.301,0,3
287,296,31.7,75.9,807,5.301,0,3
286,288,31.7,76.4,808,5.301,0,3
285,285,31.7,76.7,808,5.301,0,3
286,292,31.7,77.2,808,5.301,0,3
281,294,31.7,77.4,808,5.301,0,3
287,301,31.7,77.2,808,5.301,0,3
288,296,31.8,77.0,808,5.301,0,3
289,306,31.7,76.7,808,5.301,0,3
289,306,31.8,76.1,808,5.301,0,3
286,300,31.8,76.3,808,5.301,0,3
293,309,31.7,76.3,808,5.301,0,3
291,308,31.8,76.4,808,5.301,0,3
276,295,31.8,76.4,808,5.301,0,3
275,295,31.8,76.2,809,5.301,0,3
285,299,31.8,75.9,809,5.301,0,3
285,295,31.8,76.0,809,5.301,0,3
290,300,31.8,76.2,809,5.301,0,3
292,298,31.8,76.4,809,5.301,0,3
284,297,31.8,77.1,809,5.301,0,3
284,299,31.8,77.7,809,5.301,0,3
284,297,31.8,77.7,809,5.301,0,3
282,306,31.8,77.8,809,5.301,0,3
291,310,31.8,77.7,809,5.301,0,3
293,310,31.8,77.8,809,5.301,0,3
296,312,31.8,78.0,809,5.301,0,3
292,312,31.8,78.1,810,5.301,0,3
283,311,31.8,78.1,810,5.301,0,3
287,309,31.8,78.4,810,5.301,0,3
283,296,31.8,78.4,810,5.301,0,3
280,296,31.8,77.8,810,5.301,0,3
285,296,31.8,77.5,810,5.301,0,3
282,296,31.8,77.3,810,5.301,0,3
286,295,31.8,76.8,810,5.301,0,3
282,295,31.8,76.9,810,5.301,0,3
288,296,31.8,76.8,810,5.301,0,3
285,296,31.8,75.4,810,5.301,0,3
281,296,31.8,74.5,810,5.301,0,3
279,298,31.8,73.8,811,5.301,0,3
280,297,31.8,73.1,811,5.301,0,3
267,290,31.8,72.9,811,5.301,0,3
265,288,31.8,72.9,811,5.301,0,3
265,288,31.8,73.0,811,5.301,0,3
277,285,31.8,72.8,811,5.301,0,3
277,290,31.8,73.0,811,5.301,0,3
277,290,31.8,73.1,811,5.301,0,3
280,292,31.8,73.4,811,5.301,0,3
281,290,31.8,73.9,811,5.301,0,3
280,293,31.8,74.3,811,5.301,0,3
283,294,31.8,74.6,811,5.301,0,3
282,292,31.8,74.8,812,5.301,0,3
281,291,31.8,75.3,812,5.301,0,3
285,290,31.8,75.5,812,5.301,0,3
283,289,31.8,75.6,812,5.301,0,3
283,290,31.8,75.7,812,5.301,0,3
287,288,31.8,75.9,812,5.301,0,3
283,288,31.8,76.1,812,5.301,0,3
283,288,31.8,76.0,812,5.301,0,3
283,288,31.8,75.8,812,5.301,0,3
284,288,31.8,75.6,812,5.301,0,3
288,291,31.8,75.7,812,5.301,0,3
283,291,31.8,75.8,812,5.301,0,3
282,292,31.8,75.6,813,5.301,0,3
278,292,31.8,75.1,813,5.301,0,3
274,281,31.8,74.9,813,5.301,0,3
279,282,31.8,75.0,813,5.301,0,3
287,292,31.8,75.5,813,5.301,0,3
282,292,31.8,76.3,813,5.301,0,3
288,288,31.8,76.8,813,5.301,0,3
291,288,31.8,77.3,813,5.301,0,3
292,292,31.8,77.7,813,5.301,0,3
288,294,31.8,77.8,813,5.301,0,3
290,290,31.8,77.1,813,5.301,0,3
288,293,31.8,76.6,813,5.301,0,3
286,295,31.8,76.4,814,5.301,0,3
283,289,31.8,76.3,814,5.301,0,3
281,288,31.8,76.1,814,5.301,0,3
282,289,31.8,75.9,814,5.301,0,3
275,279,31.8,75.9,814,5.301,0,3
278,280,31.8,76.0,814,5.301,0,3
286,284,31.8,76.1,814,5.301,0,3
284,281,31.8,76.3,814,5.301,0,3
287,281,31.8,76.6,814,5.301,0,3
292,280,31.8,77.0,814,5.301,0,3
282,269,31.8,77.3,814,5.301,0,3
280,271,31.8,77.3,814,5.301,0,3
280,274,31.8,77.5,815,5.301,0,3
290,278,31.8,77.6,815,5.301,0,3
296,280,31.8,77.8,815,5.301,0,3
294,286,31.8,78.3,815,5.301,0,3
295,296,31.8,78.5,815,5.301,0,3
296,296,31.8,78.9,815,5.301,0,3
297,301,31.8,79.3,815,5.301,0,3
296,296,31.8,79.6,815,5.301,0,3
295,300,31.8,79.7,815,5.301,0,3
292,299,31.8,79.6,815,5.301,0,3
291,301,31.8,79.8,815,5.301,0,3
295,308,31.9,80.0,815,5.301,0,3
295,312,31.8,80.1,816,5.301,0,3
303,323,31.9,80.4,816,5.301,0,3
306,325,31.9,80.5,816,5.301,0,3
308,327,31.9,80.7,816,5.301,0,3
307,329,31.9,81.0,816,5.301,0,3
306,331,31.8,81.1,816,5.301,0,3
307,335,31.9,80.8,816,5.301,0,3
311,333,31.9,80.8,816,5.301,0,3
307,330,31.9,81.0,816,5.301,0,3
307,332,31.9,81.5,816,5.301,0,3
307,328,31.9,81.7,816,5.301,0,3
309,330,31.9,81.7,816,5.301,0,3
298,326,31.9,81.7,817,5.301,0,3
299,328,31.9,81.9,817,5.301,0,3
311,328,31.9,81.8,817,5.301,0,3
312,339,31.9,81.5,817,5.301,0,3
312,337,31.9,81.4,817,5.301,0,3
304,331,31.9,81.5,817,5.301,0,3
309,339,31.9,81.5,817,5.301,0,3
312,338,31.8,81.5,817,5.301,0,3
298,330,31.8,81.6,817,5.301,0,3
296,331,31.9,81.5,817,5.301,0,3
298,333,31.9,81.2,817,5.301,0,3
296,333,31.9,81.2,817,5.301,0,3
299,332,31.9,81.1,818,5.301,0,3
297,331,31.9,80.7,818,5.301,0,3
294,330,31.9,80.2,818,5.301,0,3
295,315,31.8,78.9,818,5.301,0,3
296,318,31.8,78.5,818,5.301,0,3
305,318,31.8,79.0,818,5.301,0,3
306,319,31.8,79.4,818,5.301,0,3
306,312,31.9,80.2,818,5.301,0,3
307,312,31.8,80.4,818,5.301,0,3
310,319,31.9,80.7,818,5.301,0,3
311,319,31.9,81.2,818,5.301,0,3
312,322,31.8,81.6,818,5.301,0,3
312,327,31.9,81.8,819,5.301,0,3
312,328,31.9,81.6,819,5.301,0,3
312,338,31.9,81.8,819,5.301,0,3
312,340,31.9,81.9,819,5.301,0,3
312,342,31.9,82.4,819,5.301,0,3
315,338,31.9,82.7,819,5.301,0,3
316,339,31.9,82.6,819,5.301,0,3
307,337,31.9,82.4,819,5.301,0,3
303,338,31.9,82.2,819,5.301,0,3
315,348,31.9,82.3,819,5.301,0,3
315,346,31.9,82.5,819,5.301,0,3
309,343,31.9,82.4,819,5.301,0,3
312,348,31.9,82.3,820,5.301,0,3
311,346,31.9,82.3,820,5.301,0,3
309,334,31.9,82.3,820,5.301,0,3
309,337,31.9,82.4,820,5.301,0,3
305,338,31.9,82.0,820,5.301,0,3
301,329,31.9,81.9,820,5.301,0,3
303,330,31.9,82.0,820,5.301,0,3
303,337,31.9,82.2,820,5.301,0,3
302,334,31.9,82.4,820,5.301,0,3
302,336,31.9,82.8,820,5.301,0,3
317,340,31.9,83.2,820,5.301,0,3
314,342,31.9,83.2,820,5.301,0,3
311,353,31.9,83.0,821,5.301,0,3
313,353,31.9,82.9,821,5.301,0,3
309,350,31.9,82.6,821,5.301,0,3
312,350,31.9,82.1,821,5.301,0,3
313,349,31.9,81.9,821,5.301,0,3
316,352,31.9,82.0,821,5.301,0,3
311,351,31.9,82.1,821,5.301,0,3
312,354,31.9,82.3,821,5.301,0,3
307,354,31.9,81.8,821,5.301,0,3
308,354,31.9,81.4,821,5.301,0,3
305,352,31.9,81.2,821,5.301,0,3
308,352,31.9,81.0,821,5.301,0,3
304,354,31.9,80.7,822,5.301,0,3
301,336,31.9,80.7,822,5.301,0,3
294,334,31.9,80.6,822,5.301,0,3
293,329,31.9,80.5,822,5.301,0,3
293,338,31.9,80.5,822,5.301,0,3
290,334,31.9,78.8,822,5.301,0,3
283,331,31.8,75.6,822,5.301,0,3
278,330,31.8,74.1,822,5.301,0,3
275,327,31.8,72.3,822,5.301,0,3
278,322,31.8,72.0,822,5.301,0,3
275,303,31.8,71.4,822,5.301,0,3
275,299,31.8,70.4,822,5.301,0,3
265,296,31.8,70.0,823,5.301,0,3
270,305,31.8,70.2,823,5.301,0,3
275,301,31.8,70.9,823,5.301,0,3
280,298,31.8,71.9,823,5.301,0,3
278,297,31.8,72.2,823,5.301,0,3
285,296,31.8,72.5,823,5.301,0,3
282,297,31.9,74.2,823,5.301,0,3
270,296,31.9,74.6,823,5.301,0,3
271,293,31.8,74.5,823,5.301,0,3
280,296,31.8,73.7,823,5.301,0,3
275,294,31.8,72.2,823,5.301,0,3
268,292,31.8,71.0,823,5.301,0,3
266,289,31.8,70.2,824,5.301,0,3
265,289,31.8,68.7,824,5.301,0,3
266,286,31.8,68.8,824,5.301,0,3
266,281,31.8,69.1,824,5.301,0,3
265,281,31.8,69.6,824,5.301,0,3
265,279,31.8,70.1,824,5.301,0,3
265,275,31.8,70.8,824,5.301,0,3
266,275,31.8,70.2,824,5.301,0,3
255,265,31.8,70.0,824,5.301,0,3
250,265,31.8,69.3,824,5.301,0,3
265,275,31.8,69.4,824,5.301,0,3
270,272,31.8,70.1,824,5.301,0,3
275,275,31.9,71.2,825,5.301,0,3
271,272,31.9,71.8,825,5.301,0,3
266,274,31.9,72.5,825,5.301,0,3
278,275,31.9,73.3,825,5.301,0,3
282,276,31.9,73.8,825,5.301,0,3
273,275,31.9,74.4,825,5.301,0,3
270,276,31.9,74.6,825,5.301,0,3
269,278,31.9,73.3,825,5.301,0,3
264,275,31.9,71.7,825,5.301,0,3
270,275,31.9,71.2,825,5.301,0,3
270,275,31.9,71.1,825,5.301,0,3
275,274,31.9,71.1,825,5.301,0,3
270,272,31.9,71.3,826,5.301,0,3
266,269,31.9,71.2,826,5.301,0,3
271,275,31.9,71.1,826,5.301,0,3
264,276,31.9,69.5,826,5.301,0,3
266,265,31.9,67.5,826,5.301,0,3
252,260,31.8,66.4,826,5.301,0,3
254,264,31.9,66.1,826,5.301,0,3
265,264,31.9,66.2,826,5.301,0,3
266,260,31.9,68.4,826,5.301,0,3
266,261,31.9,69.1,826,5.301,0,3
265,262,31.9,70.0,826,5.301,0,3
272,265,31.9,70.6,826,5.301,0,3
268,264,31.9,71.3,827,5.301,0,3
266,265,31.9,71.2,827,5.301,0,3
265,266,31.9,71.1,827,5.301,0,3
265,265,31.9,70.6,827,5.301,0,3
259,266,31.9,70.3,827,5.301,0,3
260,265,31.9,68.6,827,5.301,0,3
264,258,31.9,67.4,827,5.301,0,3
262,257,31.9,67.7,827,5.301,0,3
262,258,31.9,67.5,827,5.301,0,3
262,258,31.9,67.9,827,5.301,0,3
272,255,31.9,69.5,827,5.301,0,3
276,255,31.9,70.4,827,5.301,0,3
270,255,31.9,71.4,828,5.301,0,3
265,256,31.9,70.8,828,5.301,0,3
271,259,31.9,70.5,828,5.301,0,3
266,259,31.9,70.6,828,5.301,0,3
261,256,31.9,70.4,828,5.301,0,3
265,252,31.9,69.9,828,5.301,0,3
260,252,31.9,68.9,828,5.301,0,3
250,239,31.9,68.0,828,5.301,0,3
251,241,31.9,67.7,828,5.301,0,3
265,241,31.9,68.0,828,5.301,0,3
266,241,31.9,68.9,828,5.301,0,3
264,250,31.9,69.3,828,5.301,0,3
265,251,31.9,70.2,829,5.301,0,3
265,252,31.9,71.1,829,5.301,0,3
265,250,31.9,72.1,829,5.301,0,3
267,250,31.9,72.2,829,5.301,0,3
265,261,31.9,71.2,829,5.301,0,3
265,258,31.9,70.0,829,5.301,0,3
262,260,31.9,69.6,829,5.301,0,3
260,258,31.9,68.4,829,5.301,0,3
263,246,31.9,68.3,829,5.301,0,3
265,245,31.9,68.6,829,5.301,0,3
262,256,31.9,68.5,829,5.301,0,3
263,254,31.9,68.4,829,5.301,0,3
257,251,31.9,68.7,830,5.301,0,3
262,255,31.9,68.7,830,5.301,0,3
265,256,31.9,67.6,830,5.301,0,3
262,251,31.9,67.7,830,5.301,0,3
266,251,31.9,68.7,830,5.301,0,3
265,250,31.9,69.3,830,5.301,0,3
253,248,31.9,69.1,830,5.301,0,3
255,245,31.9,67.6,830,5.301,0,3
251,254,31.9,66.7,830,5.301,0,3
250,252,31.9,65.1,830,5.301,0,3
246,251,31.9,64.3,830,5.301,0,3
247,246,31.9,64.9,830,5.301,0,3
247,245,31.9,65.7,831,5.328,0,3
247,240,31.9,65.5,831,5.328,0,3
246,235,31.9,64.5,831,5.328,0,3
245,235,31.9,62.6,831,5.328,0,3
245,234,31.9,62.2,831,5.328,0,3
247,233,31.9,62.8,831,5.328,0,3
244,233,31.9,63.3,831,5.328,0,3
246,232,31.9,63.6,831,5.328,0,3
248,230,31.9,64.6,831,5.328,0,3
250,230,31.9,66.0,831,5.328,0,3
264,233,31.9,67.0,831,5.328,0,3
264,230,31.9,68.6,831,5.328,0,3
265,234,31.9,69.9,832,5.328,0,3
254,233,31.9,70.0,832,5.328,0,3
257,230,31.9,68.5,832,5.328,0,3
251,230,31.9,67.7,832,5.328,0,3
247,233,31.9,67.1,832,5.328,0,3
246,234,32.0,67.1,832,5.328,0,3
264,234,32.0,67.9,832,5.328,0,3
265,235,31.9,68.7,832,5.328,0,3
264,243,32.0,69.1,832,5.328,0,3
266,241,31.9,69.1,832,5.328,0,3
264,242,31.9,69.4,832,5.328,0,3
264,248,31.9,70.0,832,5.328,0,3
264,252,32.0,70.6,833,5.328,0,3
264,247,32.0,70.4,833,5.328,0,3
263,249,31.9,69.8,833,5.328,0,3
263,251,31.9,69.1,833,5.328,0,3
262,254,31.9,68.4,833,5.328,0,3
266,253,31.9,69.5,833,5.328,0,3
262,250,32.0,70.6,833,5.328,0,3
263,255,31.9,70.7,833,5.328,0,3
262,249,32.0,70.6,833,5.328,0,3
262,246,32.0,69.6,833,5.328,0,3
261,250,31.9,68.7,833,5.328,0,3
260,245,31.9,69.3,833,5.328,0,3
260,248,31.9,69.3,834,5.328,0,3
260,250,31.9,67.9,834,5.328,0,3
256,249,31.9,67.0,834,5.328,0,3
260,252,31.9,66.4,834,5.328,0,3
261,253,31.9,66.9,834,5.328,0,3
259,250,31.9,67.6,834,5.328,0,3
260,250,31.9,68.1,834,5.328,0,3
260,250,31.9,68.6,834,5.328,0,3
264,252,31.9,69.1,834,5.328,0,3
261,240,31.9,69.2,834,5.328,0,3
262,244,31.9,68.7,834,5.328,0,3
263,245,31.9,68.8,834,5.328,0,3
259,241,31.9,69.0,835,5.328,0,3
265,254,31.9,69.2,835,5.328,0,3
263,255,32.0,69.0,835,5.328,0,3
258,254,31.9,67.9,835,5.328,0,3
259,255,31.9,67.8,835,5.328,0,3
262,244,31.9,67.9,835,5.328,0,3
264,246,31.9,68.5,835,5.328,0,3
265,254,32.0,69.2,835,5.328,0,3
268,254,32.0,70.4,835,5.328,0,3
276,250,32.0,71.6,835,5.328,0,3
276,262,32.0,72.2,835,5.328,0,3
266,265,32.0,72.3,835,5.328,0,3
271,265,32.0,72.1,836,5.328,0,3
262,255,32.0,72.1,836,5.328,0,3
258,254,32.0,71.7,836,5.328,0,3
265,264,32.0,71.5,836,5.328,0,3
265,265,32.0,71.0,836,5.328,0,3
265,265,32.0,70.7,836,5.328,0,3
265,266,32.0,69.9,836,5.328,0,3
264,265,32.0,69.4,836,5.328,0,3
265,265,32.0,69.5,836,5.328,0,3
262,263,32.0,69.2,836,5.328,0,3
259,258,31.9,68.0,836,5.328,0,3
253,257,32.0,66.4,836,5.328,0,3
250,256,31.9,65.5,837,5.328,0,3
250,254,32.0,64.5,837,5.328,0,3
244,251,31.9,63.8,837,5.328,0,3
239,247,31.9,63.6,837,5.328,0,3
236,243,32.0,63.5,837,5.328,0,3
233,233,31.9,63.1,837,5.328,0,3
240,238,31.9,62.3,837,5.328,0,3
239,234,31.9,61.8,837,5.328,0,3
247,234,31.9,62.1,837,5.328,0,3
243,232,31.9,62.6,837,5.328,0,3
241,231,31.9,62.3,837,5.328,0,3
239,231,31.9,62.2,837,5.328,0,3
237,231,32.0,63.5,838,5.328,0,3
247,230,32.0,64.2,838,5.328,0,3
244,231,32.0,64.7,838,5.328,0,3
239,228,32.0,64.4,838,5.328,0,3
234,220,31.9,64.1,838,5.328,0,3
242,220,32.0,64.9,838,5.328,0,3
246,217,32.0,65.6,838,5.328,0,3
247,218,32.0,65.9,838,5.328,0,3
252,229,32.0,66.3,838,5.328,0,3
255,231,32.0,67.2,838,5.328,0,3
256,232,32.0,68.0,838,5.328,0,3
249,222,32.0,68.4,838,5.328,0,3
250,225,32.0,68.7,839,5.328,0,3
256,234,32.0,68.2,839,5.328,0,3
252,235,32.0,66.5,839,5.328,0,3
255,235,32.0,66.1,839,5.328,0,3
252,238,32.0,66.0,839,5.328,0,3
252,237,32.0,65.8,839,5.328,0,3
254,230,32.0,66.2,839,5.328,0,3
251,229,32.0,67.1,839,5.328,0,3
248,234,32.0,67.7,839,5.328,0,3
264,242,32.0,67.7,839,5.328,0,3
260,243,32.0,67.9,839,5.328,0,3
265,245,32.0,68.2,839,5.328,0,3
256,240,32.0,69.1,840,5.328,0,3
256,243,32.0,69.9,840,5.328,0,3
252,235,32.0,69.9,840,5.328,0,3
251,238,32.0,69.1,840,5.328,0,3
260,248,32.0,68.7,840,5.328,0,3
256,248,32.0,67.4,840,5.328,0,3
257,248,32.0,67.2,840,5.328,0,3
250,234,32.0,67.0,840,5.328,0,3
248,236,32.0,67.0,840,5.328,0,3
244,234,32.0,67.1,840,5.328,0,3
241,234,32.0,66.2,840,5.328,0,3
238,231,32.0,65.2,840,5.328,0,3
241,231,32.0,65.4,841,5.328,0,3
248,237,32.0,64.8,841,5.328,0,3
250,237,32.0,64.8,841,5.328,0,3
250,235,32.0,65.5,841,5.328,0,3
240,227,32.0,66.0,841,5.328,0,3
245,229,32.0,66.6,841,5.328,0,3
244,232,32.0,67.0,841,5.328,0,3
240,223,32.0,67.1,841,5.328,0,3
243,225,32.0,67.1,841,5.328,0,3
252,232,32.0,67.5,841,5.328,0,3
250,237,32.0,68.5,841,5.328,0,3
265,241,32.0,70.3,841,5.328,0,3
265,243,32.0,70.7,842,5.328,0,3
264,247,32.0,70.1,842,5.328,0,3
249,247,32.0,67.9,842,5.328,0,3
248,236,32.0,66.1,842,5.328,0,3
250,234,32.0,65.1,842,5.328,0,3
249,232,32.0,63.8,842,5.328,0,3
251,234,32.0,64.1,842,5.328,0,3
252,228,32.0,64.5,842,5.328,0,3
246,225,32.0,65.0,842,5.328,0,3
243,223,32.0,66.6,842,5.328,0,3
248,227,32.0,67.7,842,5.328,0,3
248,225,32.0,68.3,842,5.328,0,3
243,225,32.0,68.0,843,5.328,0,3
243,225,32.0,66.2,843,5.328,0,3
243,228,32.0,65.9,843,5.328,0,3
240,224,32.0,65.2,843,5.328,0,3
251,234,32.0,65.2,843,5.328,0,3
248,233,32.0,65.1,843,5.328,0,3
241,231,32.0,65.6,843,5.328,0,3
242,231,32.0,66.0,843,5.328,0,3
241,233,32.0,65.3,843,5.328,0,3
241,234,32.0,64.3,843,5.328,0,3
241,234,32.0,63.5,843,5.328,0,3
248,234,32.0,63.7,843,5.328,0,3
250,233,32.0,64.3,844,5.328,0,3
241,234,32.0,65.4,844,5.328,0,3
245,234,32.0,65.3,844,5.328,0,3
236,234,32.0,64.8,844,5.328,0,3
240,234,32.0,64.3,844,5.328,0,3
241,234,32.0,64.4,844,5.328,0,3
237,234,32.0,64.7,844,5.328,0,3
238,220,32.0,64.7,844,5.328,0,3
236,225,32.0,64.8,844,5.328,0,3
249,234,32.0,65.0,844,5.328,0,3
244,231,32.0,64.8,844,5.328,0,3
249,228,32.0,64.7,844,5.328,0,3
247,227,32.0,65.2,845,5.328,0,3
249,228,32.0,67.8,845,5.328,0,3
249,219,32.0,68.2,845,5.328,0,3
244,223,32.0,67.2,845,5.328,0,3
252,232,32.0,66.1,845,5.328,0,3
255,228,32.0,65.6,845,5.328,0,3
253,225,32.0,65.7,845,5.328,0,3
253,234,32.0,66.0,845,5.328,0,3
257,234,32.0,66.6,845,5.328,0,3
253,234,32.0,66.4,845,5.328,0,3
249,234,32.0,65.3,845,5.328,0,3
249,234,32.0,64.9,845,5.328,0,3
239,227,32.0,64.7,846,5.328,0,3
240,223,32.0,64.5,846,5.328,0,3
244,230,32.0,64.5,846,5.328,0,3
234,223,32.0,64.3,846,5.328,0,3
233,219,32.0,64.2,846,5.328,0,3
241,232,32.0,64.7,846,5.328,0,3
245,228,32.0,66.0,846,5.328,0,3
248,233,32.0,66.2,846,5.328,0,3
235,221,32.0,66.1,846,5.328,0,3
237,221,32.0,65.9,846,5.328,0,3
249,230,32.0,66.1,846,5.328,0,3
252,230,32.0,67.0,846,5.328,0,3
256,231,32.0,67.9,847,5.328,0,3
260,234,32.0,69.0,847,5.328,0,3
264,233,32.0,70.0,847,5.328,0,3
252,237,32.0,69.7,847,5.328,0,3
256,240,32.0,68.4,847,5.328,0,3
258,238,32.0,67.9,847,5.328,0,3
252,234,32.0,66.6,847,5.328,0,3
249,235,32.0,65.4,847,5.328,0,3
251,235,32.0,66.0,847,5.328,0,3
246,226,32.0,66.5,847,5.328,0,3
245,223,32.0,67.4,847,5.328,0,3
248,222,32.0,68.2,847,5.328,0,3
251,235,32.0,68.6,848,5.328,0,3
250,231,32.0,68.2,848,5.328,0,3
254,238,32.0,67.6,848,5.328,0,3
254,237,32.0,67.3,848,5.328,0,3
252,237,32.0,67.8,848,5.328,0,3
250,228,32.0,68.1,848,5.328,0,3
246,226,32.0,67.3,848,5.328,0,3
240,228,32.0,66.5,848,5.328,0,3
233,221,32.0,65.2,848,5.328,0,3
228,222,32.0,64.2,848,5.328,0,3
237,227,32.0,63.7,848,5.328,0,3
234,225,32.0,63.4,848,5.328,0,3
236,225,32.0,63.7,849,5.328,0,3
234,214,32.0,64.5,849,5.328,0,3
234,215,32.0,64.8,849,5.328,0,3
239,216,32.0,64.3,849,5.328,0,3
237,213,32.0,64.6,849,5.328,0,3
250,225,32.0,65.1,849,5.328,0,3
255,223,32.0,66.2,849,5.328,0,3
252,225,32.0,66.7,849,5.328,0,3
247,217,32.0,66.6,849,5.328,0,3
247,217,32.0,66.8,849,5.328,0,3
252,225,32.0,67.2,849,5.328,0,3
247,225,32.0,66.5,849,5.328,0,3
247,225,32.0,65.4,850,5.328,0,3
245,233,32.0,64.6,850,5.328,0,3
249,229,32.0,64.2,850,5.328,0,3
253,231,32.0,64.5,850,5.328,0,3
242,222,32.0,65.7,850,5.328,0,3
241,224,32.0,66.9,850,5.328,0,3
247,217,32.0,67.4,850,5.328,0,3
246,217,32.0,67.5,850,5.328,0,3
250,232,32.0,67.2,850,5.328,0,3
248,231,32.0,65.9,850,5.328,0,3
244,231,32.0,64.9,850,5.328,0,3
234,219,32.0,64.4,850,5.328,0,3
235,216,32.0,64.7,851,5.328,0,3
242,218,32.0,65.4,851,5.328,0,3
241,218,32.0,66.4,851,5.328,0,3
244,221,32.0,67.0,851,5.328,0,3
252,234,32.0,66.9,851,5.328,0,3
252,234,32.0,66.9,851,5.328,0,3
243,234,32.0,66.8,851,5.328,0,3
245,233,32.0,66.2,851,5.328,0,3
248,234,32.0,66.3,851,5.328,0,3
235,220,31.9,65.6,851,5.328,0,3
239,219,32.0,65.2,851,5.328,0,3
250,230,32.0,65.3,851,5.328,0,3
252,233,32.0,65.4,852,5.328,0,3
244,231,32.0,66.1,852,5.328,0,3
249,224,32.0,66.8,852,5.328,0,3
246,223,32.0,67.4,852,5.328,0,3
250,234,32.0,67.5,852,5.328,0,3
246,239,32.0,66.3,852,5.328,0,3
250,244,32.0,65.6,852,5.328,0,3
253,244,32.0,65.5,852,5.328,0,3
240,229,32.0,65.8,852,5.328,0,3
238,224,32.0,65.8,852,5.328,0,3
243,223,32.0,66.1,852,5.328,0,3
241,226,32.0,66.8,852,5.328,0,3
256,236,32.0,67.5,853,5.328,0,3
253,237,32.0,68.0,853,5.328,0,3
248,237,32.0,67.8,853,5.328,0,3
236,230,32.0,67.6,853,5.328,0,3
241,228,32.0,67.8,853,5.328,0,3
250,236,32.0,67.4,853,5.328,0,3
248,239,32.0,65.7,853,5.328,0,3
244,241,32.0,65.0,853,5.328,0,3
238,241,32.0,64.6,853,5.328,0,3
241,236,32.0,64.8,853,5.328,0,3
233,223,32.0,64.8,853,5.328,0,3
234,221,32.0,65.1,853,5.328,0,3
237,224,32.0,65.3,854,5.328,0,3
234,223,32.0,64.2,854,5.328,0,3
234,223,32.0,63.2,854,5.328,0,3
238,224,32.0,63.0,854,5.328,0,3
235,223,32.0,62.9,854,5.328,0,3
234,223,32.0,63.2,854,5.328,0,3
234,223,32.0,64.0,854,5.328,0,3
234,222,32.0,65.0,854,5.328,0,3
239,222,32.0,66.0,854,5.328,0,3
234,222,32.0,65.3,854,5.328,0,3
234,217,32.0,64.9,854,5.328,0,3
230,220,32.0,64.7,854,5.328,0,3
233,219,32.0,63.9,855,5.328,0,3
247,223,32.0,64.0,855,5.328,0,3
250,225,32.0,64.8,855,5.328,0,3
249,229,32.0,65.4,855,5.328,0,3
251,231,32.0,67.0,855,5.328,0,3
252,234,32.0,67.4,855,5.328,0,3
250,235,32.0,67.9,855,5.328,0,3
252,236,32.0,68.4,855,5.328,0,3
250,237,32.0,69.2,855,5.328,0,3
252,241,32.0,70.1,855,5.328,0,3
254,234,32.0,70.7,855,5.328,0,3
254,237,32.0,71.4,855,5.328,0,3
253,241,32.0,71.6,856,5.341,0,3
253,243,32.0,71.9,856,5.341,0,3
250,255,32.0,72.1,856,5.341,0,3
250,250,32.0,71.8,856,5.341,0,3
251,249,32.0,70.5,856,5.341,0,3
256,247,32.0,69.6,856,5.341,0,3
243,245,32.0,68.6,856,5.341,0,3
245,247,32.0,68.0,856,5.341,0,3
253,251,32.0,67.5,856,5.341,0,3
252,251,32.0,67.4,856,5.341,0,3
248,237,32.0,67.5,856,5.341,0,3
250,237,32.0,68.2,856,5.341,0,3
250,247,32.0,67.5,857,5.341,0,3
255,245,32.0,66.8,857,5.341,0,3
242,234,32.0,66.9,857,5.341,0,3
241,234,32.0,67.3,857,5.341,0,3
245,241,32.0,66.7,857,5.341,0,3
242,239,32.0,64.8,857,5.341,0,3
242,228,32.0,63.8,857,5.341,0,3
242,233,32.0,64.5,857,5.341,0,3
247,231,32.0,66.1,857,5.341,0,3
249,230,32.0,67.5,857,5.341,0,3
252,230,32.0,68.3,857,5.341,0,3
250,234,32.0,69.1,857,5.341,0,3
251,233,32.0,69.1,858,5.341,0,3
251,233,32.0,68.4,858,5.341,0,3
251,238,32.0,67.8,858,5.341,0,3
251,241,32.0,67.4,858,5.341,0,3
253,241,32.0,66.9,858,5.341,0,3
250,241,32.0,66.8,858,5.341,0,3
251,243,32.0,66.7,858,5.341,0,3
255,240,32.0,67.4,858,5.341,0,3
253,240,32.0,67.9,858,5.341,0,3
235,240,32.0,66.8,858,5.341,0,3
234,232,32.0,66.0,858,5.341,0,3
234,233,32.0,65.7,858,5.341,0,3
234,232,32.0,66.1,859,5.341,0,3
245,232,32.0,66.2,859,5.341,0,3
248,239,32.0,66.3,859,5.341,0,3
245,239,32.0,66.6,859,5.341,0,3
250,242,32.0,67.2,859,5.341,0,3
250,241,32.0,67.8,859,5.341,0,3
249,245,32.0,67.5,859,5.341,0,3
242,235,32.0,66.9,859,5.341,0,3
240,234,32.0,67.1,859,5.341,0,3
240,233,32.0,67.2,859,5.341,0,3
246,232,32.0,67.1,859,5.341,0,3
247,240,32.0,66.9,859,5.341,0,3
247,240,32.0,66.8,860,5.341,0,3
244,239,32.0,66.4,860,5.341,0,3
248,240,32.0,66.0,860,5.341,0,3
248,242,32.0,66.0,860,5.341,0,3
248,243,32.0,65.5,860,5.341,0,3
249,247,32.0,65.3,860,5.341,0,3
256,246,32.0,65.9,860,5.341,0,3
256,243,32.0,66.8,860,5.341,0,3
250,243,32.0,66.2,860,5.341,0,3
253,242,32.0,66.4,860,5.341,0,3
248,231,32.0,67.4,860,5.341,0,3
245,230,32.0,68.1,860,5.341,0,3
249,231,32.0,67.9,861,5.341,0,3
247,233,32.0,67.6,861,5.341,0,3
245,234,32.0,66.4,861,5.341,0,3
244,234,32.0,66.5,861,5.341,0,3
241,244,32.0,66.7,861,5.341,0,3
240,244,32.0,65.7,861,5.341,0,3
242,234,32.0,65.5,861,5.341,0,3
229,234,32.0,65.1,861,5.341,0,3
232,234,32.0,64.2,861,5.341,0,3
233,228,32.0,63.5,861,5.341,0,3
232,229,32.0,63.3,861,5.341,0,3
238,234,32.0,63.3,861,5.341,0,3
235,221,32.0,63.6,862,5.341,0,3
234,222,32.0,64.3,862,5.341,0,3
234,225,32.0,64.4,862,5.341,0,3
232,226,32.0,63.8,862,5.341,0,3
241,222,32.0,63.9,862,5.341,0,3
237,220,32.0,63.9,862,5.341,0,3
231,220,32.0,63.9,862,5.341,0,3
235,226,32.0,63.8,862,5.341,0,3
232,226,32.0,63.4,862,5.341,0,3
241,233,32.0,63.8,862,5.341,0,3
248,233,32.0,64.6,862,5.341,0,3
245,233,32.0,65.7,862,5.341,0,3
250,233,32.0,66.5,863,5.341,0,3
250,234,32.0,67.2,863,5.341,0,3
250,234,32.0,67.3,863,5.341,0,3
253,236,32.0,67.6,863,5.341,0,3
258,236,32.0,68.5,863,5.341,0,3
256,239,32.0,69.1,863,5.341,0,3
252,239,32.0,68.4,863,5.341,0,3
245,240,32.0,67.1,863,5.341,0,3
242,240,32.0,65.3,863,5.341,0,3
243,240,32.0,65.0,863,5.341,0,3
240,237,32.0,64.1,863,5.341,0,3
235,235,32.0,63.4,863,5.341,0,3
237,229,32.0,63.2,864,5.341,0,3
234,230,32.0,64.3,864,5.341,0,3
235,223,32.0,65.7,864,5.341,0,3
239,221,32.0,66.2,864,5.341,0,3
236,219,32.0,65.4,864,5.341,0,3
239,232,32.0,65.0,864,5.341,0,3
239,232,32.0,64.2,864,5.341,0,3
241,231,32.0,64.4,864,5.341,0,3
237,218,32.0,65.7,864,5.341,0,3
246,221,32.0,67.1,864,5.341,0,3
248,222,32.0,69.0,864,5.341,0,3
253,234,32.0,69.2,864,5.341,0,3
253,234,32.0,69.1,865,5.341,0,3
245,227,32.0,69.1,865,5.341,0,3
241,227,32.0,69.2,865,5.341,0,3
245,229,32.0,68.7,865,5.341,0,3
248,230,32.0,67.9,865,5.341,0,3
255,238,32.0,67.7,865,5.341,0,3
250,239,32.0,67.6,865,5.341,0,3
249,240,32.0,67.1,865,5.341,0,3
252,241,32.0,67.1,865,5.341,0,3
251,239,32.0,67.8,865,5.341,0,3
253,243,32.0,68.3,865,5.341,0,3
251,234,32.0,68.7,865,5.341,0,3
251,234,32.0,68.5,866,5.341,0,3
244,234,32.0,68.4,866,5.341,0,3
240,238,32.0,68.0,866,5.341,0,3
246,250,32.0,67.7,866,5.341,0,3
246,252,32.0,67.5,866,5.341,0,3
240,244,32.0,67.3,866,5.341,0,3
245,244,32.0,67.6,866,5.341,0,3
246,243,32.0,67.8,866,5.341,0,3
249,251,32.0,67.5,866,5.341,0,3
247,249,32.0,66.9,866,5.341,0,3
247,249,32.0,66.3,866,5.341,0,3
232,244,32.0,65.8,866,5.341,0,3
234,243,32.0,64.9,867,5.341,0,3
232,234,32.0,64.6,867,5.341,0,3
235,232,32.0,65.2,867,5.341,0,3
255,241,32.0,66.1,867,5.341,0,3
254,243,32.0,67.3,867,5.341,0,3
250,240,32.0,67.7,867,5.341,0,3
252,244,32.0,67.7,867,5.341,0,3
248,246,32.0,68.0,867,5.341,0,3
245,234,32.0,67.9,867,5.341,0,3
240,234,32.0,65.9,867,5.341,0,3
240,236,32.0,66.1,867,5.341,0,3
243,245,32.0,66.3,867,5.341,0,3
245,245,32.0,66.6,868,5.341,0,3
246,247,32.0,66.9,868,5.341,0,3
241,234,32.0,66.6,868,5.341,0,3
241,234,32.0,66.6,868,5.341,0,3
239,236,32.0,66.2,868,5.341,0,3
234,234,32.0,65.6,868,5.341,0,3
241,234,32.0,65.7,868,5.341,0,3
241,234,32.0,66.7,868,5.341,0,3
241,244,32.0,67.3,868,5.341,0,3
241,243,32.0,66.5,868,5.341,0,3
236,239,32.0,65.7,868,5.341,0,3
241,241,32.0,65.5,868,5.341,0,3
243,237,32.0,64.6,869,5.341,0,3
244,240,32.0,64.6,869,5.341,0,3
241,241,32.0,65.0,869,5.341,0,3
242,239,32.0,65.7,869,5.341,0,3
247,238,32.0,66.3,869,5.341,0,3
245,239,32.0,67.5,869,5.341,0,3
245,233,32.0,68.1,869,5.341,0,3
248,232,32.0,69.1,869,5.341,0,3
244,234,32.0,69.7,869,5.341,0,3
246,234,32.0,69.8,869,5.341,0,3
246,237,32.0,69.0,869,5.341,0,3
250,245,32.0,68.5,869,5.341,0,3
254,247,32.0,68.4,870,5.341,0,3
249,250,32.0,67.6,870,5.341,0,3
247,248,32.0,66.4,870,5.341,0,3
247,245,32.0,65.8,870,5.341,0,3
246,244,32.0,65.6,870,5.341,0,3
247,245,32.0,65.3,870,5.341,0,3
247,244,32.0,65.5,870,5.341,0,3
247,243,32.0,65.7,870,5.341,0,3
244,244,32.0,66.1,870,5.341,0,3
243,240,32.0,66.3,870,5.341,0,3
245,237,32.0,66.6,870,5.341,0,3
248,236,32.0,67.1,870,5.341,0,3
244,234,32.0,67.2,871,5.458,0,3
241,234,32.0,66.2,871,5.458,0,3
238,237,32.0,65.6,871,5.458,0,3
240,234,32.0,64.2,871,5.458,0,3
238,235,32.0,63.6,871,5.458,0,3
239,234,32.0,63.9,871,5.458,0,3
229,230,32.0,64.2,871,5.458,0,3
234,219,32.0,64.6,871,5.458,0,3
235,223,32.0,65.5,871,5.458,0,3
236,218,32.0,65.8,871,5.458,0,3
234,225,32.0,66.1,871,5.458,0,3
235,226,32.0,66.5,871,5.458,0,3
236,234,32.0,66.9,872,5.458,0,3
240,232,32.0,66.8,872,5.458,0,3
240,233,32.0,66.7,872,5.458,0,3
246,236,32.0,66.8,872,5.458,0,3
244,236,32.0,66.8,872,5.458,0,3
244,237,32.0,66.2,872,5.458,0,3
245,234,32.0,65.7,872,5.458,0,3
249,237,32.0,66.5,872,5.458,0,3
245,239,32.0,66.7,872,5.458,0,3
250,237,32.0,67.1,872,5.458,0,3
250,239,32.0,67.3,872,5.458,0,3
240,237,32.0,67.3,872,5.458,0,3
241,236,32.0,66.7,873,5.458,0,3
233,229,32.0,65.9,873,5.458,0,3
234,230,32.0,65.2,873,5.458,0,3
237,229,32.0,65.3,873,5.458,0,3
238,227,32.0,66.2,873,5.458,0,3
242,227,32.0,67.6,873,5.458,0,3
254,237,32.0,68.3,873,5.458,0,3
252,232,32.0,68.5,873,5.458,0,3
252,237,32.0,68.5,873,5.458,0,3
251,232,32.0,68.4,873,5.458,0,3
246,234,32.0,67.5,873,5.458,0,3
249,236,32.0,66.7,873,5.458,0,3
246,234,32.0,66.3,874,5.458,0,3
246,245,32.0,66.2,874,5.458,0,3
245,245,32.0,66.6,874,5.458,0,3
245,234,32.0,67.6,874,5.458,0,3
245,234,32.0,69.2,874,5.458,0,3
241,245,32.0,69.5,874,5.458,0,3
245,247,32.0,68.0,874,5.458,0,3
233,246,32.0,66.8,874,5.458,0,3
237,234,32.0,66.3,874,5.458,0,3
237,234,32.0,66.6,874,5.458,0,3
236,228,32.0,66.8,874,5.458,0,3
232,232,32.0,66.5,874,5.458,0,3
229,231,32.0,65.0,875,5.458,0,3
239,234,32.0,64.1,875,5.458,0,3
234,230,32.0,63.9,875,5.458,0,3
239,228,32.0,64.3,875,5.458,0,3
234,228,32.0,64.0,875,5.458,0,3
230,225,32.0,64.2,875,5.458,0,3
232,223,32.0,64.6,875,5.458,0,3
232,224,32.0,65.4,875,5.458,0,3
240,235,32.0,65.6,875,5.458,0,3
248,234,32.0,66.5,875,5.458,0,3
253,232,32.0,67.7,875,5.458,0,3
250,235,32.0,68.3,875,5.458,0,3
254,239,32.0,69.0,876,5.458,0,3
252,241,32.0,69.2,876,5.458,0,3
253,244,32.0,69.2,876,5.458,0,3
250,245,32.0,68.9,876,5.458,0,3
252,241,32.0,68.8,876,5.458,0,3
256,243,32.0,69.5,876,5.458,0,3
247,245,32.0,69.9,876,5.458,0,3
247,245,32.0,69.2,876,5.458,0,3
248,250,32.0,68.2,876,5.458,0,3
250,249,32.0,67.3,876,5.458,0,3
234,245,32.0,66.5,876,5.458,0,3
237,234,32.0,66.4,876,5.458,0,3
243,235,32.0,66.8,877,5.458,0,3
241,234,32.0,67.5,877,5.458,0,3
245,236,32.0,68.0,877,5.458,0,3
254,240,32.0,70.2,877,5.458,0,3
259,243,32.0,71.0,877,5.458,0,3
252,247,32.0,71.3,877,5.458,0,3
253,250,32.0,71.4,877,5.458,0,3
248,252,32.0,71.1,877,5.458,0,3
257,253,32.0,71.2,877,5.458,0,3
257,253,32.1,71.8,877,5.458,0,3
265,256,32.0,72.2,877,5.458,0,3
265,266,32.0,72.4,877,5.458,0,3
264,267,32.0,71.6,878,5.458,0,3
255,268,32.0,70.7,878,5.458,0,3
250,270,32.0,67.6,878,5.458,0,3
250,256,32.0,67.0,878,5.458,0,3
247,251,32.0,67.0,878,5.458,0,3
239,251,32.0,67.5,878,5.458,0,3
244,256,32.0,67.1,878,5.458,0,3
235,240,32.0,67.5,878,5.458,0,3
234,240,32.0,67.9,878,5.458,0,3
249,249,32.0,67.9,878,5.458,0,3
247,250,32.0,68.2,878,5.458,0,3
250,242,32.0,68.9,878,5.458,0,3
252,247,32.0,69.3,879,5.458,0,3
250,244,32.0,68.8,879,5.458,0,3
251,240,32.0,68.7,879,5.458,0,3
250,239,32.0,68.7,879,5.458,0,3
250,236,32.0,69.1,879,5.458,0,3
247,234,32.0,69.4,879,5.458,0,3
246,238,32.0,69.7,879,5.458,0,3
241,234,32.0,68.6,879,5.458,0,3
243,234,32.0,68.6,879,5.458,0,3
239,234,32.0,68.6,879,5.458,0,3
242,235,32.0,68.8,879,5.458,0,3
235,235,32.0,69.2,879,5.458,0,3
239,234,32.0,68.3,880,5.458,0,3
236,234,32.0,67.2,880,5.458,0,3
239,238,32.0,67.3,880,5.458,0,3
240,238,32.0,67.2,880,5.458,0,3
250,240,32.0,67.2,880,5.458,0,3
250,239,32.0,67.5,880,5.458,0,3
237,237,32.0,67.8,880,5.458,0,3
240,234,32.0,68.5,880,5.458,0,3
250,238,32.0,68.9,880,5.458,0,3
246,235,32.0,69.3,880,5.458,0,3
251,234,32.0,69.7,880,5.458,0,3
243,236,32.0,70.0,880,5.458,0,3
246,234,32.0,70.3,881,5.458,0,3
237,235,32.0,69.9,881,5.458,0,3
234,236,32.0,68.9,881,5.458,0,3
234,239,32.0,67.6,881,5.458,0,3
246,234,32.0,67.4,881,5.458,0,3
241,233,32.0,68.1,881,5.458,0,3
248,234,32.0,69.0,881,5.458,0,3
250,234,32.0,69.4,881,5.458,0,3
244,234,32.0,69.6,881,5.458,0,3
247,239,32.0,69.6,881,5.458,0,3
247,234,32.0,68.9,881,5.458,0,3
234,234,32.0,67.5,881,5.458,0,3
236,234,32.0,66.5,882,5.458,0,3
239,233,32.0,66.4,882,5.458,0,3
252,241,32.0,67.0,882,5.458,0,3
250,241,32.0,67.5,882,5.458,0,3
250,245,32.0,68.3,882,5.458,0,3
245,234,32.0,69.0,882,5.458,0,3
248,234,32.0,70.1,882,5.458,0,3
250,234,32.0,70.7,882,5.458,0,3
252,250,32.0,70.2,882,5.458,0,3
250,251,32.0,69.1,882,5.458,0,3
235,237,32.0,67.7,882,5.458,0,3
237,236,32.0,67.3,882,5.458,0,3
234,234,32.0,66.7,883,5.458,0,3
239,237,32.0,67.2,883,5.458,0,3
244,240,32.0,67.5,883,5.458,0,3
247,236,32.0,67.8,883,5.458,0,3
232,236,32.0,67.8,883,5.458,0,3
235,237,32.0,67.3,883,5.458,0,3
234,235,32.0,66.2,883,5.458,0,3
233,232,32.0,65.4,883,5.458,0,3
230,227,32.0,65.8,883,5.458,0,3
234,225,32.0,66.1,883,5.458,0,3
238,224,32.0,66.9,883,5.458,0,3
246,234,32.0,68.1,883,5.458,0,3
252,236,32.0,69.2,884,5.458,0,3
253,236,32.0,69.8,884,5.458,0,3
262,237,32.0,70.6,884,5.458,0,3
262,240,32.0,70.9,884,5.458,0,3
253,242,32.0,70.8,884,5.458,0,3
252,243,32.0,69.4,884,5.458,0,3
248,242,32.0,68.3,884,5.458,0,3
243,244,32.0,65.5,884,5.458,0,3
246,244,32.0,65.8,884,5.458,0,3
239,245,32.0,65.8,884,5.458,0,3
235,243,32.0,65.1,884,5.458,0,3
234,241,32.0,64.9,884,5.458,0,3
235,237,32.0,64.5,885,5.458,0,3
244,234,32.0,65.1,885,5.458,0,3
241,235,32.0,66.3,885,5.458,0,3
235,235,32.0,67.5,885,5.458,0,3
236,234,32.0,67.4,885,5.458,0,3
233,234,32.0,66.5,885,5.458,0,3
231,222,32.0,66.2,885,5.458,0,3
234,219,32.0,67.0,885,5.458,0,3
237,234,32.0,66.0,885,5.458,0,3
238,233,32.0,65.2,885,5.458,0,3
234,221,32.0,65.5,885,5.458,0,3
235,223,32.0,66.6,885,5.458,0,3
250,223,32.0,67.5,886,5.458,0,3
250,227,32.0,69.0,886,5.458,0,3
253,240,32.0,69.6,886,5.458,0,3
249,241,32.0,69.7,886,5.458,0,3
250,244,32.0,69.2,886,5.458,0,3
250,247,32.0,67.1,886,5.458,0,3
250,248,32.0,67.5,886,5.458,0,3
250,250,32.0,67.8,886,5.458,0,3
245,250,32.0,67.4,886,5.458,0,3
239,244,32.0,67.3,886,5.458,0,3
244,244,32.0,66.8,886,5.458,0,3
240,244,32.0,66.5,886,5.458,0,3
245,244,32.0,65.8,887,5.458,0,3
247,243,32.0,66.1,887,5.458,0,3
250,239,32.0,67.2,887,5.458,0,3
246,235,32.0,68.3,887,5.458,0,3
250,246,32.0,68.9,887,5.458,0,3
250,250,32.0,69.0,887,5.458,0,3
248,248,32.0,68.6,887,5.458,0,3
247,242,32.0,67.9,887,5.458,0,3
242,246,32.0,66.7,887,5.458,0,3
246,234,32.0,66.3,887,5.458,0,3
247,235,32.0,66.5,887,5.458,0,3
249,245,32.0,66.8,887,5.458,0,3
249,247,32.0,67.5,888,5.458,0,3
247,245,32.0,68.1,888,5.458,0,3
247,245,32.0,68.2,888,5.458,0,3
240,247,32.0,67.4,888,5.458,0,3
239,234,32.0,67.5,888,5.458,0,3
234,235,32.0,67.8,888,5.458,0,3
233,234,32.0,67.0,888,5.458,0,3
238,242,32.0,66.4,888,5.458,0,3
238,241,32.0,66.1,888,5.458,0,3
238,244,32.0,66.3,888,5.458,0,3
237,243,32.0,66.6,888,5.458,0,3
244,241,32.0,66.7,888,5.458,0,3
245,241,32.0,67.0,889,5.458,0,3
237,233,32.0,67.4,889,5.458,0,3
237,233,32.0,67.7,889,5.458,0,3
231,234,32.0,66.7,889,5.458,0,3
227,233,32.0,65.3,889,5.458,0,3
239,241,32.0,65.3,889,5.458,0,3
240,240,32.0,65.9,889,5.458,0,3
240,237,32.0,66.3,889,5.458,0,3
245,238,32.0,66.9,889,5.458,0,3
237,237,32.0,66.1,889,5.458,0,3
232,237,32.0,65.0,889,5.458,0,3
233,235,32.0,63.8,889,5.458,0,3
222,224,32.0,63.6,890,5.458,0,3
220,223,32.0,62.9,890,5.458,0,3
232,219,32.0,62.1,890,5.458,0,3
230,224,32.0,62.0,890,5.458,0,3
230,222,32.0,62.2,890,5.458,0,3
234,226,32.0,62.4,890,5.458,0,3
232,218,32.0,63.2,890,5.458,0,3
228,215,32.0,64.3,890,5.458,0,3
237,224,32.0,64.9,890,5.458,0,3
237,234,32.0,65.3,890,5.458,0,3
235,229,32.0,65.3,890,5.458,0,3
240,219,32.0,65.4,890,5.458,0,3
237,217,32.0,66.5,891,5.41,0,3
237,220,32.0,67.2,891,5.41,0,3
239,221,32.0,68.4,891,5.41,0,3
235,224,32.0,67.6,891,5.41,0,3
234,224,32.0,67.0,891,5.41,0,3
245,225,32.0,66.9,891,5.41,0,3
245,224,32.0,66.9,891,5.41,0,3
256,237,32.0,67.4,891,5.41,0,3
254,239,32.0,68.1,891,5.41,0,3
250,241,32.0,68.5,891,5.41,0,3
234,234,32.0,68.0,891,5.41,0,3
234,234,32.0,67.7,891,5.41,0,3
235,234,32.0,67.7,892,5.41,0,3
241,234,32.0,68.0,892,5.41,0,3
243,240,32.0,66.8,892,5.41,0,3
245,239,32.0,66.4,892,5.41,0,3
232,231,32.0,67.0,892,5.41,0,3
235,234,32.0,67.4,892,5.41,0,3
234,234,32.0,67.4,892,5.41,0,3
239,234,32.0,66.8,892,5.41,0,3
234,234,32.0,66.8,892,5.41,0,3
236,235,32.0,67.6,892,5.41,0,3
242,244,32.0,68.4,892,5.41,0,3
242,239,32.0,69.1,892,5.41,0,3
242,252,32.0,69.2,893,5.41,0,3
245,252,32.0,68.4,893,5.41,0,3
241,244,32.0,66.6,893,5.41,0,3
235,249,32.0,65.5,893,5.41,0,3
234,246,32.0,64.6,893,5.41,0,3
228,235,32.0,64.5,893,5.41,0,3
231,234,32.0,64.5,893,5.41,0,3
245,233,32.0,66.5,893,5.41,0,3
245,231,32.0,67.6,893,5.41,0,3
236,231,32.0,68.4,893,5.41,0,3
233,233,32.0,67.4,893,5.41,0,3
250,245,32.0,67.1,893,5.41,0,3
255,247,32.0,67.4,894,5.41,0,3
247,245,32.0,67.9,894,5.41,0,3
247,250,32.0,67.1,894,5.41,0,3
248,247,32.0,67.3,894,5.41,0,3
250,247,32.0,67.4,894,5.41,0,3
246,245,32.0,67.5,894,5.41,0,3
246,235,32.0,67.9,894,5.41,0,3
236,239,32.0,68.2,894,5.41,0,3
234,240,32.0,67.5,894,5.41,0,3
245,237,32.0,67.5,894,5.41,0,3
247,244,32.0,68.3,894,5.41,0,3
252,243,32.0,68.7,894,5.41,0,3
249,244,32.0,69.0,895,5.41,0,3
245,245,32.0,68.6,895,5.41,0,3
245,235,32.0,67.9,895,5.41,0,3
243,235,32.0,67.1,895,5.41,0,3
233,235,32.0,66.4,895,5.41,0,3
234,234,32.0,66.6,895,5.41,0,3
235,241,32.0,66.5,895,5.41,0,3
236,245,32.0,66.4,895,5.41,0,3
234,234,32.0,66.3,895,5.41,0,3
234,234,32.0,66.2,895,5.41,0,3
237,232,32.0,66.3,895,5.41,0,3
237,230,32.0,66.1,895,5.41,0,3
235,233,32.0,67.1,896,5.41,0,3
238,230,32.0,67.6,896,5.41,0,3
239,233,32.0,68.2,896,5.41,0,3
234,231,32.0,67.8,896,5.41,0,3
234,232,32.0,66.8,896,5.41,0,3
234,233,32.0,66.0,896,5.41,0,3
234,233,32.0,65.2,896,5.41,0,3
234,233,32.0,63.8,896,5.41,0,3
234,232,32.0,63.5,896,5.41,0,3
234,221,32.0,63.7,896,5.41,0,3
234,222,32.0,63.8,896,5.41,0,3
233,225,32.0,63.7,896,5.41,0,3
233,225,32.0,64.0,897,5.41,0,3
234,222,32.0,64.3,897,5.41,0,3
234,216,32.0,64.1,897,5.41,0,3
231,217,32.0,65.0,897,5.41,0,3
234,228,32.0,65.4,897,5.41,0,3
234,224,32.0,64.7,897,5.41,0,3
234,231,32.0,64.6,897,5.41,0,3
234,228,32.0,64.3,897,5.41,0,3
235,227,32.0,64.6,897,5.41,0,3
225,211,32.0,65.1,897,5.41,0,3
224,213,32.0,65.8,897,5.41,0,3
237,225,32.0,66.5,897,5.41,0,3
239,228,32.0,67.3,898,5.41,0,3
245,230,32.0,67.7,898,5.41,0,3
249,233,32.0,68.3,898,5.41,0,3
247,234,32.0,68.1,898,5.41,0,3
247,234,32.0,66.9,898,5.41,0,3
248,233,32.0,66.6,898,5.41,0,3
249,234,32.0,66.8,898,5.41,0,3
246,234,32.0,67.7,898,5.41,0,3
249,235,32.0,68.6,898,5.41,0,3
244,234,32.0,68.7,898,5.41,0,3
241,234,32.0,67.7,898,5.41,0,3
240,234,32.0,66.8,898,5.41,0,3
235,229,32.0,66.2,899,5.41,0,3
234,227,32.0,66.3,899,5.41,0,3
241,234,32.0,66.5,899,5.41,0,3
241,233,32.0,66.9,899,5.41,0,3
246,235,32.0,67.4,899,5.41,0,3
244,235,32.0,67.4,899,5.41,0,3
252,240,32.0,67.6,899,5.41,0,3
251,244,32.0,68.0,899,5.41,0,3
245,240,32.0,68.8,899,5.41,0,3
244,235,32.0,69.2,899,5.41,0,3
238,237,32.0,69.2,899,5.41,0,3
241,238,32.0,69.5,899,5.41,0,3
252,238,32.0,69.8,900,5.41,0,3
247,237,32.0,70.4,900,5.41,0,3
242,237,32.0,70.4,900,5.41,0,3
239,236,32.0,69.5,900,5.41,0,3
238,236,32.0,68.9,900,5.41,0,3
242,237,32.0,68.7,900,5.41,0,3
241,235,32.0,68.8,900,5.41,0,3
243,250,32.0,68.7,900,5.41,0,3
244,248,32.0,68.0,900,5.41,0,3
240,238,32.0,67.5,900,5.41,0,3
246,238,32.0,67.1,900,5.41,0,3
243,238,32.0,67.3,900,5.41,0,3
233,239,32.0,67.1,901,5.41,0,3
237,237,32.0,66.4,901,5.41,0,3
238,237,32.0,66.2,901,5.41,0,3
232,235,32.0,65.9,901,5.41,0,3
234,235,32.0,66.4,901,5.41,0,3
234,244,32.0,66.1,901,5.41,0,3
238,243,32.0,65.7,901,5.41,0,3
241,239,32.0,65.2,901,5.41,0,3
244,240,32.0,65.3,901,5.41,0,3
233,232,32.0,65.7,901,5.41,0,3
234,227,32.0,66.6,901,5.41,0,3
233,234,32.0,67.5,901,5.41,0,3
237,232,32.0,68.2,902,5.41,0,3
240,239,32.0,67.6,902,5.41,0,3
245,234,32.0,66.0,902,5.41,0,3
232,234,32.0,65.2,902,5.41,0,3
236,237,32.0,64.5,902,5.41,0,3
234,235,32.0,63.5,902,5.41,0,3
234,236,32.0,63.3,902,5.41,0,3
237,234,32.0,64.2,902,5.41,0,3
234,224,32.0,65.4,902,5.41,0,3
233,225,32.0,65.8,902,5.41,0,3
234,228,32.0,65.5,902,5.41,0,3
234,231,32.0,64.7,902,5.41,0,3
234,229,32.0,64.6,903,5.41,0,3
234,231,32.0,65.1,903,5.41,0,3
234,227,32.0,64.3,903,5.41,0,3
234,226,32.0,64.1,903,5.41,0,3
234,220,32.0,64.7,903,5.41,0,3
233,223,32.0,65.4,903,5.41,0,3
237,221,32.0,65.1,903,5.41,0,3
233,221,32.0,65.1,903,5.41,0,3
238,234,32.0,65.6,903,5.41,0,3
248,234,32.0,66.7,903,5.41,0,3
246,234,32.0,66.7,903,5.41,0,3
240,238,32.0,66.4,903,5.41,0,3
239,234,32.0,66.0,904,5.41,0,3
238,236,32.0,65.6,904,5.41,0,3
243,234,32.0,64.7,904,5.41,0,3
242,235,32.0,64.8,904,5.41,0,3
245,236,32.0,65.1,904,5.41,0,3
245,235,32.0,66.1,904,5.41,0,3
248,239,32.0,66.9,904,5.41,0,3
243,240,32.0,68.3,904,5.41,0,3
252,246,32.0,69.2,904,5.41,0,3
250,245,32.0,69.7,904,5.41,0,3
255,245,32.0,70.5,904,5.41,0,3
252,247,32.0,70.9,904,5.41,0,3
254,246,32.0,70.9,905,5.41,0,3
249,248,32.0,69.9,905,5.41,0,3
252,248,32.0,69.2,905,5.41,0,3
249,250,32.0,67.8,905,5.41,0,3
248,249,32.0,67.4,905,5.41,0,3
247,248,32.0,67.1,905,5.41,0,3
247,246,32.0,67.4,905,5.41,0,3
252,247,32.0,67.9,905,5.41,0,3
246,247,32.0,68.7,905,5.41,0,3
241,236,32.0,69.1,905,5.41,0,3
238,234,32.0,69.1,905,5.41,0,3
228,234,32.0,67.1,905,5.41,0,3
232,233,32.0,66.1,906,5.41,0,3
234,234,32.0,64.9,906,5.41,0,3
234,235,32.0,64.0,906,5.41,0,3
230,238,32.0,64.2,906,5.41,0,3
247,241,32.0,65.8,906,5.41,0,3
247,244,32.0,66.8,906,5.41,0,3
236,243,32.0,66.9,906,5.41,0,3
251,243,32.0,67.6,906,5.41,0,3
246,247,32.0,67.8,906,5.41,0,3
234,235,32.0,66.9,906,5.41,0,3
229,234,32.0,65.9,906,5.41,0,3
223,242,32.0,65.1,906,5.41,0,3
225,238,32.0,64.5,907,5.41,0,3
227,244,32.0,64.0,907,5.41,0,3
227,240,32.0,63.1,907,5.41,0,3
223,230,32.0,63.2,907,5.41,0,3
224,229,32.0,64.0,907,5.41,0,3
234,234,32.0,64.6,907,5.41,0,3
234,234,32.0,65.0,907,5.41,0,3
222,227,32.0,65.7,907,5.41,0,3
224,223,32.0,65.8,907,5.41,0,3
227,224,32.0,65.9,907,5.41,0,3
227,221,32.0,64.9,907,5.41,0,3
229,225,32.0,64.5,907,5.41,0,3
231,224,32.0,64.6,908,5.41,0,3
244,236,32.0,65.8,908,5.41,0,3
240,236,32.0,65.9,908,5.41,0,3
239,234,32.0,65.9,908,5.41,0,3
236,234,32.0,66.2,908,5.41,0,3
237,234,32.0,66.5,908,5.41,0,3
235,233,32.0,66.2,908,5.41,0,3
231,233,32.0,65.4,908,5.41,0,3
234,234,32.0,64.2,908,5.41,0,3
234,231,32.0,64.2,908,5.41,0,3
234,229,32.0,64.5,908,5.41,0,3
231,227,32.0,62.9,908,5.41,0,3
231,217,32.0,62.6,909,5.41,0,3
225,217,32.0,63.1,909,5.41,0,3
230,216,32.0,63.9,909,5.41,0,3
234,225,32.0,63.9,909,5.41,0,3
229,222,32.0,63.5,909,5.41,0,3
234,222,32.0,63.6,909,5.41,0,3
227,221,32.0,64.6,909,5.41,0,3
225,220,32.0,65.4,909,5.41,0,3
237,224,32.0,65.7,909,5.41,0,3
234,223,32.0,65.7,909,5.41,0,3
234,225,32.0,65.2,909,5.41,0,3
234,227,32.0,64.7,909,5.41,0,3
234,224,32.0,64.8,910,5.41,0,3
232,227,32.0,64.2,910,5.55,0,3
221,213,32.0,63.9,910,5.55,0,3
219,216,32.0,64.2,910,5.55,0,3
222,213,32.0,63.4,910,5.55,0,3
220,216,32.0,63.4,910,5.55,0,3
220,216,32.0,63.8,910,5.55,0,3
227,216,32.0,63.6,910,5.55,0,3
222,218,32.0,63.8,910,5.55,0,3
219,221,32.0,63.7,910,5.55,0,3
234,223,32.0,63.8,910,5.55,0,3
234,220,32.0,64.6,910,5.55,0,3
234,224,32.0,65.1,911,5.55,0,3
232,225,32.0,65.7,911,5.55,0,3
232,211,32.0,66.2,911,5.55,0,3
231,213,32.0,66.7,911,5.55,0,3
232,215,32.0,66.0,911,5.55,0,3
229,212,32.0,65.1,911,5.55,0,3
228,212,32.0,62.9,911,5.55,0,3
224,221,32.0,62.7,911,5.55,0,3
227,222,32.0,62.5,911,5.55,0,3
225,220,32.0,62.5,911,5.55,0,3
229,221,32.0,63.8,911,5.55,0,3
237,224,32.0,64.8,911,5.55,0,3
241,227,32.0,65.8,912,5.55,0,3
234,228,32.0,67.1,912,5.55,0,3
235,220,32.0,68.0,912,5.55,0,3
235,224,32.0,67.8,912,5.55,0,3
240,227,32.0,67.3,912,5.55,0,3
233,225,32.0,67.0,912,5.55,0,3
234,232,32.0,66.0,912,5.55,0,3
232,233,32.0,65.8,912,5.55,0,3
231,229,32.0,65.6,912,5.55,0,3
229,228,32.0,65.2,912,5.55,0,3
221,227,32.0,64.6,912,5.55,0,3
220,225,32.0,63.5,912,5.55,0,3
229,227,32.0,63.0,913,5.55,0,3
233,221,32.0,63.1,913,5.55,0,3
221,218,32.0,63.6,913,5.55,0,3
221,223,32.0,63.4,913,5.55,0,3
213,216,32.0,63.2,913,5.55,0,3
212,218,32.0,63.3,913,5.55,0,3
217,221,32.0,63.1,913,5.55,0,3
230,218,32.0,62.8,913,5.55,0,3
231,215,32.0,62.8,913,5.55,0,3
224,211,32.0,62.7,913,5.55,0,3
228,219,32.0,62.3,913,5.55,0,3
229,220,32.0,61.6,913,5.55,0,3
229,216,32.0,61.9,914,5.55,0,3
229,219,32.0,62.8,914,5.55,0,3
231,214,32.0,63.2,914,5.55,0,3
232,213,32.0,63.4,914,5.55,0,3
219,207,32.0,63.3,914,5.55,0,3
223,208,32.0,62.9,914,5.55,0,3
226,208,32.0,61.9,914,5.55,0,3
224,210,32.0,61.6,914,5.55,0,3
224,208,32.0,63.1,914,5.55,0,3
224,211,32.0,64.7,914,5.55,0,3
226,210,32.0,65.7,914,5.55,0,3
231,215,32.0,65.7,914,5.55,0,3
235,213,32.0,64.9,915,5.55,0,3
237,214,32.0,65.0,915,5.55,0,3
235,215,32.0,65.3,915,5.55,0,3
235,215,32.0,65.3,915,5.55,0,3
231,220,32.0,65.3,915,5.55,0,3
237,225,32.0,65.4,915,5.55,0,3
235,229,32.0,65.3,915,5.55,0,3
220,225,32.0,64.2,915,5.55,0,3
223,226,32.0,63.3,915,5.55,0,3
233,229,32.0,62.6,915,5.55,0,3
233,229,32.0,62.7,915,5.55,0,3
237,225,32.0,64.7,915,5.55,0,3
234,229,32.0,66.0,916,5.55,0,3
232,220,32.0,66.7,916,5.55,0,3
234,220,32.0,67.6,916,5.55,0,3
237,223,32.1,68.1,916,5.55,0,3
236,225,32.0,68.3,916,5.55,0,3
234,235,32.0,68.2,916,5.55,0,3
239,232,32.0,68.6,916,5.55,0,3
239,235,32.0,68.9,916,5.55,0,3
242,234,32.0,69.0,916,5.55,0,3
240,235,32.0,69.4,916,5.55,0,3
239,237,32.0,69.4,916,5.55,0,3
241,248,32.0,69.3,916,5.55,0,3
240,251,32.0,68.3,917,5.55,0,3
240,252,32.0,67.6,917,5.55,0,3
236,242,32.0,67.4,917,5.55,0,3
239,246,32.0,67.9,917,5.55,0,3
236,235,32.0,67.9,917,5.55,0,3
234,235,32.0,66.9,917,5.55,0,3
250,245,32.0,67.0,917,5.55,0,3
251,247,32.0,67.8,917,5.55,0,3
243,246,32.0,68.1,917,5.55,0,3
245,244,32.1,67.8,917,5.55,0,3
241,247,32.0,67.1,917,5.55,0,3
248,247,32.0,67.1,917,5.55,0,3
247,247,32.0,67.4,918,5.55,0,3
245,244,32.0,67.4,918,5.55,0,3
237,244,32.0,67.4,918,5.55,0,3
236,244,32.0,66.3,918,5.55,0,3
238,240,32.0,65.8,918,5.55,0,3
234,243,32.0,64.6,918,5.55,0,3
234,243,32.0,64.0,918,5.55,0,3
234,239,32.0,63.5,918,5.55,0,3
223,228,32.0,63.3,918,5.55,0,3
220,228,32.0,63.3,918,5.55,0,3
221,235,32.0,62.6,918,5.55,0,3
228,234,32.0,62.9,918,5.55,0,3
225,228,32.0,63.5,919,5.55,0,3
226,228,32.0,63.7,919,5.55,0,3
233,228,32.0,64.0,919,5.55,0,3
229,223,32.0,64.7,919,5.55,0,3
232,222,32.0,65.7,919,5.55,0,3
248,224,32.0,66.4,919,5.55,0,3
252,240,32.0,68.7,919,5.55,0,3
252,235,32.0,69.1,919,5.55,0,3
242,245,32.0,68.5,919,5.55,0,3
242,250,32.0,68.2,919,5.55,0,3
243,246,32.0,67.8,919,5.55,0,3
241,245,32.0,66.9,919,5.55,0,3
237,244,32.0,66.3,920,5.55,0,3
235,236,32.0,64.7,920,5.55,0,3
236,239,32.0,64.2,920,5.55,0,3
236,236,32.0,64.5,920,5.55,0,3
237,241,32.0,64.7,920,5.55,0,3
237,243,32.0,65.0,920,5.55,0,3
237,240,32.0,65.0,920,5.55,0,3
237,240,32.0,66.0,920,5.55,0,3
252,241,32.0,67.0,920,5.55,0,3
250,244,32.0,67.8,920,5.55,0,3
238,234,32.0,68.4,920,5.55,0,3
242,234,32.0,68.1,920,5.55,0,3
236,235,32.0,68.3,921,5.55,0,3
238,234,32.0,68.5,921,5.55,0,3
238,234,32.0,69.1,921,5.55,0,3
238,240,32.0,69.8,921,5.55,0,3
238,241,32.1,70.1,921,5.55,0,3
238,241,32.0,69.3,921,5.55,0,3
237,243,32.0,68.4,921,5.55,0,3
238,243,32.0,68.1,921,5.55,0,3
234,245,32.0,68.1,921,5.55,0,3
232,241,32.0,67.8,921,5.55,0,3
236,241,32.0,67.6,921,5.55,0,3
235,241,32.0,67.7,921,5.55,0,3
235,241,32.0,67.5,922,5.55,0,3
232,240,32.0,66.0,922,5.55,0,3
228,237,32.0,65.1,922,5.55,0,3
231,236,32.0,65.4,922,5.55,0,3
250,239,32.0,66.1,922,5.55,0,3
245,237,32.0,67.3,922,5.55,0,3
243,234,32.0,68.1,922,5.55,0,3
247,240,32.0,68.2,922,5.55,0,3
245,242,32.0,67.0,922,5.55,0,3
248,247,32.0,66.7,922,5.55,0,3
244,247,32.0,66.6,922,5.55,0,3
242,243,32.0,66.4,922,5.55,0,3
237,240,32.0,66.0,923,5.55,0,3
236,239,32.0,65.2,923,5.55,0,3
234,232,32.0,65.4,923,5.55,0,3
232,231,32.0,65.8,923,5.55,0,3
228,232,32.0,65.6,923,5.55,0,3
233,231,32.0,65.6,923,5.55,0,3
233,233,32.0,64.9,923,5.55,0,3
234,238,32.0,64.3,923,5.55,0,3
233,240,32.0,63.7,923,5.55,0,3
232,231,32.0,63.6,923,5.55,0,3
233,234,32.0,63.9,923,5.55,0,3
232,232,32.0,64.3,923,5.55,0,3
230,228,32.0,63.9,924,5.55,0,3
227,221,32.0,63.7,924,5.55,0,3
229,224,32.0,63.9,924,5.55,0,3
221,223,32.0,63.8,924,5.55,0,3
219,221,32.0,63.3,924,5.55,0,3
240,228,32.0,63.7,924,5.55,0,3
238,228,32.0,64.6,924,5.55,0,3
235,233,32.0,64.9,924,5.55,0,3
237,234,32.0,65.5,924,5.55,0,3
234,232,32.0,65.3,924,5.55,0,3
234,234,32.0,64.9,924,5.55,0,3
234,234,32.0,63.9,924,5.55,0,3
235,233,32.0,63.8,925,5.55,0,3
234,237,32.0,65.4,925,5.55,0,3
234,233,32.0,65.0,925,5.55,0,3
227,229,32.0,64.9,925,5.55,0,3
231,228,32.0,65.1,925,5.55,0,3
233,228,32.0,65.5,925,5.55,0,3
233,230,32.0,66.3,925,5.55,0,3
230,232,32.0,66.2,925,5.55,0,3
231,228,32.0,66.3,925,5.55,0,3
231,232,32.0,66.3,925,5.55,0,3
237,230,32.0,65.9,925,5.55,0,3
233,230,32.0,66.2,925,5.55,0,3
238,231,32.0,66.7,926,5.55,0,3
234,226,32.0,67.2,926,5.55,0,3
229,229,32.0,66.9,926,5.55,0,3
234,229,32.0,66.8,926,5.55,0,3
250,249,32.0,68.1,926,5.55,0,3
252,248,32.0,68.7,926,5.55,0,3
234,235,32.0,68.9,926,5.55,0,3
229,235,32.0,67.9,926,5.55,0,3
233,237,32.0,67.0,926,5.55,0,3
232,234,32.0,66.2,926,5.55,0,3
228,234,32.0,65.4,926,5.55,0,3
234,239,32.0,65.6,926,5.55,0,3
234,235,32.0,66.5,927,5.55,0,3
234,244,32.0,67.0,927,5.55,0,3
233,239,32.0,66.7,927,5.55,0,3
234,234,32.0,65.2,927,5.55,0,3
234,234,32.0,64.3,927,5.55,0,3
234,229,32.0,63.2,927,5.55,0,3
234,224,32.0,63.0,927,5.55,0,3
234,234,32.0,63.1,927,5.55,0,3
234,235,32.0,64.3,927,5.55,0,3
233,234,32.0,65.3,927,5.55,0,3
235,235,32.0,66.4,927,5.55,0,3
240,235,32.0,66.2,927,5.55,0,3
230,234,32.0,65.6,928,5.55,0,3
225,227,32.0,65.1,928,5.55,0,3
227,227,32.0,64.6,928,5.55,0,3
223,225,32.0,63.9,928,5.55,0,3
220,222,32.0,63.3,928,5.55,0,3
221,222,32.0,62.7,928,5.55,0,3
231,223,32.0,63.5,928,5.55,0,3
234,221,32.0,64.2,928,5.55,0,3
227,220,32.0,64.9,928,5.55,0,3
231,222,32.0,65.5,928,5.55,0,3
228,223,32.0,66.3,928,5.55,0,3
236,225,32.0,67.4,928,5.55,0,3
240,225,32.0,67.7,929,5.55,0,3
233,229,32.0,67.2,929,5.55,0,3
234,227,32.0,66.2,929,5.55,0,3
222,231,32.0,65.0,929,5.55,0,3
225,227,32.0,64.4,929,5.55,0,3
244,228,32.0,64.7,929,5.55,0,3
243,228,32.0,65.5,929,5.55,0,3
238,228,32.0,66.2,929,5.55,0,3
234,224,32.0,67.1,929,5.55,0,3
231,228,32.0,67.4,929,5.55,0,3
231,223,32.0,67.6,929,5.55,0,3
234,225,32.0,66.7,929,5.55,0,3
231,225,32.0,66.0,930,5.55,0,3
231,222,32.0,65.5,930,5.55,0,3
228,223,32.0,65.8,930,5.55,0,3
229,227,32.0,66.5,930,5.55,0,3
231,226,32.0,67.0,930,5.55,0,3
234,227,32.0,67.7,930,5.55,0,3
235,230,32.0,68.2,930,5.55,0,3
234,231,32.1,68.8,930,5.55,0,3
234,230,32.0,68.2,930,5.55,0,3
234,233,32.0,67.9,930,5.55,0,3
234,231,32.1,66.9,930,5.55,0,3
234,231,32.0,65.9,930,5.55,0,3
237,231,32.0,65.6,931,5.6771,0,3
238,230,32.0,65.8,931,5.6771,0,3
230,230,32.0,66.3,931,5.6771,0,3
225,222,32.0,65.8,931,5.6771,0,3
220,226,32.0,65.2,931,5.6771,0,3
221,227,32.0,64.6,931,5.6771,0,3
223,229,32.0,64.6,931,5.6771,0,3
223,225,32.0,64.3,931,5.6771,0,3
223,228,32.0,64.4,931,5.6771,0,3
221,229,32.0,64.6,931,5.6771,0,3
223,229,32.0,65.0,931,5.6771,0,3
236,236,32.0,65.4,931,5.6771,0,3
234,231,32.0,65.7,932,5.6771,0,3
221,224,32.0,64.9,932,5.6771,0,3
221,224,32.0,64.3,932,5.6771,0,3
217,224,32.0,63.4,932,5.6771,0,3
234,227,32.0,63.4,932,5.6771,0,3
231,226,32.0,64.1,932,5.6771,0,3
234,226,32.0,64.7,932,5.6771,0,3
228,224,32.0,65.1,932,5.6771,0,3
229,229,32.0,65.2,932,5.6771,0,3
234,227,32.0,65.1,932,5.6771,0,3
235,228,32.0,65.7,932,5.6771,0,3
250,229,32.0,67.3,932,5.6771,0,3
249,241,32.0,67.9,933,5.6771,0,3
247,244,32.0,67.9,933,5.6771,0,3
235,241,32.0,67.8,933,5.6771,0,3
239,244,32.0,67.4,933,5.6771,0,3
237,244,32.0,66.6,933,5.6771,0,3
236,245,32.0,65.7,933,5.6771,0,3
231,240,32.0,65.5,933,5.6771,0,3
234,242,32.0,65.4,933,5.6771,0,3
233,242,32.0,65.5,933,5.6771,0,3
229,232,32.0,65.3,933,5.6771,0,3
232,231,32.0,65.2,933,5.6771,0,3
232,238,32.0,65.1,933,5.6771,0,3
233,239,32.0,65.2,934,5.6771,0,3
233,242,32.0,66.5,934,5.6771,0,3
232,239,32.0,66.0,934,5.6771,0,3
229,245,32.0,65.6,934,5.6771,0,3
237,244,32.0,65.5,934,5.6771,0,3
239,241,32.0,65.1,934,5.6771,0,3
244,237,32.0,65.1,934,5.6771,0,3
235,239,32.0,66.0,934,5.6771,0,3
237,232,32.1,66.9,934,5.6771,0,3
240,233,32.1,68.1,934,5.6771,0,3
240,239,32.1,69.8,934,5.6771,0,3
245,240,32.0,69.4,934,5.6771,0,3
241,239,32.0,68.0,935,5.6771,0,3
233,239,32.0,66.4,935,5.6771,0,3
236,243,32.0,65.8,935,5.6771,0,3
244,244,32.1,66.1,935,5.6771,0,3
246,239,32.0,66.8,935,5.6771,0,3
244,239,32.0,66.9,935,5.6771,0,3
236,236,32.0,66.4,935,5.6771,0,3
239,236,32.0,66.1,935,5.6771,0,3
242,234,32.0,65.3,935,5.6771,0,3
239,234,32.0,65.0,935,5.6771,0,3
239,237,32.0,65.3,935,5.6771,0,3
240,234,32.0,65.8,935,5.6771,0,3
239,234,32.0,66.3,936,5.6771,0,3
237,235,32.1,66.3,936,5.6771,0,3
240,234,32.0,66.2,936,5.6771,0,3
234,237,32.0,65.5,936,5.6771,0,3
237,236,32.0,65.9,936,5.6771,0,3
238,237,32.0,66.5,936,5.6771,0,3
238,236,32.0,67.3,936,5.6771,0,3
240,236,32.0,67.6,936,5.6771,0,3
237,236,32.1,68.6,936,5.6771,0,3
234,236,32.0,69.0,936,5.6771,0,3
234,234,32.1,68.7,936,5.6771,0,3
234,234,32.0,67.8,936,5.6771,0,3
235,245,32.0,67.3,937,5.6771,0,3
232,247,32.0,66.2,937,5.6771,0,3
235,243,32.0,65.2,937,5.6771,0,3
232,243,32.0,65.1,937,5.6771,0,3
238,239,32.0,65.0,937,5.6771,0,3
236,237,32.0,65.4,937,5.6771,0,3
234,240,32.0,66.0,937,5.6771,0,3
247,240,32.0,67.8,937,5.6771,0,3
252,239,32.0,68.0,937,5.6771,0,3
243,240,32.0,67.9,937,5.6771,0,3
243,238,32.0,67.5,937,5.6771,0,3
243,240,32.0,67.5,937,5.6771,0,3
235,237,32.0,67.6,938,5.6771,0,3
240,241,32.0,66.4,938,5.6771,0,3
224,236,32.0,65.5,938,5.6771,0,3
229,234,32.0,64.8,938,5.6771,0,3
234,234,32.0,65.0,938,5.6771,0,3
232,234,32.0,65.6,938,5.6771,0,3
232,232,32.0,66.4,938,5.6771,0,3
233,234,32.0,66.6,938,5.6771,0,3
240,244,32.0,65.1,938,5.6771,0,3
237,243,32.0,64.1,938,5.6771,0,3
238,243,32.0,63.8,938,5.6771,0,3
243,242,32.0,64.3,938,5.6771,0,3
247,241,32.0,65.3,939,5.6771,0,3
243,246,32.0,66.6,939,5.6771,0,3
243,248,32.0,68.1,939,5.6771,0,3
243,246,32.0,68.8,939,5.6771,0,3
254,255,32.0,68.3,939,5.6771,0,3
251,255,32.0,67.8,939,5.6771,0,3
234,247,32.0,67.3,939,5.6771,0,3
234,246,32.0,66.3,939,5.6771,0,3
231,243,32.0,65.1,939,5.6771,0,3
229,243,32.0,64.2,939,5.6771,0,3
231,239,32.0,64.2,939,5.6771,0,3
235,243,32.0,64.7,939,5.6771,0,3
232,242,32.0,65.4,940,5.6771,0,3
232,240,32.0,65.7,940,5.6771,0,3
234,235,32.0,65.6,940,5.6771,0,3
227,235,32.0,65.3,940,5.6771,0,3
228,236,32.0,64.5,940,5.6771,0,3
216,234,32.0,63.7,940,5.6771,0,3
215,234,32.0,62.3,940,5.6771,0,3
225,230,32.0,62.3,940,5.6771,0,3
225,234,32.0,62.3,940,5.6771,0,3
225,234,32.0,62.2,940,5.6771,0,3
225,234,32.0,62.9,940,5.6771,0,3
232,234,32.0,63.5,940,5.6771,0,3
233,234,32.0,64.4,941,5.6771,0,3
231,233,32.0,64.6,941,5.6771,0,3
225,234,32.0,64.3,941,5.6771,0,3
223,234,32.0,63.3,941,5.6771,0,3
233,232,32.0,63.5,941,5.6771,0,3
234,232,32.0,64.0,941,5.6771,0,3
232,231,32.0,64.3,941,5.6771,0,3
227,231,32.0,64.8,941,5.6771,0,3
234,230,32.0,65.7,941,5.6771,0,3
234,218,32.1,66.4,941,5.6771,0,3
237,223,32.0,67.5,941,5.6771,0,3
234,225,32.0,68.0,941,5.6771,0,3
235,225,32.0,67.8,942,5.6771,0,3
236,229,32.0,68.0,942,5.6771,0,3
247,228,32.1,67.9,942,5.6771,0,3
244,244,32.0,66.8,942,5.6771,0,3
239,243,32.0,65.6,942,5.6771,0,3
237,244,32.0,64.7,942,5.6771,0,3
233,239,32.0,63.7,942,5.6771,0,3
219,231,32.0,63.2,942,5.6771,0,3
222,229,32.0,62.7,942,5.6771,0,3
225,234,32.0,63.3,942,5.6771,0,3
223,229,32.0,63.1,942,5.6771,0,3
220,225,32.0,62.2,942,5.6771,0,3
232,234,32.0,61.9,943,5.6771,0,3
227,234,32.0,62.3,943,5.6771,0,3
223,234,32.0,62.4,943,5.6771,0,3
226,232,32.0,62.8,943,5.6771,0,3
226,230,32.0,63.1,943,5.6771,0,3
231,228,32.0,63.2,943,5.6771,0,3
233,228,32.0,63.4,943,5.6771,0,3
233,228,32.0,63.6,943,5.6771,0,3
230,229,32.0,63.2,943,5.6771,0,3
235,232,32.0,63.7,943,5.6771,0,3
239,231,32.0,64.3,943,5.6771,0,3
226,234,32.0,65.2,943,5.6771,0,3
225,221,32.0,65.5,944,5.6771,0,3
222,223,32.0,65.7,944,5.6771,0,3
224,224,32.0,65.7,944,5.6771,0,3
222,226,32.0,65.2,944,5.6771,0,3
225,225,32.0,64.8,944,5.6771,0,3
228,225,32.0,65.2,944,5.6771,0,3
228,224,32.0,66.0,944,5.6771,0,3
227,224,32.0,66.6,944,5.6771,0,3
241,234,32.1,67.1,944,5.6771,0,3
240,239,32.0,66.6,944,5.6771,0,3
244,235,32.0,66.7,944,5.6771,0,3
234,234,32.0,67.2,944,5.6771,0,3
236,231,32.0,67.7,945,5.6771,0,3
234,242,32.0,68.3,945,5.6771,0,3
236,241,32.0,68.2,945,5.6771,0,3
238,243,32.0,67.1,945,5.6771,0,3
237,246,32.0,66.8,945,5.6771,0,3
237,242,32.0,66.8,945,5.6771,0,3
247,237,32.1,67.3,945,5.6771,0,3
244,247,32.0,66.7,945,5.6771,0,3
237,242,32.0,64.8,945,5.6771,0,3
229,241,32.0,64.8,945,5.6771,0,3
234,224,32.0,65.5,945,5.6771,0,3
234,224,32.0,66.3,945,5.6771,0,3
233,225,32.0,66.2,946,5.6891,0,3
235,235,32.0,65.8,946,5.6891,0,3
234,234,32.0,65.3,946,5.6891,0,3
234,237,32.0,66.2,946,5.6891,0,3
240,235,32.0,66.2,946,5.6891,0,3
240,236,32.0,65.6,946,5.6891,0,3
234,233,32.0,64.1,946,5.6891,0,3
232,234,32.0,63.1,946,5.6891,0,3
234,234,32.0,62.5,946,5.6891,0,3
231,229,32.0,62.2,946,5.6891,0,3
228,229,32.0,62.3,946,5.6891,0,3
234,231,32.0,63.3,946,5.6891,0,3
233,232,32.0,63.6,947,5.6891,0,3
234,229,32.0,64.3,947,5.6891,0,3
235,229,32.0,65.5,947,5.6891,0,3
235,228,32.0,66.2,947,5.6891,0,3
235,231,32.0,66.9,947,5.6891,0,3
239,232,32.0,67.3,947,5.6891,0,3
239,232,32.0,67.9,947,5.6891,0,3
235,232,32.0,67.1,947,5.6891,0,3
239,234,32.0,66.2,947,5.6891,0,3
241,236,32.0,66.4,947,5.6891,0,3
239,238,32.0,66.2,947,5.6891,0,3
240,241,32.0,65.9,947,5.6891,0,3
233,241,32.0,65.8,948,5.6891,0,3
234,240,32.0,66.1,948,5.6891,0,3
245,241,32.0,64.6,948,5.6891,0,3
245,242,32.0,64.7,948,5.6891,0,3
250,247,32.0,65.2,948,5.6891,0,3
248,243,32.0,66.4,948,5.6891,0,3
249,245,32.0,66.9,948,5.6891,0,3
244,246,32.0,66.7,948,5.6891,0,3
244,247,32.0,66.5,948,5.6891,0,3
247,247,32.0,66.9,948,5.6891,0,3
246,247,32.0,67.9,948,5.6891,0,3
243,249,32.0,67.7,948,5.6891,0,3
241,249,32.0,66.4,949,5.6891,0,3
242,248,32.0,65.5,949,5.6891,0,3
238,249,32.0,65.3,949,5.6891,0,3
235,234,32.0,65.6,949,5.6891,0,3
228,236,32.0,65.8,949,5.6891,0,3
232,240,32.0,65.8,949,5.6891,0,3
231,239,32.0,66.1,949,5.6891,0,3
231,237,32.0,66.0,949,5.6891,0,3
231,234,32.0,64.9,949,5.6891,0,3
234,235,32.0,64.2,949,5.6891,0,3
228,234,32.0,63.7,949,5.6891,0,3
224,234,32.0,64.0,949,5.6891,0,3
221,233,32.0,64.1,950,5.6891,0,3
232,233,32.0,65.3,950,5.6891,0,3
234,234,32.0,66.1,950,5.6891,0,3
234,234,32.0,67.3,950,5.6891,0,3
234,234,32.0,67.8,950,5.6891,0,3
234,236,32.0,68.4,950,5.6891,0,3
233,237,32.0,67.1,950,5.6891,0,3
234,234,32.0,66.3,950,5.6891,0,3
229,238,32.0,65.5,950,5.6891,0,3
234,236,32.0,64.7,950,5.6891,0,3
234,235,32.0,64.3,950,5.6891,0,3
234,234,32.0,65.4,950,5.6891,0,3
234,232,32.0,65.7,951,5.6891,0,3
237,244,32.0,65.9,951,5.6891,0,3
239,242,32.0,65.9,951,5.6891,0,3
233,234,32.0,65.7,951,5.6891,0,3
231,234,32.0,65.8,951,5.6891,0,3
244,244,32.0,66.4,951,5.6891,0,3
249,246,32.0,67.6,951,5.6891,0,3
246,249,32.0,67.8,951,5.6891,0,3
249,254,32.0,66.4,951,5.6891,0,3
240,244,32.0,66.3,951,5.6891,0,3
239,242,32.0,66.3,951,5.6891,0,3
234,252,32.0,66.1,951,5.6891,0,3
239,248,32.0,65.4,952,5.6891,0,3
232,237,32.0,65.1,952,5.6891,0,3
234,235,32.0,65.6,952,5.6891,0,3
231,236,32.1,65.6,952,5.6891,0,3
236,235,32.0,65.0,952,5.6891,0,3
232,235,32.0,65.4,952,5.6891,0,3
233,235,32.0,65.8,952,5.6891,0,3
231,235,32.0,66.2,952,5.6891,0,3
233,235,32.0,66.2,952,5.6891,0,3
232,235,32.0,66.6,952,5.6891,0,3
234,234,32.0,66.9,952,5.6891,0,3
234,234,32.0,66.7,952,5.6891,0,3
230,235,32.0,66.5,953,5.6891,0,3
234,235,32.0,66.7,953,5.6891,0,3
240,237,32.0,66.7,953,5.6891,0,3
236,239,32.0,67.0,953,5.6891,0,3
235,239,32.0,67.2,953,5.6891,0,3
236,239,32.0,66.5,953,5.6891,0,3
236,244,32.0,66.2,953,5.6891,0,3
232,244,32.0,65.0,953,5.6891,0,3
237,253,32.0,65.1,953,5.6891,0,3
235,250,32.0,64.8,953,5.6891,0,3
231,250,32.0,64.0,953,5.6891,0,3
219,238,32.0,63.5,953,5.6891,0,3
220,234,32.0,63.6,954,5.6891,0,3
221,234,32.0,64.1,954,5.6891,0,3
223,232,32.0,63.9,954,5.6891,0,3
223,231,32.0,64.0,954,5.6891,0,3
234,234,32.0,64.2,954,5.6891,0,3
230,228,32.0,63.9,954,5.6891,0,3
230,227,32.0,62.9,954,5.6891,0,3
232,234,32.0,62.8,954,5.6891,0,3
234,235,32.0,63.2,954,5.6891,0,3
236,234,32.0,63.8,954,5.6891,0,3
231,233,32.0,66.6,954,5.6891,0,3
242,236,32.0,67.2,954,5.6891,0,3
238,238,32.0,67.4,955,5.6891,0,3
231,232,32.0,67.2,955,5.6891,0,3
228,228,32.0,66.3,955,5.6891,0,3
232,229,32.0,65.5,955,5.6891,0,3
233,230,32.0,64.4,955,5.6891,0,3
234,236,32.0,64.2,955,5.6891,0,3
234,236,32.0,64.1,955,5.6891,0,3
229,235,32.0,63.7,955,5.6891,0,3
233,234,32.0,63.5,955,5.6891,0,3
234,235,32.0,63.9,955,5.6891,0,3
222,229,32.0,64.1,955,5.6891,0,3
225,231,32.0,64.4,955,5.6891,0,3
224,223,32.0,64.7,956,5.6891,0,3
219,224,32.0,64.2,956,5.6891,0,3
225,224,32.0,62.9,956,5.6891,0,3
227,234,32.0,62.3,956,5.6891,0,3
230,233,32.0,62.5,956,5.6891,0,3
234,232,32.0,63.2,956,5.6891,0,3
229,232,32.0,64.1,956,5.6891,0,3
234,232,32.0,64.9,956,5.6891,0,3
233,237,32.0,65.2,956,5.6891,0,3
232,229,32.0,65.2,956,5.6891,0,3
236,232,32.0,65.6,956,5.6891,0,3
231,224,32.0,66.3,956,5.6891,0,3
231,224,32.0,67.2,957,5.6891,0,3
237,234,32.0,67.2,957,5.6891,0,3
239,234,32.0,67.1,957,5.6891,0,3
234,229,32.0,67.8,957,5.6891,0,3
237,234,32.0,68.5,957,5.6891,0,3
237,237,32.0,68.9,957,5.6891,0,3
253,248,32.0,69.7,957,5.6891,0,3
250,250,32.0,69.2,957,5.6891,0,3
245,247,32.0,68.0,957,5.6891,0,3
234,239,32.0,67.2,957,5.6891,0,3
237,238,32.0,67.4,957,5.6891,0,3
230,239,32.0,66.5,957,5.6891,0,3
228,237,32.0,64.9,958,5.6891,0,3
223,235,32.0,64.4,958,5.6891,0,3
234,247,32.0,64.2,958,5.6891,0,3
233,244,32.0,63.3,958,5.6891,0,3
231,241,32.0,62.9,958,5.6891,0,3
232,240,32.0,63.0,958,5.6891,0,3
234,240,32.0,63.7,958,5.6891,0,3
230,244,32.0,64.4,958,5.6891,0,3
241,243,32.0,65.1,958,5.6891,0,3
239,243,32.0,65.5,958,5.6891,0,3
234,240,32.0,66.3,958,5.6891,0,3
234,234,32.0,66.9,958,5.6891,0,3
235,231,32.0,67.7,959,5.6891,0,3
235,235,32.0,68.2,959,5.6891,0,3
235,234,32.0,68.1,959,5.6891,0,3
235,235,32.0,68.2,959,5.6891,0,3
235,235,32.0,68.2,959,5.6891,0,3
234,234,32.0,68.1,959,5.6891,0,3
237,234,32.0,68.0,959,5.6891,0,3
237,235,32.0,68.3,959,5.6891,0,3
241,235,32.0,67.6,959,5.6891,0,3
243,247,32.0,66.3,959,5.6891,0,3
235,244,32.0,65.4,959,5.6891,0,3
236,244,32.0,64.9,959,5.6891,0,3
234,246,32.0,65.1,960,5.6891,0,3
238,241,32.0,65.6,960,5.6891,0,3
234,243,32.0,65.5,960,5.6891,0,3
236,244,32.0,65.6,960,5.6891,0,3
238,245,32.0,66.7,960,5.6891,0,3
233,234,32.0,67.6,960,5.6891,0,3
237,234,32.0,68.7,960,5.6891,0,3
247,247,32.0,69.3,960,5.6891,0,3
248,248,32.0,70.0,960,5.6891,0,3
245,250,32.0,69.6,960,5.6891,0,3
245,249,32.0,69.1,960,5.6891,0,3
241,249,32.0,68.3,960,5.6891,0,3
239,250,32.0,67.8,961,5.7,0,3
247,250,32.0,66.9,961,5.7,0,3
250,251,32.0,66.9,961,5.7,0,3
242,250,32.0,66.5,961,5.7,0,3
240,250,32.0,65.4,961,5.7,0,3
243,245,32.0,65.3,961,5.7,0,3
235,243,32.0,65.3,961,5.7,0,3
229,231,32.0,64.6,961,5.7,0,3
229,232,32.0,63.9,961,5.7,0,3
224,234,32.0,63.8,961,5.7,0,3
220,231,32.0,63.2,961,5.7,0,3
218,225,32.0,63.1,961,5.7,0,3
228,229,32.0,63.7,962,5.7,0,3
229,227,32.0,64.8,962,5.7,0,3
229,228,32.0,66.0,962,5.7,0,3
229,234,32.0,66.5,962,5.7,0,3
232,231,32.0,66.3,962,5.7,0,3
233,239,32.0,66.0,962,5.7,0,3
235,238,32.0,66.1,962,5.7,0,3
236,235,32.0,66.7,962,5.7,0,3
237,235,32.0,67.0,962,5.7,0,3
238,230,32.0,66.8,962,5.7,0,3
239,240,32.0,66.6,962,5.7,0,3
243,237,32.0,66.6,962,5.7,0,3
239,235,32.0,66.8,963,5.7,0,3
243,236,32.0,66.4,963,5.7,0,3
239,236,32.0,66.4,963,5.7,0,3
236,235,32.0,66.4,963,5.7,0,3
234,239,32.0,65.7,963,5.7,0,3
232,237,32.0,65.1,963,5.7,0,3
230,233,32.0,64.1,963,5.7,0,3
230,231,32.0,63.2,963,5.7,0,3
230,231,32.0,63.3,963,5.7,0,3
230,231,32.0,63.9,963,5.7,0,3
224,230,32.0,63.6,963,5.7,0,3
223,228,32.0,63.0,963,5.7,0,3
230,226,32.0,63.3,964,5.7,0,3
233,225,32.0,63.6,964,5.7,0,3
222,224,32.0,64.6,964,5.7,0,3
219,216,32.0,64.9,964,5.7,0,3
218,217,32.0,64.7,964,5.7,0,3
224,217,32.0,64.4,964,5.7,0,3
235,218,32.0,64.5,964,5.7,0,3
231,218,32.0,65.7,964,5.7,0,3
221,219,32.0,65.5,964,5.7,0,3
223,219,32.0,65.4,964,5.7,0,3
237,221,32.0,65.7,964,5.7,0,3
232,223,32.0,65.6,964,5.7,0,3
234,232,32.0,64.9,965,5.7,0,3
235,236,32.0,65.8,965,5.7,0,3
239,235,32.0,65.7,965,5.7,0,3
230,224,32.0,65.6,965,5.7,0,3
221,227,32.0,64.3,965,5.7,0,3
223,232,32.0,62.3,965,5.7,0,3
218,230,32.0,61.9,965,5.7,0,3
225,234,32.0,62.2,965,5.7,0,3
224,231,32.0,62.0,965,5.7,0,3
225,229,32.0,62.0,965,5.7,0,3
219,213,32.0,62.6,965,5.7,0,3
218,217,32.0,62.9,965,5.7,0,3
219,218,32.0,63.5,966,5.7,0,3
226,217,32.0,64.8,966,5.7,0,3
234,218,32.0,65.8,966,5.7,0,3
234,223,32.0,67.4,966,5.7,0,3
240,234,32.0,67.6,966,5.7,0,3
243,234,32.0,67.6,966,5.7,0,3
244,234,32.0,68.0,966,5.7,0,3
243,237,32.0,68.0,966,5.7,0,3
240,237,32.0,67.9,966,5.7,0,3
234,234,32.0,68.2,966,5.7,0,3
235,234,32.0,68.1,966,5.7,0,3
240,234,32.0,68.0,966,5.7,0,3
240,237,32.0,67.9,967,5.7,0,3
240,239,32.0,66.9,967,5.7,0,3
242,247,32.0,66.7,967,5.7,0,3
241,250,32.0,67.3,967,5.7,0,3
240,249,32.0,67.7,967,5.7,0,3
244,246,32.0,67.5,967,5.7,0,3
236,241,32.0,67.4,967,5.7,0,3
241,235,32.0,67.8,967,5.7,0,3
243,239,32.0,68.8,967,5.7,0,3
247,241,32.0,69.5,967,5.7,0,3
250,252,32.0,69.1,967,5.7,0,3
251,255,32.0,68.9,967,5.7,0,3
253,255,32.0,69.1,968,5.7,0,3
251,259,32.0,69.6,968,5.7,0,3
253,262,32.0,70.2,968,5.7,0,3
245,252,32.0,71.0,968,5.7,0,3
240,254,32.0,71.4,968,5.7,0,3
246,254,32.0,70.6,968,5.7,0,3
245,250,32.0,69.2,968,5.7,0,3
244,264,32.0,68.6,968,5.7,0,3
243,264,32.0,67.6,968,5.7,0,3
247,262,32.0,67.4,968,5.7,0,3
243,262,32.0,67.6,968,5.7,0,3
243,261,32.0,67.7,968,5.7,0,3
246,262,32.0,67.7,969,5.7,0,3
243,258,32.0,67.5,969,5.7,0,3
242,259,32.0,67.1,969,5.7,0,3
241,258,32.0,66.8,969,5.7,0,3
233,246,32.0,66.3,969,5.7,0,3
225,244,32.0,66.1,969,5.7,0,3
229,241,32.0,65.8,969,5.7,0,3
231,236,32.0,65.0,969,5.7,0,3
230,244,32.0,64.3,969,5.7,0,3
231,245,32.0,63.8,969,5.7,0,3
234,244,32.0,64.1,969,5.7,0,3
228,234,32.0,65.0,969,5.7,0,3
229,234,32.0,65.7,970,5.7,0,3
223,234,32.0,65.6,970,5.7,0,3
221,234,32.0,65.0,970,5.7,0,3
223,231,32.0,63.9,970,5.7,0,3
227,240,32.0,63.5,970,5.7,0,3
239,244,32.0,63.9,970,5.7,0,3
237,241,32.0,64.8,970,5.7,0,3
237,235,32.0,65.3,970,5.7,0,3
235,237,32.0,65.3,970,5.7,0,3
233,238,32.0,65.8,970,5.7,0,3
232,229,32.0,65.9,970,5.7,0,3
228,229,32.0,65.6,970,5.7,0,3
234,241,32.0,66.2,971,5.711,0,3
234,241,32.0,66.8,971,5.711,0,3
234,234,32.0,67.2,971,5.711,0,3
234,233,32.0,67.0,971,5.711,0,3
234,234,32.0,66.8,971,5.711,0,3
236,237,32.0,66.8,971,5.711,0,3
233,237,32.0,65.6,971,5.711,0,3
239,250,32.0,65.4,971,5.711,0,3
239,250,32.0,65.2,971,5.711,0,3
230,244,32.0,65.7,971,5.711,0,3
234,235,32.0,66.3,971,5.711,0,3
236,237,32.0,67.2,971,5.711,0,3
250,251,32.0,69.0,972,5.711,0,3
250,252,32.0,69.4,972,5.711,0,3
238,253,32.0,69.2,972,5.711,0,3
238,256,32.0,69.0,972,5.711,0,3
241,248,32.0,69.0,972,5.711,0,3
233,248,32.0,67.5,972,5.711,0,3
233,241,32.0,66.5,972,5.711,0,3
232,241,32.0,66.1,972,5.711,0,3
234,240,32.0,66.3,972,5.711,0,3
234,240,32.0,67.2,972,5.711,0,3
233,244,32.0,68.0,972,5.711,0,3
234,244,32.0,68.1,972,5.711,0,3
237,245,32.0,68.0,973,5.711,0,3
241,243,32.0,67.0,973,5.711,0,3
245,245,32.0,66.7,973,5.711,0,3
234,244,32.0,67.0,973,5.711,0,3
239,244,32.0,67.9,973,5.711,0,3
240,245,32.0,68.7,973,5.711,0,3
239,250,32.0,69.1,973,5.711,0,3
233,249,32.0,67.6,973,5.711,0,3
234,250,32.0,66.8,973,5.711,0,3
246,258,32.0,66.9,973,5.711,0,3
243,256,32.0,66.9,973,5.711,0,3
232,246,32.0,65.7,973,5.711,0,3
236,245,32.0,65.2,974,5.711,0,3
246,244,32.0,65.8,974,5.711,0,3
248,254,32.0,67.0,974,5.711,0,3
245,255,32.0,67.3,974,5.711,0,3
245,256,32.0,66.7,974,5.711,0,3
248,259,32.0,66.9,974,5.711,0,3
251,258,32.0,67.4,974,5.711,0,3
245,255,32.0,67.5,974,5.711,0,3
243,254,32.0,67.5,974,5.711,0,3
234,250,32.0,67.6,974,5.711,0,3
234,250,32.0,67.5,974,5.711,0,3
239,252,32.0,67.5,974,5.711,0,3
239,252,32.0,64.9,975,5.711,0,3
240,255,32.0,64.9,975,5.711,0,3
238,256,32.0,64.8,975,5.711,0,3
244,255,32.0,64.6,975,5.711,0,3
243,252,32.0,64.7,975,5.711,0,3
244,252,32.0,65.7,975,5.711,0,3
242,252,32.0,66.0,975,5.711,0,3
246,253,32.0,66.8,975,5.711,0,3
250,255,32.0,67.6,975,5.711,0,3
250,255,32.0,68.3,975,5.711,0,3
243,258,32.0,68.5,975,5.711,0,3
234,242,32.0,68.0,975,5.711,0,3
230,245,32.0,66.9,976,5.711,0,3
230,250,32.0,65.6,976,5.711,0,3
230,241,32.0,65.4,976,5.711,0,3
229,239,32.0,65.5,976,5.711,0,3
230,245,32.0,65.7,976,5.711,0,3
232,240,32.0,64.7,976,5.711,0,3
228,236,32.0,64.4,976,5.711,0,3
225,236,32.0,64.7,976,5.711,0,3
223,236,32.0,65.0,976,5.711,0,3
232,245,32.0,64.7,976,5.711,0,3
232,245,32.0,63.7,976,5.711,0,3
235,247,32.0,63.2,976,5.711,0,3
234,244,32.0,63.6,977,5.711,0,3
234,243,32.0,64.6,977,5.711,0,3
234,245,32.0,65.3,977,5.711,0,3
234,243,32.0,66.3,977,5.711,0,3
234,233,32.0,66.8,977,5.711,0,3
234,235,32.0,66.8,977,5.711,0,3
234,233,32.0,65.3,977,5.711,0,3
232,244,32.0,64.2,977,5.711,0,3
227,243,32.0,62.9,977,5.711,0,3
227,231,32.0,62.7,977,5.711,0,3
221,233,32.0,62.4,977,5.711,0,3
221,234,32.0,62.0,977,5.711,0,3
225,234,32.0,62.5,978,5.711,0,3
231,234,32.0,64.3,978,5.711,0,3
234,231,32.0,65.3,978,5.711,0,3
234,234,32.0,65.9,978,5.711,0,3
236,234,32.0,66.7,978,5.711,0,3
243,236,32.1,67.6,978,5.711,0,3
248,237,32.0,68.3,978,5.711,0,3
235,239,32.0,68.0,978,5.711,0,3
235,238,32.0,66.9,978,5.711,0,3
233,239,32.0,66.1,978,5.711,0,3
237,241,32.0,65.5,978,5.711,0,3
222,241,32.0,65.1,978,5.711,0,3
227,243,32.0,64.6,979,5.711,0,3
227,238,32.0,64.6,979,5.711,0,3
231,238,32.0,65.2,979,5.711,0,3
229,234,32.0,65.3,979,5.711,0,3
231,233,32.0,65.1,979,5.711,0,3
230,232,32.0,65.2,979,5.711,0,3
232,229,32.0,65.3,979,5.711,0,3
234,231,32.0,66.2,979,5.711,0,3
232,236,32.0,66.2,979,5.711,0,3
231,234,32.0,65.1,979,5.711,0,3
230,234,32.0,64.1,979,5.711,0,3
236,237,32.0,63.3,979,5.711,0,3
234,234,32.0,62.8,980,5.711,0,3
239,239,32.0,63.0,980,5.711,0,3
235,236,32.0,63.9,980,5.711,0,3
234,234,32.0,63.8,980,5.711,0,3
234,234,32.0,63.2,980,5.711,0,3
233,234,32.0,63.0,980,5.711,0,3
231,232,32.0,63.2,980,5.711,0,3
228,225,32.0,63.2,980,5.711,0,3
225,228,32.0,63.4,980,5.711,0,3
233,232,32.0,63.5,980,5.711,0,3
234,232,32.0,63.4,980,5.711,0,3
234,235,32.0,63.5,980,5.711,0,3
237,235,32.0,64.4,981,5.711,0,3
238,235,32.0,65.0,981,5.711,0,3
238,240,32.0,65.7,981,5.711,0,3
239,243,32.0,65.3,981,5.711,0,3
240,247,32.0,65.4,981,5.711,0,3
241,247,32.0,65.3,981,5.711,0,3
245,248,32.0,65.9,981,5.711,0,3
246,249,32.0,66.7,981,5.711,0,3
243,250,32.0,66.9,981,5.711,0,3
244,251,32.0,66.8,981,5.711,0,3
240,252,32.0,66.6,981,5.711,0,3
239,252,32.0,66.2,981,5.711,0,3
243,252,32.0,66.4,982,5.711,0,3
229,240,32.0,66.0,982,5.711,0,3
233,240,32.0,66.0,982,5.711,0,3
228,244,32.0,66.2,982,5.711,0,3
228,244,32.0,64.9,982,5.711,0,3
236,251,32.0,64.7,982,5.711,0,3
234,250,32.0,65.0,982,5.711,0,3
231,247,32.0,63.8,982,5.711,0,3
228,245,32.0,62.8,982,5.711,0,3
219,240,32.0,62.5,982,5.711,0,3
220,231,32.0,62.9,982,5.711,0,3
218,229,32.0,63.0,982,5.711,0,3
218,234,32.0,63.0,983,5.711,0,3
225,225,32.0,63.4,983,5.711,0,3
224,225,32.0,64.6,983,5.711,0,3
234,233,32.0,65.1,983,5.711,0,3
236,234,32.0,66.9,983,5.711,0,3
231,240,32.0,67.7,983,5.711,0,3
233,243,32.1,67.4,983,5.711,0,3
233,245,32.0,65.8,983,5.711,0,3
235,234,32.0,65.3,983,5.711,0,3
236,228,32.0,63.9,983,5.711,0,3
232,232,32.0,63.2,983,5.711,0,3
227,234,32.0,63.5,983,5.711,0,3
236,234,32.0,64.0,984,5.711,0,3
241,234,32.0,64.7,984,5.711,0,3
231,235,32.0,65.7,984,5.711,0,3
236,228,32.1,66.7,984,5.711,0,3
234,229,32.0,67.3,984,5.711,0,3
231,233,32.0,66.7,984,5.711,0,3
236,232,32.0,67.3,984,5.711,0,3
235,234,32.0,67.3,984,5.711,0,3
234,234,32.0,66.5,984,5.711,0,3
234,234,32.0,66.6,984,5.711,0,3
236,234,32.0,67.0,984,5.711,0,3
240,236,32.0,67.4,984,5.711,0,3
244,239,32.0,67.3,985,5.711,0,3
243,237,32.0,67.4,985,5.711,0,3
244,240,32.0,66.7,985,5.711,0,3
244,250,32.0,65.9,985,5.711,0,3
246,248,32.0,65.6,985,5.711,0,3
244,249,32.0,65.7,985,5.711,0,3
237,247,32.0,65.1,985,5.711,0,3
240,246,32.0,64.8,985,5.711,0,3
234,247,32.0,65.0,985,5.711,0,3
238,247,32.0,65.7,985,5.711,0,3
232,235,32.0,65.9,985,5.711,0,3
229,234,32.0,66.0,985,5.711,0,3
227,234,32.0,65.4,986,5.711,0,3
238,245,32.0,65.3,986,5.711,0,3
235,244,32.0,65.4,986,5.711,0,3
234,244,32.0,65.3,986,5.711,0,3
229,244,32.0,65.1,986,5.711,0,3
229,244,32.0,64.9,986,5.711,0,3
227,234,32.0,64.9,986,5.711,0,3
227,234,32.0,65.0,986,5.711,0,3
228,234,32.0,65.3,986,5.711,0,3
228,234,32.0,65.4,986,5.711,0,3
228,232,32.0,65.4,986,5.711,0,3
228,229,32.0,65.4,986,5.711,0,3
228,234,32.0,64.8,987,5.711,0,3
226,232,32.0,64.7,987,5.711,0,3
228,234,32.0,64.9,987,5.711,0,3
228,232,32.0,64.5,987,5.711,0,3
228,231,32.0,63.9,987,5.711,0,3
228,233,32.0,62.8,987,5.711,0,3
228,231,32.0,61.8,987,5.711,0,3
221,230,32.0,61.2,987,5.711,0,3
220,229,32.0,61.5,987,5.711,0,3
234,235,32.0,62.3,987,5.711,0,3
229,234,32.0,63.3,987,5.711,0,3
232,235,32.0,62.7,987,5.711,0,3
239,235,32.0,62.9,988,5.711,0,3
234,234,32.0,63.1,988,5.711,0,3
239,234,32.0,63.8,988,5.711,0,3
238,234,32.0,64.5,988,5.711,0,3
236,239,32.0,65.0,988,5.711,0,3
237,239,32.0,64.9,988,5.711,0,3
237,236,32.0,64.8,988,5.711,0,3
239,237,32.0,64.9,988,5.711,0,3
237,233,32.0,64.7,988,5.711,0,3
235,240,32.0,64.6,988,5.711,0,3
239,242,32.0,64.5,988,5.711,0,3
241,244,32.0,64.6,988,5.711,0,3
237,239,32.0,65.1,989,5.711,0,3
235,237,32.0,65.6,989,5.711,0,3
234,237,32.0,66.4,989,5.711,0,3
239,235,32.0,66.6,989,5.711,0,3
229,234,32.0,65.8,989,5.711,0,3
225,234,32.0,64.0,989,5.711,0,3
228,234,32.0,63.7,989,5.711,0,3
235,235,32.0,64.1,989,5.711,0,3
233,234,32.0,64.7,989,5.711,0,3
229,234,32.0,64.7,989,5.711,0,3
232,234,32.0,65.0,989,5.711,0,3
234,234,32.0,65.3,989,5.711,0,3
235,234,32.0,65.0,990,5.711,0,3
230,234,32.0,64.9,990,5.711,0,3
234,237,32.0,65.5,990,5.711,0,3
250,254,32.0,67.3,990,5.711,0,3
250,254,32.0,67.1,990,5.711,0,3
245,258,32.0,66.8,990,5.711,0,3
244,254,32.0,65.4,990,5.711,0,3
236,252,32.0,64.5,990,5.711,0,3
240,250,32.0,63.3,990,5.711,0,3
234,249,32.0,63.3,990,5.711,0,3
234,237,32.0,64.0,990,5.711,0,3
236,236,32.0,65.6,990,5.711,0,3
249,251,32.0,67.8,991,5.711,0,3
251,251,32.0,68.8,991,5.711,0,3
252,252,32.0,69.2,991,5.711,0,3
247,254,32.0,69.5,991,5.711,0,3
252,258,32.0,69.3,991,5.711,0,3
248,261,32.0,69.4,991,5.711,0,3
248,258,32.0,69.3,991,5.711,0,3
248,258,32.0,68.0,991,5.711,0,3
244,258,32.0,66.7,991,5.711,0,3
240,258,32.0,66.6,991,5.711,0,3
239,260,32.0,67.1,991,5.711,0,3
238,260,32.0,67.3,991,5.711,0,3
239,249,32.0,67.7,992,5.711,0,3
235,250,32.0,67.7,992,5.711,0,3
239,247,32.0,67.3,992,5.711,0,3
240,250,32.0,67.3,992,5.711,0,3
235,248,32.0,67.7,992,5.711,0,3
235,250,32.0,67.4,992,5.711,0,3
232,249,32.0,67.0,992,5.711,0,3
229,250,32.0,66.6,992,5.711,0,3
237,250,32.0,66.6,992,5.711,0,3
235,247,32.0,67.0,992,5.711,0,3
236,256,32.0,67.1,992,5.711,0,3
237,259,32.0,66.2,992,5.711,0,3
234,249,32.0,65.6,993,5.711,0,3
237,248,32.0,66.0,993,5.711,0,3
241,250,32.0,67.0,993,5.711,0,3
246,250,32.0,67.9,993,5.711,0,3
240,250,32.0,68.4,993,5.711,0,3
248,250,32.0,67.7,993,5.711,0,3
245,252,32.0,66.9,993,5.711,0,3
237,260,32.0,66.4,993,5.711,0,3
240,262,32.0,65.2,993,5.711,0,3
239,256,32.0,64.4,993,5.711,0,3
244,254,32.0,64.5,993,5.711,0,3
238,247,32.0,65.0,993,5.711,0,3
237,252,32.0,65.3,994,5.711,0,3
244,250,32.0,65.8,994,5.711,0,3
241,249,32.0,66.0,994,5.711,0,3
238,239,32.0,65.1,994,5.711,0,3
235,237,32.0,64.6,994,5.711,0,3
226,236,32.0,63.8,994,5.711,0,3
225,236,32.0,63.5,994,5.711,0,3
229,234,32.0,63.6,994,5.711,0,3
233,234,32.0,64.6,994,5.711,0,3
236,244,32.0,65.0,994,5.711,0,3
236,241,32.0,65.1,994,5.711,0,3
231,239,32.0,65.0,994,5.711,0,3
236,243,32.0,64.9,995,5.711,0,3
239,243,32.0,64.8,995,5.711,0,3
234,244,32.0,64.7,995,5.711,0,3
234,247,32.0,64.3,995,5.711,0,3
234,245,32.0,64.1,995,5.711,0,3
228,241,32.0,63.5,995,5.711,0,3
223,234,32.0,62.6,995,5.711,0,3
234,236,32.0,62.6,995,5.711,0,3
234,239,32.0,63.4,995,5.711,0,3
237,236,32.0,63.4,995,5.711,0,3
227,236,32.0,63.4,995,5.711,0,3
231,238,32.0,62.8,995,5.711,0,3
224,228,32.0,62.7,996,5.724,0,3
225,228,32.0,63.0,996,5.724,0,3
227,229,32.0,63.6,996,5.724,0,3
234,236,32.0,64.2,996,5.724,0,3
235,236,32.0,65.6,996,5.724,0,3
238,239,32.0,66.1,996,5.724,0,3
233,237,32.0,64.7,996,5.724,0,3
234,236,32.0,64.0,996,5.724,0,3
235,236,32.0,63.8,996,5.724,0,3
228,232,32.0,64.1,996,5.724,0,3
232,228,32.0,63.9,996,5.724,0,3
236,228,32.0,62.8,996,5.724,0,3
233,231,32.0,62.3,997,5.724,0,3
233,234,32.0,62.6,997,5.724,0,3
233,233,32.0,63.2,997,5.724,0,3
233,239,32.0,63.4,997,5.724,0,3
232,238,32.0,63.3,997,5.724,0,3
234,238,32.0,63.7,997,5.724,0,3
236,236,32.0,64.0,997,5.724,0,3
233,232,32.0,63.6,997,5.724,0,3
233,233,32.0,63.5,997,5.724,0,3
234,223,32.0,63.8,997,5.724,0,3
234,227,32.0,63.6,997,5.724,0,3
234,229,32.0,63.3,997,5.724,0,3
234,231,32.0,64.0,998,5.724,0,3
234,236,32.0,64.5,998,5.724,0,3
234,233,32.0,64.8,998,5.724,0,3
241,234,32.0,65.1,998,5.724,0,3
246,238,32.0,66.0,998,5.724,0,3
245,242,32.0,66.4,998,5.724,0,3
242,245,32.0,65.6,998,5.724,0,3
240,249,32.0,65.3,998,5.724,0,3
234,247,32.0,65.0,998,5.724,0,3
235,248,32.0,65.0,998,5.724,0,3
243,248,32.0,66.2,998,5.724,0,3
239,249,32.0,66.7,998,5.724,0,3
243,250,32.0,66.7,999,5.724,0,3
236,251,32.0,66.9,999,5.724,0,3
234,242,32.0,67.1,999,5.724,0,3
236,241,32.0,67.5,999,5.724,0,3
234,241,32.0,68.0,999,5.724,0,3
243,243,32.0,68.3,999,5.724,0,3
241,245,32.0,68.8,999,5.724,0,3
237,249,32.0,68.9,999,5.724,0,3
239,248,32.0,68.6,999,5.724,0,3
239,249,32.0,68.2,999,5.724,0,3
239,251,32.0,67.9,999,5.724,0,3
238,261,32.0,67.5,999,5.724,0,3
238,265,32.0,67.5,1000,5.724,0,3
237,264,32.0,67.9,1000,5.724,0,3
234,252,32.0,67.8,1000,5.724,0,3
234,251,32.0,67.9,1000,5.724,0,3
231,250,32.0,66.9,1000,5.724,0,3
240,260,32.0,65.9,1000,5.724,0,3
238,256,32.0,65.6,1000,5.724,0,3
237,255,32.0,65.8,1000,5.724,0,3
228,245,32.0,65.5,1000,5.724,0,3
225,240,32.0,64.5,1000,5.724,0,3
240,237,32.0,64.7,1000,5.724,0,3
239,239,32.0,65.3,1000,5.724,0,3
241,250,32.0,65.6,1001,5.724,0,3
241,251,32.0,65.6,1001,5.724,0,3
236,247,32.0,64.9,1001,5.724,0,3
234,249,32.0,64.2,1001,5.724,0,3
235,249,32.0,63.6,1001,5.724,0,3
236,244,32.0,63.7,1001,5.724,0,3
235,249,32.0,63.8,1001,5.724,0,3
233,250,32.0,64.4,1001,5.724,0,3
231,240,32.0,63.9,1001,5.724,0,3
225,240,32.0,63.0,1001,5.724,0,3
230,241,32.0,62.9,1001,5.724,0,3
231,236,32.0,62.7,1001,5.724,0,3
230,235,32.0,61.9,1002,5.724,0,3
228,231,32.0,61.8,1002,5.724,0,3
228,229,32.0,62.6,1002,5.724,0,3
229,237,32.0,63.9,1002,5.724,0,3
234,233,32.0,65.0,1002,5.724,0,3
235,234,32.0,66.5,1002,5.724,0,3
235,236,32.0,67.3,1002,5.724,0,3
243,237,32.0,67.6,1002,5.724,0,3
243,250,32.0,66.8,1002,5.724,0,3
240,251,32.0,66.1,1002,5.724,0,3
234,236,32.0,65.7,1002,5.724,0,3
234,239,32.0,65.1,1002,5.724,0,3
238,249,32.0,64.6,1003,5.724,0,3
242,247,32.0,64.5,1003,5.724,0,3
243,248,32.0,64.9,1003,5.724,0,3
244,250,32.0,64.6,1003,5.724,0,3
243,247,32.0,64.5,1003,5.724,0,3
232,246,32.0,64.7,1003,5.724,0,3
236,246,32.0,64.5,1003,5.724,0,3
235,244,32.0,63.9,1003,5.724,0,3
235,241,32.0,63.8,1003,5.724,0,3
234,244,32.0,63.4,1003,5.724,0,3
237,239,32.0,62.3,1003,5.724,0,3
234,239,32.0,61.8,1003,5.724,0,3
219,230,32.0,61.4,1004,5.724,0,3
219,234,32.0,60.7,1004,5.724,0,3
223,234,32.0,61.0,1004,5.724,0,3
224,233,32.0,62.0,1004,5.724,0,3
229,234,32.0,62.1,1004,5.724,0,3
220,227,32.0,61.5,1004,5.724,0,3
224,223,32.0,61.3,1004,5.724,0,3
227,230,32.0,62.0,1004,5.724,0,3
229,231,32.0,63.3,1004,5.724,0,3
233,234,32.0,62.7,1004,5.724,0,3
229,232,32.0,62.2,1004,5.724,0,3
231,231,32.0,61.7,1004,5.724,0,3
231,229,32.0,61.7,1005,5.724,0,3
231,229,32.0,62.4,1005,5.724,0,3
234,236,32.0,64.1,1005,5.724,0,3
239,239,32.0,63.9,1005,5.724,0,3
244,236,32.0,64.1,1005,5.724,0,3
234,234,32.0,64.8,1005,5.724,0,3
237,234,32.0,65.2,1005,5.724,0,3
234,234,32.0,64.8,1005,5.724,0,3
234,234,32.0,64.3,1005,5.724,0,3
234,234,32.0,64.2,1005,5.724,0,3
234,234,32.0,63.5,1005,5.724,0,3
231,234,32.0,63.1,1005,5.724,0,3
224,225,32.0,62.7,1006,5.724,0,3
220,223,32.0,62.9,1006,5.724,0,3
231,224,32.0,63.0,1006,5.724,0,3
229,224,32.0,63.7,1006,5.724,0,3
239,231,32.0,64.8,1006,5.724,0,3
240,234,32.0,65.6,1006,5.724,0,3
227,223,32.0,65.5,1006,5.724,0,3
228,227,32.0,64.8,1006,5.724,0,3
230,228,32.0,64.2,1006,5.724,0,3
232,227,32.0,64.0,1006,5.724,0,3
237,227,32.0,64.2,1006,5.724,0,3
233,225,32.0,64.0,1006,5.724,0,3
237,228,32.0,63.8,1007,5.724,0,3
237,228,32.0,63.7,1007,5.724,0,3
234,225,32.0,63.8,1007,5.724,0,3
235,228,32.0,63.5,1007,5.724,0,3
234,231,32.0,62.1,1007,5.724,0,3
234,234,32.0,61.8,1007,5.724,0,3
235,235,32.0,62.4,1007,5.724,0,3
235,234,32.0,63.5,1007,5.724,0,3
238,234,32.0,64.1,1007,5.724,0,3
234,234,32.0,63.9,1007,5.724,0,3
240,235,32.0,63.5,1007,5.724,0,3
242,237,32.0,63.7,1007,5.724,0,3
241,234,32.0,64.2,1008,5.724,0,3
241,239,32.0,64.2,1008,5.724,0,3
245,238,32.0,64.9,1008,5.724,0,3
245,241,32.0,65.5,1008,5.724,0,3
241,245,32.0,65.8,1008,5.724,0,3
241,245,32.0,66.3,1008,5.724,0,3
234,234,32.0,66.3,1008,5.724,0,3
233,235,32.0,65.6,1008,5.724,0,3
235,234,32.0,65.6,1008,5.724,0,3
235,247,32.0,64.0,1008,5.724,0,3
234,245,32.0,63.9,1008,5.724,0,3
237,250,32.0,63.7,1008,5.724,0,3
235,235,32.0,62.4,1009,5.724,0,3
221,229,32.0,63.0,1009,5.724,0,3
223,225,32.0,63.5,1009,5.724,0,3
221,227,32.0,63.5,1009,5.724,0,3
216,225,32.0,62.3,1009,5.724,0,3
224,228,32.0,61.7,1009,5.724,0,3
224,228,32.0,62.0,1009,5.724,0,3
234,228,32.0,62.7,1009,5.724,0,3
234,227,32.0,64.0,1009,5.724,0,3
234,228,32.0,64.7,1009,5.724,0,3
224,230,32.0,65.0,1009,5.724,0,3
226,214,32.0,63.5,1009,5.724,0,3
220,216,32.0,63.1,1010,5.724,0,3
219,216,32.0,63.0,1010,5.724,0,3
230,229,32.0,63.1,1010,5.724,0,3
230,231,32.0,63.6,1010,5.724,0,3
234,234,32.0,63.5,1010,5.724,0,3
234,234,32.0,62.5,1010,5.724,0,3
237,234,32.0,62.4,1010,5.724,0,3
234,235,32.0,62.8,1010,5.724,0,3
237,234,32.0,63.1,1010,5.724,0,3
234,238,32.0,63.5,1010,5.724,0,3
225,237,32.0,62.7,1010,5.724,0,3
222,234,32.0,62.1,1010,5.724,0,3
222,234,32.0,61.7,1011,5.724,0,3
229,234,32.0,61.3,1011,5.724,0,3
234,234,32.0,61.3,1011,5.724,0,3
228,233,32.0,62.3,1011,5.724,0,3
229,220,32.0,63.1,1011,5.724,0,3
233,221,32.0,64.3,1011,5.724,0,3
234,224,32.0,65.7,1011,5.724,0,3
238,225,32.0,66.2,1011,5.724,0,3
235,228,32.0,66.3,1011,5.724,0,3
243,237,32.0,66.5,1011,5.724,0,3
243,237,32.0,66.4,1011,5.724,0,3
240,237,32.0,65.9,1011,5.724,0,3
235,240,32.0,64.5,1012,5.724,0,3
237,237,32.0,63.4,1012,5.724,0,3
236,238,32.0,63.2,1012,5.724,0,3
239,243,32.0,63.1,1012,5.724,0,3
240,242,32.0,63.5,1012,5.724,0,3
239,239,32.0,63.9,1012,5.724,0,3
237,234,32.0,64.8,1012,5.724,0,3
238,236,32.0,65.3,1012,5.724,0,3
234,234,32.0,64.9,1012,5.724,0,3
236,234,32.0,64.2,1012,5.724,0,3
233,234,32.0,63.5,1012,5.724,0,3
231,234,32.0,62.6,1012,5.724,0,3
231,232,32.0,62.3,1013,5.724,0,3
231,229,32.0,62.4,1013,5.724,0,3
231,238,32.0,62.5,1013,5.724,0,3
230,238,31.9,62.8,1013,5.724,0,3
231,235,32.0,63.0,1013,5.724,0,3
229,236,32.0,62.8,1013,5.724,0,3
231,235,32.0,62.2,1013,5.724,0,3
233,236,32.0,62.1,1013,5.724,0,3
220,235,32.0,62.3,1013,5.724,0,3
219,230,32.0,62.5,1013,5.724,0,3
234,235,32.0,61.9,1013,5.724,0,3
234,235,32.0,61.6,1013,5.724,0,3
234,235,32.0,61.2,1014,5.724,0,3
234,233,32.0,61.4,1014,5.724,0,3
234,234,32.0,62.8,1014,5.724,0,3
234,234,32.0,63.3,1014,5.724,0,3
234,234,32.0,63.5,1014,5.724,0,3
234,234,32.0,62.9,1014,5.724,0,3
233,234,32.0,62.1,1014,5.724,0,3
228,234,32.0,62.5,1014,5.724,0,3
234,234,32.0,63.7,1014,5.724,0,3
228,222,32.0,64.1,1014,5.724,0,3
229,223,32.0,63.8,1014,5.724,0,3
232,225,32.0,63.5,1014,5.724,0,3
232,225,32.0,63.9,1015,5.724,0,3
236,229,32.0,64.3,1015,5.724,0,3
232,223,32.0,64.7,1015,5.724,0,3
228,227,32.0,64.4,1015,5.724,0,3
243,235,32.0,64.5,1015,5.724,0,3
240,236,32.0,64.9,1015,5.724,0,3
239,237,32.0,65.2,1015,5.724,0,3
234,227,32.0,64.6,1015,5.724,0,3
232,227,31.9,63.1,1015,5.724,0,3
236,233,32.0,63.8,1015,5.724,0,3
234,232,32.0,64.8,1015,5.724,0,3
233,234,32.0,65.4,1015,5.724,0,3
231,231,32.0,65.7,1016,5.738,0,3
234,232,32.0,66.0,1016,5.738,0,3
245,240,32.0,66.3,1016,5.738,0,3
247,238,32.0,66.7,1016,5.738,0,3
248,239,32.0,67.0,1016,5.738,0,3
239,233,32.0,67.3,1016,5.738,0,3
239,238,32.0,67.2,1016,5.738,0,3
238,234,32.0,66.0,1016,5.738,0,3
234,234,32.0,65.2,1016,5.738,0,3
239,241,32.0,65.0,1016,5.738,0,3
237,245,32.0,64.5,1016,5.738,0,3
235,244,32.0,64.4,1016,5.738,0,3
240,243,32.0,64.5,1017,5.738,0,3
243,244,32.0,64.7,1017,5.738,0,3
239,233,32.0,64.3,1017,5.738,0,3
240,233,32.0,64.3,1017,5.738,0,3
240,244,32.0,64.5,1017,5.738,0,3
236,243,32.0,65.4,1017,5.738,0,3
239,245,31.9,65.5,1017,5.738,0,3
238,243,32.0,65.5,1017,5.738,0,3
236,246,32.0,64.7,1017,5.738,0,3
239,243,32.0,64.6,1017,5.738,0,3
233,235,32.0,65.0,1017,5.738,0,3
231,234,32.0,65.0,1017,5.738,0,3
231,233,32.0,64.1,1018,5.738,0,3
235,244,32.0,63.2,1018,5.738,0,3
237,243,32.0,63.9,1018,5.738,0,3
236,238,32.0,64.0,1018,5.738,0,3
239,242,32.0,63.9,1018,5.738,0,3
236,242,31.9,63.9,1018,5.738,0,3
241,242,32.0,64.3,1018,5.738,0,3
248,243,32.0,65.4,1018,5.738,0,3
252,248,32.0,67.2,1018,5.738,0,3
248,236,32.0,67.7,1018,5.738,0,3
248,238,32.0,67.7,1018,5.738,0,3
248,246,32.0,67.5,1018,5.738,0,3
248,250,32.0,65.3,1019,5.738,0,3
249,257,32.0,65.1,1019,5.738,0,3
251,258,32.0,65.6,1019,5.738,0,3
247,257,32.0,66.6,1019,5.738,0,3
248,261,32.0,67.0,1019,5.738,0,3
244,257,32.0,67.1,1019,5.738,0,3
247,258,32.0,67.1,1019,5.738,0,3
234,243,32.0,66.3,1019,5.738,0,3
234,240,32.0,66.2,1019,5.738,0,3
237,240,32.0,66.5,1019,5.738,0,3
234,239,32.0,67.2,1019,5.738,0,3
234,237,32.0,66.1,1019,5.738,0,3
239,240,32.0,65.7,1020,5.738,0,3
234,239,32.0,64.7,1020,5.738,0,3
234,236,32.0,64.0,1020,5.738,0,3
234,236,32.0,62.8,1020,5.738,0,3
234,248,31.9,62.7,1020,5.738,0,3
232,247,31.9,62.5,1020,5.738,0,3
229,234,31.9,63.0,1020,5.738,0,3
234,234,31.9,64.8,1020,5.738,0,3
234,234,32.0,65.8,1020,5.738,0,3
234,234,32.0,65.8,1020,5.738,0,3
234,234,32.0,65.9,1020,5.738,0,3
237,234,32.0,66.5,1020,5.738,0,3
244,248,32.0,66.3,1021,5.738,0,3
239,246,32.0,65.1,1021,5.738,0,3
241,248,32.0,64.5,1021,5.738,0,3
236,245,31.9,63.9,1021,5.738,0,3
235,243,32.0,63.5,1021,5.738,0,3
234,243,32.0,63.1,1021,5.738,0,3
234,240,32.0,62.7,1021,5.738,0,3
233,239,32.0,63.0,1021,5.738,0,3
234,243,32.0,63.5,1021,5.738,0,3
234,243,32.0,64.0,1021,5.738,0,3
244,243,32.0,64.6,1021,5.738,0,3
247,243,32.0,65.6,1021,5.738,0,3
245,244,32.0,65.5,1022,5.738,0,3
240,244,32.0,65.1,1022,5.738,0,3
237,243,32.0,64.6,1022,5.738,0,3
238,243,32.0,64.0,1022,5.738,0,3
237,243,32.0,64.2,1022,5.738,0,3
238,229,32.0,64.2,1022,5.738,0,3
229,234,32.0,63.8,1022,5.738,0,3
229,234,32.0,62.9,1022,5.738,0,3
234,231,32.0,62.6,1022,5.738,0,3
236,237,32.0,63.2,1022,5.738,0,3
236,240,32.0,63.5,1022,5.738,0,3
240,234,32.0,64.5,1022,5.738,0,3
238,235,32.0,65.1,1023,5.738,0,3
240,233,32.0,66.3,1023,5.738,0,3
242,235,32.0,67.0,1023,5.738,0,3
243,234,32.0,67.4,1023,5.738,0,3
249,245,32.0,66.9,1023,5.738,0,3
248,246,32.0,67.0,1023,5.738,0,3
244,239,32.0,66.9,1023,5.738,0,3
241,244,32.0,66.6,1023,5.738,0,3
243,248,32.0,66.0,1023,5.738,0,3
238,242,32.0,64.2,1023,5.738,0,3
234,242,32.0,63.9,1023,5.738,0,3
232,233,32.0,64.0,1023,5.738,0,3
230,232,32.0,64.7,1024,5.738,0,3
234,233,32.0,65.9,1024,5.738,0,3
248,234,32.0,66.6,1024,5.738,0,3
248,234,32.0,67.4,1024,5.738,0,3
242,244,32.0,67.4,1024,5.738,0,3
239,245,32.0,65.6,1024,5.738,0,3
239,234,32.0,63.9,1024,5.738,0,3
239,233,32.0,63.7,1024,5.738,0,3
236,233,32.0,64.1,1024,5.738,0,3
233,236,32.0,64.6,1024,5.738,0,3
225,231,32.0,64.0,1024,5.738,0,3
224,234,32.0,63.2,1024,5.738,0,3
234,231,31.9,63.3,1025,5.738,0,3
229,232,31.9,63.6,1025,5.738,0,3
225,233,31.9,63.0,1025,5.738,0,3
223,233,32.0,62.7,1025,5.738,0,3
229,223,32.0,63.0,1025,5.738,0,3
229,227,32.0,64.1,1025,5.738,0,3
229,234,32.0,67.1,1025,5.738,0,3
238,234,32.0,67.8,1025,5.738,0,3
234,234,32.0,67.4,1025,5.738,0,3
234,234,32.0,66.0,1025,5.738,0,3
228,234,32.0,65.2,1025,5.738,0,3
227,234,32.0,64.3,1025,5.738,0,3
240,243,31.9,64.2,1026,5.738,0,3
246,243,31.9,64.7,1026,5.738,0,3
252,243,31.9,65.1,1026,5.738,0,3
251,245,31.9,66.0,1026,5.738,0,3
251,248,31.9,66.6,1026,5.738,0,3
251,248,32.0,67.4,1026,5.738,0,3
246,245,32.0,66.8,1026,5.738,0,3
247,252,31.9,65.8,1026,5.738,0,3
244,250,31.9,65.0,1026,5.738,0,3
235,237,32.0,64.9,1026,5.738,0,3
234,240,31.9,64.6,1026,5.738,0,3
229,240,31.9,63.7,1026,5.738,0,3
225,241,31.9,63.2,1027,5.738,0,3
235,241,31.9,63.1,1027,5.738,0,3
239,241,31.9,63.4,1027,5.738,0,3
244,243,31.9,64.5,1027,5.738,0,3
243,243,32.0,65.4,1027,5.738,0,3
243,245,32.0,65.8,1027,5.738,0,3
238,244,32.0,66.1,1027,5.738,0,3
238,234,32.0,65.7,1027,5.738,0,3
234,234,31.9,65.2,1027,5.738,0,3
230,235,32.0,65.2,1027,5.738,0,3
236,237,32.0,65.4,1027,5.738,0,3
235,234,31.9,66.0,1027,5.738,0,3
236,236,32.0,66.2,1028,5.738,0,3
234,240,32.0,66.2,1028,5.738,0,3
240,244,32.0,66.4,1028,5.738,0,3
239,243,32.0,66.1,1028,5.738,0,3
239,244,32.0,65.4,1028,5.738,0,3
242,246,32.0,65.2,1028,5.738,0,3
240,244,31.9,65.3,1028,5.738,0,3
240,248,32.0,63.8,1028,5.738,0,3
241,248,31.9,63.5,1028,5.738,0,3
241,244,31.9,63.9,1028,5.738,0,3
240,243,32.0,64.3,1028,5.738,0,3
240,248,32.0,64.8,1028,5.738,0,3
240,245,32.0,64.4,1029,5.738,0,3
237,246,32.0,64.2,1029,5.738,0,3
240,249,32.0,65.0,1029,5.738,0,3
240,246,32.0,65.6,1029,5.738,0,3
244,250,32.0,65.9,1029,5.738,0,3
239,248,32.0,65.7,1029,5.738,0,3
238,235,32.0,65.1,1029,5.738,0,3
239,234,32.0,65.4,1029,5.738,0,3
235,236,32.0,65.2,1029,5.738,0,3
234,236,31.9,63.4,1029,5.738,0,3
239,235,31.9,63.1,1029,5.738,0,3
239,236,32.0,63.3,1029,5.738,0,3
231,231,32.0,63.9,1030,5.738,0,3
234,235,32.0,63.5,1030,5.738,0,3
234,232,32.0,62.7,1030,5.738,0,3
235,236,32.0,63.0,1030,5.738,0,3
232,234,31.9,63.1,1030,5.738,0,3
233,232,31.9,62.3,1030,5.738,0,3
228,232,32.0,61.7,1030,5.738,0,3
228,232,31.9,61.3,1030,5.738,0,3
221,228,31.9,62.0,1030,5.738,0,3
224,225,32.0,62.4,1030,5.738,0,3
225,229,31.9,62.6,1030,5.738,0,3
234,234,32.0,63.9,1030,5.738,0,3
229,236,32.0,64.5,1031,5.738,0,3
228,224,31.9,64.7,1031,5.738,0,3
223,228,32.0,64.5,1031,5.738,0,3
235,226,31.9,63.6,1031,5.738,0,3
234,235,31.9,63.4,1031,5.738,0,3
231,234,32.0,63.1,1031,5.738,0,3
234,234,32.0,63.2,1031,5.738,0,3
233,234,31.9,62.6,1031,5.738,0,3
233,234,32.0,62.6,1031,5.738,0,3
233,234,32.0,62.7,1031,5.738,0,3
231,234,31.9,62.6,1031,5.738,0,3
234,233,32.0,62.6,1031,5.738,0,3
235,234,32.0,63.3,1032,5.738,0,3
231,234,32.0,62.0,1032,5.738,0,3
234,234,31.9,61.6,1032,5.738,0,3
232,234,31.9,61.8,1032,5.738,0,3
237,234,31.9,63.3,1032,5.738,0,3
245,234,32.0,64.4,1032,5.738,0,3
242,235,31.9,65.1,1032,5.738,0,3
236,234,32.0,64.8,1032,5.738,0,3
234,236,32.0,63.9,1032,5.738,0,3
231,234,32.0,63.3,1032,5.738,0,3
236,234,32.0,63.5,1032,5.738,0,3
235,234,32.0,63.7,1032,5.738,0,3
237,234,32.0,63.2,1033,5.738,0,3
234,234,31.9,62.6,1033,5.738,0,3
233,231,32.0,62.4,1033,5.738,0,3
232,231,32.0,62.1,1033,5.738,0,3
228,220,32.0,61.6,1033,5.738,0,3
234,225,32.0,61.8,1033,5.738,0,3
231,227,32.0,62.6,1033,5.738,0,3
235,228,32.0,63.3,1033,5.738,0,3
236,229,31.9,63.7,1033,5.738,0,3
240,230,31.9,64.3,1033,5.738,0,3
234,231,32.0,64.8,1033,5.738,0,3
234,230,32.0,65.4,1033,5.738,0,3
239,234,31.9,65.3,1034,5.738,0,3
234,234,32.0,65.4,1034,5.738,0,3
234,235,32.0,65.6,1034,5.738,0,3
234,233,31.9,65.5,1034,5.738,0,3
232,234,32.0,65.2,1034,5.738,0,3
234,235,32.0,65.3,1034,5.738,0,3
231,235,32.0,65.5,1034,5.738,0,3
232,235,32.0,65.0,1034,5.738,0,3
234,234,31.9,64.7,1034,5.738,0,3
233,234,32.0,65.0,1034,5.738,0,3
234,234,32.0,65.5,1034,5.738,0,3
241,236,32.0,66.1,1034,5.738,0,3
240,236,32.0,67.3,1035,5.738,0,3
251,251,32.0,68.1,1035,5.738,0,3
256,250,32.0,69.0,1035,5.738,0,3
240,243,32.0,69.0,1035,5.738,0,3
241,243,32.0,68.7,1035,5.738,0,3
250,251,32.0,68.7,1035,5.738,0,3
252,252,32.0,68.6,1035,5.738,0,3
252,251,32.0,68.4,1035,5.738,0,3
244,265,31.9,64.6,1035,5.738,0,3
233,265,31.9,64.1,1035,5.738,0,3
234,252,31.9,63.9,1035,5.738,0,3
235,250,31.9,64.7,1035,5.738,0,3
244,247,32.0,65.5,1036,5.738,0,3
240,248,32.0,66.6,1036,5.738,0,3
241,247,32.0,67.6,1036,5.738,0,3
248,254,32.0,66.8,1036,5.738,0,3
247,253,31.9,65.8,1036,5.738,0,3
238,248,31.9,64.3,1036,5.738,0,3
234,252,32.0,64.0,1036,5.738,0,3
236,252,31.9,64.0,1036,5.738,0,3
235,241,32.0,63.5,1036,5.738,0,3
235,244,32.0,63.5,1036,5.738,0,3
234,243,32.0,63.3,1036,5.738,0,3
239,241,31.9,63.1,1036,5.738,0,3
239,241,31.9,63.8,1037,5.738,0,3
242,241,31.9,64.2,1037,5.738,0,3
244,241,31.9,65.1,1037,5.738,0,3
247,246,31.9,66.1,1037,5.738,0,3
247,251,31.9,67.6,1037,5.738,0,3
254,255,31.9,67.9,1037,5.738,0,3
250,255,32.0,67.5,1037,5.738,0,3
248,259,32.0,66.2,1037,5.738,0,3
247,254,31.9,65.1,1037,5.738,0,3
243,252,32.0,63.8,1037,5.738,0,3
242,241,31.9,63.5,1037,5.738,0,3
242,241,31.9,63.8,1037,5.738,0,3
232,236,32.0,64.4,1038,5.738,0,3
234,234,32.0,64.8,1038,5.738,0,3
233,234,31.9,65.2,1038,5.738,0,3
238,241,31.9,65.9,1038,5.738,0,3
239,240,32.0,65.7,1038,5.738,0,3
240,243,31.9,64.3,1038,5.738,0,3
237,241,31.9,64.0,1038,5.738,0,3
238,241,31.9,64.5,1038,5.738,0,3
234,243,31.9,63.7,1038,5.738,0,3
224,241,31.9,62.7,1038,5.738,0,3
225,233,31.9,62.5,1038,5.738,0,3
234,236,31.9,62.4,1038,5.738,0,3
232,235,31.9,62.2,1039,5.738,0,3
227,234,31.9,61.8,1039,5.738,0,3
233,230,31.9,61.7,1039,5.738,0,3
233,233,31.9,62.0,1039,5.738,0,3
225,237,31.9,61.8,1039,5.738,0,3
224,233,31.9,61.8,1039,5.738,0,3
234,233,31.9,62.4,1039,5.738,0,3
234,234,31.9,62.9,1039,5.738,0,3
231,226,31.9,63.6,1039,5.738,0,3
232,231,31.9,64.1,1039,5.738,0,3
232,225,31.9,64.8,1039,5.738,0,3
232,225,32.0,65.2,1039,5.738,0,3
229,224,31.9,65.4,1040,5.738,0,3
228,221,31.9,65.6,1040,5.738,0,3
227,222,31.9,65.8,1040,5.738,0,3
228,222,31.9,65.3,1040,5.738,0,3
219,220,32.0,64.9,1040,5.738,0,3
218,224,31.9,63.8,1040,5.738,0,3
234,222,31.9,62.4,1040,5.738,0,3
232,221,31.9,63.1,1040,5.738,0,3
239,217,31.9,63.5,1040,5.738,0,3
241,221,31.9,64.2,1040,5.738,0,3
231,217,31.9,64.6,1040,5.738,0,3
228,214,31.9,64.2,1040,5.738,0,3
231,221,31.9,64.4,1041,5.75,0,3
234,222,31.9,65.0,1041,5.75,0,3
234,225,31.9,65.8,1041,5.75,0,3
241,229,31.9,66.0,1041,5.75,0,3
241,220,31.9,65.6,1041,5.75,0,3
234,223,32.0,64.9,1041,5.75,0,3
231,222,31.9,64.3,1041,5.75,0,3
236,218,31.9,64.6,1041,5.75,0,3
235,223,31.9,65.1,1041,5.75,0,3
236,223,31.9,64.6,1041,5.75,0,3
233,223,31.9,63.5,1041,5.75,0,3
233,227,31.9,62.6,1041,5.75,0,3
236,232,31.9,61.3,1042,5.75,0,3
235,234,31.9,60.8,1042,5.75,0,3
235,227,31.9,61.4,1042,5.75,0,3
236,230,31.9,62.2,1042,5.75,0,3
236,231,31.9,63.6,1042,5.75,0,3
234,220,31.9,65.0,1042,5.75,0,3
235,220,31.9,65.9,1042,5.75,0,3
234,219,31.9,66.3,1042,5.75,0,3
240,232,31.9,66.0,1042,5.75,0,3
244,234,31.9,65.1,1042,5.75,0,3
235,228,31.9,64.5,1042,5.75,0,3
235,223,31.9,63.8,1042,5.75,0,3
233,232,31.9,62.5,1043,5.75,0,3
236,233,31.9,62.5,1043,5.75,0,3
234,232,31.9,63.9,1043,5.75,0,3
232,228,31.9,63.6,1043,5.75,0,3
232,228,31.9,62.4,1043,5.75,0,3
230,228,31.9,61.7,1043,5.75,0,3
226,225,31.9,61.6,1043,5.75,0,3
226,225,31.9,62.0,1043,5.75,0,3
230,225,31.9,62.5,1043,5.75,0,3
224,215,31.9,62.3,1043,5.75,0,3
221,214,31.9,62.1,1043,5.75,0,3
235,228,31.9,62.3,1043,5.75,0,3
240,228,31.9,62.7,1044,5.75,0,3
234,225,31.9,63.4,1044,5.75,0,3
238,225,31.9,63.5,1044,5.75,0,3
233,225,31.9,63.0,1044,5.75,0,3
234,228,31.9,62.5,1044,5.75,0,3
234,223,31.9,62.6,1044,5.75,0,3
233,222,31.9,63.0,1044,5.75,0,3
237,234,31.9,63.4,1044,5.75,0,3
235,234,31.9,63.8,1044,5.75,0,3
233,235,31.9,64.7,1044,5.75,0,3
235,226,31.9,65.4,1044,5.75,0,3
242,231,31.9,66.6,1044,5.75,0,3
247,240,31.9,67.1,1045,5.75,0,3
250,241,31.9,66.8,1045,5.75,0,3
245,245,31.9,66.1,1045,5.75,0,3
243,248,31.9,65.2,1045,5.75,0,3
239,245,31.9,64.5,1045,5.75,0,3
247,247,31.9,64.7,1045,5.75,0,3
243,245,31.9,65.1,1045,5.75,0,3
240,245,31.9,65.1,1045,5.75,0,3
234,243,31.9,64.8,1045,5.75,0,3
235,240,31.9,64.8,1045,5.75,0,3
231,232,31.9,64.7,1045,5.75,0,3
235,234,31.9,64.0,1045,5.75,0,3
235,240,31.9,62.9,1046,5.75,0,3
235,240,31.9,62.7,1046,5.75,0,3
233,235,31.9,62.7,1046,5.75,0,3
231,236,31.9,62.7,1046,5.75,0,3
234,236,31.9,62.7,1046,5.75,0,3
235,234,31.9,62.8,1046,5.75,0,3
231,234,31.9,63.0,1046,5.75,0,3
233,222,31.9,63.3,1046,5.75,0,3
234,221,31.9,63.1,1046,5.75,0,3
250,234,31.9,64.9,1046,5.75,0,3
250,234,31.9,66.2,1046,5.75,0,3
252,234,31.9,67.0,1046,5.75,0,3
246,234,31.9,66.4,1047,5.75,0,3
248,240,31.9,65.7,1047,5.75,0,3
250,242,31.9,66.1,1047,5.75,0,3
242,245,31.9,66.1,1047,5.75,0,3
237,239,31.9,65.9,1047,5.75,0,3
233,237,31.9,64.9,1047,5.75,0,3
224,237,31.9,64.1,1047,5.75,0,3
224,234,31.9,63.6,1047,5.75,0,3
220,230,31.9,62.0,1047,5.75,0,3
227,229,31.9,61.1,1047,5.75,0,3
222,223,31.9,61.4,1047,5.75,0,3
219,220,31.9,61.7,1047,5.75,0,3
225,219,31.9,60.3,1048,5.75,0,3
224,220,31.9,60.3,1048,5.75,0,3
229,220,31.9,60.7,1048,5.75,0,3
224,220,31.9,61.5,1048,5.75,0,3
225,218,31.9,61.5,1048,5.75,0,3
234,220,31.9,61.5,1048,5.75,0,3
229,219,31.9,62.3,1048,5.75,0,3
225,218,31.9,63.0,1048,5.75,0,3
235,231,31.9,63.8,1048,5.75,0,3
240,234,31.9,63.9,1048,5.75,0,3
234,225,31.9,63.4,1048,5.75,0,3
234,226,31.9,62.7,1048,5.75,0,3
233,232,31.9,61.7,1049,5.75,0,3
229,231,31.9,61.6,1049,5.75,0,3
234,234,31.9,61.6,1049,5.75,0,3
231,220,31.9,61.4,1049,5.75,0,3
229,220,31.9,61.2,1049,5.75,0,3
234,230,31.9,61.7,1049,5.75,0,3
232,233,31.9,61.9,1049,5.75,0,3
234,224,31.9,61.9,1049,5.75,0,3
234,229,31.9,62.1,1049,5.75,0,3
234,227,31.9,62.3,1049,5.75,0,3
234,226,31.9,62.7,1049,5.75,0,3
234,221,31.9,62.7,1049,5.75,0,3
239,225,31.9,63.1,1050,5.75,0,3
234,223,31.9,63.7,1050,5.75,0,3
234,223,31.9,64.0,1050,5.75,0,3
231,221,31.9,63.9,1050,5.75,0,3
231,216,31.9,63.2,1050,5.75,0,3
234,220,31.9,63.1,1050,5.75,0,3
234,218,31.9,63.5,1050,5.75,0,3
223,218,31.9,63.6,1050,5.75,0,3
223,217,31.9,63.2,1050,5.75,0,3
220,217,31.9,62.9,1050,5.75,0,3
226,218,31.9,62.9,1050,5.75,0,3
227,215,31.9,62.6,1050,5.75,0,3
224,214,31.9,61.6,1051,5.75,0,3
232,225,31.9,61.9,1051,5.75,0,3
234,226,31.9,61.8,1051,5.75,0,3
227,218,31.9,61.9,1051,5.75,0,3
226,218,31.9,61.2,1051,5.75,0,3
227,218,31.9,60.7,1051,5.75,0,3
231,216,31.9,61.1,1051,5.75,0,3
229,221,31.9,62.0,1051,5.75,0,3
228,217,31.9,62.4,1051,5.75,0,3
234,216,31.9,62.2,1051,5.75,0,3
234,229,31.9,61.4,1051,5.75,0,3
237,227,31.8,61.4,1051,5.75,0,3
224,219,31.8,61.8,1052,5.75,0,3
220,224,31.8,61.2,1052,5.75,0,3
217,212,31.8,60.8,1052,5.75,0,3
217,212,31.8,60.2,1052,5.75,0,3
217,207,31.8,60.0,1052,5.75,0,3
216,208,31.8,60.3,1052,5.75,0,3
216,208,31.9,60.2,1052,5.75,0,3
218,205,31.8,60.4,1052,5.75,0,3
233,219,31.9,62.4,1052,5.75,0,3
231,220,31.9,62.0,1052,5.75,0,3
232,220,31.9,61.8,1052,5.75,0,3
231,220,31.8,61.1,1052,5.75,0,3
231,221,31.8,61.1,1053,5.75,0,3
234,221,31.9,63.4,1053,5.75,0,3
228,220,31.9,63.9,1053,5.75,0,3
231,221,31.9,64.1,1053,5.75,0,3
233,221,31.9,63.5,1053,5.75,0,3
235,223,31.8,65.1,1053,5.75,0,3
250,232,31.9,65.8,1053,5.75,0,3
250,234,31.9,66.1,1053,5.75,0,3
248,234,31.8,66.0,1053,5.75,0,3
246,234,31.9,65.6,1053,5.75,0,3
246,235,31.9,65.3,1053,5.75,0,3
245,234,31.9,64.6,1053,5.75,0,3
244,234,31.9,64.7,1054,5.75,0,3
239,236,31.9,64.6,1054,5.75,0,3
234,224,31.8,64.4,1054,5.75,0,3
224,225,31.8,63.4,1054,5.75,0,3
229,226,31.9,62.2,1054,5.75,0,3
217,226,31.8,62.0,1054,5.75,0,3
221,226,31.8,61.3,1054,5.75,0,3
223,221,31.8,61.5,1054,5.75,0,3
223,224,31.8,61.5,1054,5.75,0,3
234,234,31.9,62.3,1054,5.75,0,3
235,234,31.8,62.4,1054,5.75,0,3
233,228,31.8,62.1,1054,5.75,0,3
234,232,31.8,62.4,1055,5.75,0,3
235,232,31.8,62.8,1055,5.75,0,3
236,231,31.8,63.5,1055,5.75,0,3
235,232,31.9,64.0,1055,5.75,0,3
235,233,31.8,64.1,1055,5.75,0,3
237,230,31.9,63.8,1055,5.75,0,3
240,230,31.8,64.0,1055,5.75,0,3
240,230,31.9,64.6,1055,5.75,0,3
235,218,31.9,64.9,1055,5.75,0,3
235,219,31.9,64.6,1055,5.75,0,3
234,225,31.9,64.3,1055,5.75,0,3
234,219,31.9,64.4,1055,5.75,0,3
231,221,31.9,64.5,1056,5.75,0,3
235,228,31.8,63.8,1056,5.75,0,3
240,233,31.8,63.6,1056,5.75,0,3
234,231,31.9,63.8,1056,5.75,0,3
235,229,31.9,64.3,1056,5.75,0,3
239,232,31.9,64.9,1056,5.75,0,3
235,232,31.9,65.1,1056,5.75,0,3
228,230,31.8,64.2,1056,5.75,0,3
232,229,31.9,63.4,1056,5.75,0,3
235,229,31.8,63.4,1056,5.75,0,3
233,228,31.8,63.3,1056,5.75,0,3
222,217,31.8,62.4,1056,5.75,0,3
221,218,31.8,61.9,1057,5.75,0,3
217,213,31.8,61.4,1057,5.75,0,3
217,214,31.8,61.2,1057,5.75,0,3
228,227,31.8,61.6,1057,5.75,0,3
228,228,31.8,61.8,1057,5.75,0,3
231,216,31.8,61.4,1057,5.75,0,3
234,214,31.8,61.4,1057,5.75,0,3
234,220,31.8,62.0,1057,5.75,0,3
234,226,31.8,62.7,1057,5.75,0,3
234,214,31.8,63.9,1057,5.75,0,3
229,213,31.8,65.0,1057,5.75,0,3
240,228,31.8,65.5,1057,5.75,0,3
239,230,31.9,65.7,1058,5.75,0,3
241,231,31.8,65.8,1058,5.75,0,3
231,223,31.8,66.3,1058,5.75,0,3
233,224,31.9,66.4,1058,5.75,0,3
234,225,31.8,66.2,1058,5.75,0,3
234,224,31.8,65.2,1058,5.75,0,3
235,234,31.8,64.5,1058,5.75,0,3
234,233,31.8,62.9,1058,5.75,0,3
234,231,31.8,62.7,1058,5.75,0,3
237,229,31.8,63.2,1058,5.75,0,3
230,231,31.8,63.8,1058,5.75,0,3
235,231,31.8,63.5,1058,5.75,0,3
235,230,31.8,63.4,1059,5.75,0,3
238,230,31.8,63.4,1059,5.75,0,3
235,232,31.8,63.4,1059,5.75,0,3
235,224,31.8,62.7,1059,5.75,0,3
240,219,31.8,62.6,1059,5.75,0,3
235,222,31.8,63.1,1059,5.75,0,3
235,220,31.8,63.6,1059,5.75,0,3
238,232,31.8,63.9,1059,5.75,0,3
237,234,31.9,63.8,1059,5.75,0,3
228,227,31.8,62.9,1059,5.75,0,3
223,224,31.8,62.7,1059,5.75,0,3
233,224,31.8,63.2,1059,5.75,0,3
234,231,31.8,64.4,1060,5.75,0,3
238,230,31.8,65.3,1060,5.75,0,3
237,232,31.9,66.5,1060,5.75,0,3
244,235,31.9,66.5,1060,5.75,0,3
244,235,31.9,66.1,1060,5.75,0,3
238,236,31.8,65.4,1060,5.75,0,3
238,237,31.9,65.3,1060,5.75,0,3
238,238,31.8,64.8,1060,5.75,0,3
237,239,31.8,64.5,1060,5.75,0,3
234,237,31.8,64.6,1060,5.75,0,3
238,239,31.8,65.2,1060,5.75,0,3
234,239,31.8,65.8,1060,5.75,0,3
236,240,31.9,66.5,1061,5.75,0,3
234,241,31.9,66.2,1061,5.75,0,3
234,240,31.9,65.7,1061,5.75,0,3
234,234,31.9,64.9,1061,5.75,0,3
229,234,31.8,63.5,1061,5.75,0,3
232,234,31.8,61.6,1061,5.75,0,3
230,232,31.9,61.4,1061,5.75,0,3
228,231,31.8,62.1,1061,5.75,0,3
227,231,31.8,62.8,1061,5.75,0,3
234,231,31.9,63.6,1061,5.75,0,3
233,229,31.8,64.9,1061,5.75,0,3
237,230,31.9,65.4,1061,5.75,0,3
231,240,31.8,65.3,1062,5.75,0,3
231,240,31.8,64.9,1062,5.75,0,3
223,228,31.8,64.4,1062,5.75,0,3
220,230,31.9,63.6,1062,5.75,0,3
227,234,31.8,62.6,1062,5.75,0,3
220,224,31.8,62.5,1062,5.75,0,3
225,223,31.8,62.8,1062,5.75,0,3
225,223,31.8,62.6,1062,5.75,0,3
227,227,31.8,61.8,1062,5.75,0,3
225,229,31.8,61.9,1062,5.75,0,3
229,229,31.8,62.1,1062,5.75,0,3
234,229,31.8,61.5,1062,5.75,0,3
236,234,31.8,61.6,1063,5.75,0,3
234,233,31.8,62.1,1063,5.75,0,3
228,233,31.9,63.2,1063,5.75,0,3
232,220,31.9,64.1,1063,5.75,0,3
234,223,31.8,65.2,1063,5.75,0,3
235,224,31.9,65.4,1063,5.75,0,3
236,228,31.9,65.5,1063,5.75,0,3
239,225,31.9,64.9,1063,5.75,0,3
237,228,31.8,63.1,1063,5.75,0,3
238,229,31.9,63.0,1063,5.75,0,3
238,232,31.8,63.5,1063,5.75,0,3
239,234,31.9,64.9,1063,5.75,0,3
240,239,31.9,65.7,1064,5.75,0,3
238,239,31.9,66.3,1064,5.75,0,3
234,234,31.9,65.7,1064,5.75,0,3
242,234,31.9,65.3,1064,5.75,0,3
241,235,31.9,65.3,1064,5.75,0,3
239,234,31.9,65.5,1064,5.75,0,3
235,235,31.9,65.8,1064,5.75,0,3
235,234,31.8,66.2,1064,5.75,0,3
234,235,31.9,66.1,1064,5.75,0,3
234,237,31.8,65.6,1064,5.75,0,3
233,236,31.8,65.2,1064,5.75,0,3
234,236,31.9,64.9,1064,5.75,0,3
234,236,31.8,63.5,1065,5.75,0,3
231,236,31.8,62.4,1065,5.75,0,3
236,236,31.8,61.9,1065,5.75,0,3
223,235,31.8,61.3,1065,5.75,0,3
224,233,31.8,61.3,1065,5.75,0,3
221,232,31.8,61.4,1065,5.75,0,3
228,232,31.8,62.2,1065,5.75,0,3
226,229,31.9,62.8,1065,5.75,0,3
228,231,31.8,63.4,1065,5.75,0,3
229,232,31.8,64.2,1065,5.75,0,3
233,232,31.8,64.6,1065,5.75,0,3
237,231,31.8,64.8,1065,5.75,0,3
247,234,31.9,65.3,1066,5.75,0,3
249,234,31.9,65.9,1066,5.75,0,3
242,229,31.9,66.9,1066,5.75,0,3
247,230,31.9,67.5,1066,5.75,0,3
249,228,31.9,67.7,1066,5.75,0,3
246,232,31.9,67.5,1066,5.75,0,3
233,232,31.9,66.5,1066,5.75,0,3
234,232,31.9,64.6,1066,5.75,0,3
238,232,31.8,63.2,1066,5.75,0,3
236,236,31.8,63.0,1066,5.75,0,3
231,234,31.8,62.3,1066,5.75,0,3
221,234,31.8,61.0,1066,5.75,0,3
219,225,31.8,60.9,1067,5.75,0,3
218,226,31.8,60.9,1067,5.75,0,3
225,230,31.8,61.8,1067,5.75,0,3
230,224,31.9,62.6,1067,5.75,0,3
230,221,31.9,63.8,1067,5.75,0,3
241,227,31.9,64.4,1067,5.75,0,3
237,223,31.9,64.4,1067,5.75,0,3
231,227,31.9,64.3,1067,5.75,0,3
232,229,31.9,64.5,1067,5.75,0,3
233,234,31.9,64.8,1067,5.75,0,3
229,222,31.9,64.7,1067,5.75,0,3
229,222,31.9,63.8,1067,5.75,0,3
234,223,31.8,63.3,1068,5.75,0,3
233,234,31.8,62.9,1068,5.75,0,3
234,234,31.8,62.5,1068,5.75,0,3
234,224,31.9,62.7,1068,5.75,0,3
234,229,31.8,62.1,1068,5.75,0,3
229,233,31.8,61.0,1068,5.75,0,3
234,234,31.8,61.2,1068,5.75,0,3
234,234,31.8,61.7,1068,5.75,0,3
246,235,31.8,62.4,1068,5.75,0,3
246,234,31.8,63.4,1068,5.75,0,3
249,236,31.8,64.5,1068,5.75,0,3
245,236,31.8,65.0,1068,5.75,0,3
247,238,31.8,65.8,1069,5.75,0,3
246,232,31.9,66.3,1069,5.75,0,3
244,233,31.9,66.9,1069,5.75,0,3
242,237,31.9,66.2,1069,5.75,0,3
234,238,31.9,65.3,1069,5.75,0,3
234,243,31.8,64.2,1069,5.75,0,3
237,241,31.8,63.3,1069,5.75,0,3
241,237,31.8,62.6,1069,5.75,0,3
236,241,31.8,64.5,1069,5.75,0,3
236,244,31.8,63.6,1069,5.75,0,3
229,233,31.8,62.6,1069,5.75,0,3
234,234,31.8,62.6,1069,5.75,0,3
233,230,31.8,63.1,1070,5.75,0,3
236,234,31.8,63.6,1070,5.75,0,3
231,234,31.8,64.2,1070,5.75,0,3
235,227,31.8,64.9,1070,5.75,0,3
237,230,31.8,66.2,1070,5.75,0,3
252,241,31.8,67.2,1070,5.75,0,3
250,244,31.8,67.3,1070,5.75,0,3
250,241,31.8,66.9,1070,5.75,0,3
252,244,31.8,66.9,1070,5.75,0,3
250,241,31.8,67.0,1070,5.75,0,3
251,241,31.8,66.2,1070,5.75,0,3
245,241,31.8,65.3,1070,5.75,0,3
250,240,31.8,65.7,1071,5.75,0,3
247,241,31.8,66.0,1071,5.75,0,3
246,239,31.8,66.5,1071,5.75,0,3
249,242,31.8,67.1,1071,5.75,0,3
244,241,31.8,66.9,1071,5.75,0,3
240,240,31.8,65.9,1071,5.75,0,3
240,240,31.8,65.7,1071,5.75,0,3
240,240,31.8,64.6,1071,5.75,0,3
236,239,31.8,64.2,1071,5.75,0,3
238,237,31.8,64.3,1071,5.75,0,3
238,238,31.8,65.0,1071,5.75,0,3
236,238,31.8,65.5,1071,5.75,0,3
250,237,31.8,66.4,1072,5.75,0,3
248,238,31.8,67.1,1072,5.75,0,3
246,233,31.8,67.6,1072,5.75,0,3
245,235,31.9,68.2,1072,5.75,0,3
240,234,31.9,68.4,1072,5.75,0,3
240,234,31.8,68.4,1072,5.75,0,3
244,241,31.8,67.7,1072,5.75,0,3
250,252,31.8,67.4,1072,5.75,0,3
252,254,31.8,67.4,1072,5.75,0,3
250,254,31.8,67.7,1072,5.75,0,3
247,254,31.8,67.6,1072,5.75,0,3
250,250,31.8,67.2,1072,5.75,0,3
244,253,31.8,66.6,1073,5.75,0,3
244,244,31.8,65.7,1073,5.75,0,3
246,246,31.8,64.5,1073,5.75,0,3
244,245,31.8,64.5,1073,5.75,0,3
251,255,31.8,66.2,1073,5.75,0,3
251,258,31.8,66.4,1073,5.75,0,3
244,255,31.8,65.7,1073,5.75,0,3
241,248,31.8,64.3,1073,5.75,0,3
241,248,31.8,63.4,1073,5.75,0,3
234,246,31.8,62.9,1073,5.75,0,3
239,250,31.8,62.5,1073,5.75,0,3
234,239,31.8,62.6,1073,5.75,0,3
233,234,31.8,63.1,1074,5.75,0,3
239,247,31.8,63.2,1074,5.75,0,3
240,243,31.8,63.2,1074,5.75,0,3
234,235,31.8,63.5,1074,5.75,0,3
238,240,31.8,63.8,1074,5.75,0,3
238,240,31.8,64.1,1074,5.75,0,3
237,241,31.8,63.4,1074,5.75,0,3
236,240,31.8,63.0,1074,5.75,0,3
237,240,31.8,62.2,1074,5.75,0,3
237,244,31.8,62.8,1074,5.75,0,3
237,243,31.8,62.3,1074,5.75,0,3
238,240,31.8,61.5,1074,5.75,0,3
238,239,31.8,62.3,1075,5.75,0,3
234,236,31.8,62.9,1075,5.75,0,3
238,239,31.8,62.5,1075,5.75,0,3
240,238,31.8,62.6,1075,5.75,0,3
228,229,31.8,62.6,1075,5.75,0,3
229,228,31.8,62.3,1075,5.75,0,3
225,229,31.8,62.0,1075,5.75,0,3
225,233,31.8,61.8,1075,5.75,0,3
225,231,31.8,62.2,1075,5.75,0,3
234,234,31.8,61.8,1075,5.75,0,3
233,234,31.8,61.6,1075,5.75,0,3
234,232,31.8,61.8,1075,5.75,0,3
234,230,31.8,62.4,1076,5.761,0,3
235,234,31.8,62.9,1076,5.761,0,3
237,234,31.9,63.2,1076,5.761,0,3
234,233,31.8,63.0,1076,5.761,0,3
234,233,31.8,62.9,1076,5.761,0,3
234,234,31.8,63.1,1076,5.761,0,3
237,233,31.8,63.5,1076,5.761,0,3
237,232,31.8,64.0,1076,5.761,0,3
237,220,31.8,64.6,1076,5.761,0,3
229,220,31.9,64.6,1076,5.761,0,3
228,223,31.8,64.1,1076,5.761,0,3
237,232,31.9,65.0,1076,5.761,0,3
237,230,31.8,64.7,1077,5.761,0,3
237,231,31.8,64.2,1077,5.761,0,3
239,233,31.8,64.3,1077,5.761,0,3
237,234,31.8,65.2,1077,5.761,0,3
238,234,31.9,65.9,1077,5.761,0,3
237,234,31.9,66.7,1077,5.761,0,3
236,236,31.9,66.9,1077,5.761,0,3
243,237,31.9,67.4,1077,5.761,0,3
240,237,31.9,67.8,1077,5.761,0,3
246,237,31.9,66.5,1077,5.761,0,3
244,239,31.9,65.5,1077,5.761,0,3
243,241,31.9,64.8,1077,5.761,0,3
247,241,31.8,64.8,1078,5.761,0,3
250,250,31.9,65.1,1078,5.761,0,3
248,252,31.8,65.8,1078,5.761,0,3
244,241,31.9,65.8,1078,5.761,0,3
244,239,31.9,65.9,1078,5.761,0,3
235,238,31.8,65.4,1078,5.761,0,3
234,236,31.9,65.2,1078,5.761,0,3
235,245,31.9,64.9,1078,5.761,0,3
237,246,31.9,65.1,1078,5.761,0,3
239,241,31.8,65.9,1078,5.761,0,3
237,241,31.9,66.2,1078,5.761,0,3
237,240,31.9,66.0,1078,5.761,0,3
237,241,31.9,66.2,1079,5.761,0,3
239,248,31.9,66.2,1079,5.761,0,3
234,249,31.9,65.0,1079,5.761,0,3
236,250,31.8,63.1,1079,5.761,0,3
236,249,31.8,62.5,1079,5.761,0,3
241,250,31.8,62.7,1079,5.761,0,3
237,248,31.8,63.0,1079,5.761,0,3
230,237,31.9,63.2,1079,5.761,0,3
229,235,31.8,63.4,1079,5.761,0,3
240,249,31.9,64.2,1079,5.761,0,3
248,249,31.8,65.1,1079,5.761,0,3
250,250,31.8,65.7,1079,5.761,0,3
252,250,31.9,66.7,1080,5.761,0,3
249,250,31.9,67.3,1080,5.761,0,3
252,252,31.9,68.2,1080,5.761,0,3
252,252,31.9,68.8,1080,5.761,0,3
247,252,31.9,68.9,1080,5.761,0,3
252,257,31.9,68.7,1080,5.761,0,3
243,252,31.9,67.7,1080,5.761,0,3
241,253,31.8,66.9,1080,5.761,0,3
246,252,31.8,66.1,1080,5.761,0,3
246,264,31.8,64.3,1080,5.761,0,3
245,261,31.8,64.0,1080,5.761,0,3
247,260,31.8,64.4,1080,5.761,0,3
241,259,31.8,64.2,1081,5.761,0,3
237,255,31.8,63.4,1081,5.761,0,3
234,252,31.8,63.1,1081,5.761,0,3
235,254,31.8,62.6,1081,5.761,0,3
241,252,31.8,62.6,1081,5.761,0,3
238,250,31.8,62.8,1081,5.761,0,3
247,251,31.8,63.9,1081,5.761,0,3
244,250,31.8,65.1,1081,5.761,0,3
240,249,31.8,65.7,1081,5.761,0,3
234,247,31.8,65.4,1081,5.761,0,3
235,246,31.8,65.2,1081,5.761,0,3
243,245,31.9,65.5,1081,5.761,0,3
243,245,31.9,65.4,1082,5.761,0,3
249,245,31.8,65.8,1082,5.761,0,3
247,244,31.8,66.4,1082,5.761,0,3
243,245,31.9,66.2,1082,5.761,0,3
246,246,31.8,65.3,1082,5.761,0,3
249,247,31.8,65.3,1082,5.761,0,3
239,234,31.9,65.5,1082,5.761,0,3
237,234,31.8,65.7,1082,5.761,0,3
234,234,31.8,65.5,1082,5.761,0,3
245,244,31.9,65.1,1082,5.761,0,3
243,245,31.9,64.9,1082,5.761,0,3
243,244,31.9,64.7,1082,5.761,0,3
240,241,31.8,64.8,1083,5.761,0,3
238,244,31.8,65.3,1083,5.761,0,3
235,232,31.8,65.4,1083,5.761,0,3
235,232,31.8,64.9,1083,5.761,0,3
234,234,31.8,64.7,1083,5.761,0,3
232,234,31.8,64.3,1083,5.761,0,3
235,234,31.8,64.6,1083,5.761,0,3
234,234,31.8,65.0,1083,5.761,0,3
236,234,31.9,65.5,1083,5.761,0,3
237,233,31.8,66.1,1083,5.761,0,3
231,234,31.8,64.3,1083,5.761,0,3
231,234,31.9,63.1,1083,5.761,0,3
239,231,31.8,62.5,1084,5.761,0,3
239,242,31.8,63.4,1084,5.761,0,3
240,244,31.8,63.7,1084,5.761,0,3
241,247,31.8,63.7,1084,5.761,0,3
246,251,31.8,64.2,1084,5.761,0,3
248,254,31.8,64.9,1084,5.761,0,3
248,258,31.8,64.7,1084,5.761,0,3
251,263,31.8,64.2,1084,5.761,0,3
254,264,31.8,64.2,1084,5.761,0,3
245,263,31.8,64.5,1084,5.761,0,3
241,260,31.8,62.6,1084,5.761,0,3
241,250,31.8,62.5,1084,5.761,0,3
240,248,31.8,61.9,1085,5.761,0,3
234,244,31.8,61.8,1085,5.761,0,3
235,241,31.8,63.5,1085,5.761,0,3
248,251,31.9,64.4,1085,5.761,0,3
250,252,31.8,64.8,1085,5.761,0,3
241,253,31.8,65.6,1085,5.761,0,3
241,252,31.9,65.6,1085,5.761,0,3
243,250,31.9,64.3,1085,5.761,0,3
241,252,31.8,62.5,1085,5.761,0,3
241,251,31.8,62.2,1085,5.761,0,3
239,237,31.8,62.6,1085,5.761,0,3
234,237,31.8,62.8,1085,5.761,0,3
236,239,31.8,63.0,1086,5.761,0,3
234,236,31.8,63.3,1086,5.761,0,3
230,236,31.8,62.9,1086,5.761,0,3
243,247,31.8,63.1,1086,5.761,0,3
241,248,31.8,63.6,1086,5.761,0,3
234,239,31.8,63.7,1086,5.761,0,3
237,247,31.8,62.5,1086,5.761,0,3
234,247,31.9,61.5,1086,5.761,0,3
232,234,31.9,62.4,1086,5.761,0,3
234,234,31.9,63.0,1086,5.761,0,3
234,234,31.9,63.3,1086,5.761,0,3
244,248,31.9,63.5,1086,5.761,0,3
244,246,31.9,63.8,1087,5.761,0,3
231,236,31.8,63.3,1087,5.761,0,3
234,240,31.8,61.9,1087,5.761,0,3
233,241,31.8,60.7,1087,5.761,0,3
228,236,31.8,60.2,1087,5.761,0,3
233,235,31.8,60.7,1087,5.761,0,3
234,237,31.8,63.0,1087,5.761,0,3
234,237,31.8,63.2,1087,5.761,0,3
245,237,31.9,63.7,1087,5.761,0,3
250,239,31.9,64.5,1087,5.761,0,3
249,237,31.9,65.1,1087,5.761,0,3
245,241,31.8,63.6,1087,5.761,0,3
241,243,31.9,63.5,1088,5.761,0,3
238,243,31.9,64.2,1088,5.761,0,3
252,255,31.9,64.9,1088,5.761,0,3
247,250,31.9,65.8,1088,5.761,0,3
255,258,31.9,66.5,1088,5.761,0,3
250,261,31.9,66.3,1088,5.761,0,3
243,253,31.9,65.4,1088,5.761,0,3
242,254,31.9,65.3,1088,5.761,0,3
234,248,31.9,64.4,1088,5.761,0,3
234,249,31.9,63.4,1088,5.761,0,3
237,255,31.9,62.0,1088,5.761,0,3
237,253,31.9,62.1,1088,5.761,0,3
234,244,31.8,62.3,1089,5.761,0,3
235,242,31.9,62.9,1089,5.761,0,3
241,251,31.9,62.8,1089,5.761,0,3
239,251,31.9,62.5,1089,5.761,0,3
239,250,31.9,62.4,1089,5.761,0,3
237,249,31.8,62.0,1089,5.761,0,3
238,236,31.9,60.7,1089,5.761,0,3
234,240,31.8,60.3,1089,5.761,0,3
232,235,31.9,61.4,1089,5.761,0,3
248,248,31.9,62.9,1089,5.761,0,3
244,247,31.9,63.2,1089,5.761,0,3
245,248,31.9,63.7,1089,5.761,0,3
243,247,31.9,63.6,1090,5.761,0,3
244,249,31.8,63.0,1090,5.761,0,3
240,245,31.9,62.5,1090,5.761,0,3
234,236,31.8,63.1,1090,5.761,0,3
231,236,31.8,63.3,1090,5.761,0,3
241,246,31.9,63.3,1090,5.761,0,3
240,247,31.9,63.0,1090,5.761,0,3
239,249,31.8,61.4,1090,5.761,0,3
241,250,31.9,62.4,1090,5.761,0,3
245,245,31.9,63.3,1090,5.761,0,3
254,250,31.9,64.6,1090,5.761,0,3
252,251,31.9,65.6,1090,5.761,0,3
250,253,31.8,65.4,1091,5.761,0,3
251,252,31.9,65.0,1091,5.761,0,3
251,256,31.9,65.3,1091,5.761,0,3
247,255,31.9,65.5,1091,5.761,0,3
252,259,31.9,65.5,1091,5.761,0,3
254,259,31.9,65.6,1091,5.761,0,3
250,256,31.8,65.0,1091,5.761,0,3
247,257,31.9,64.0,1091,5.761,0,3
247,256,31.8,63.1,1091,5.761,0,3
246,256,31.9,63.5,1091,5.761,0,3
241,256,31.9,64.1,1091,5.761,0,3
244,255,31.9,64.9,1091,5.761,0,3
242,255,31.9,65.3,1092,5.761,0,3
243,255,31.9,64.7,1092,5.761,0,3
246,259,31.9,63.9,1092,5.761,0,3
249,255,31.8,63.7,1092,5.761,0,3
245,256,31.9,64.0,1092,5.761,0,3
235,244,31.9,64.3,1092,5.761,0,3
234,243,31.9,64.8,1092,5.761,0,3
234,241,31.8,64.9,1092,5.761,0,3
233,246,31.9,64.3,1092,5.761,0,3
249,256,31.8,63.8,1092,5.761,0,3
247,257,31.8,63.3,1092,5.761,0,3
250,262,31.8,63.6,1092,5.761,0,3
250,260,31.8,64.2,1093,5.761,0,3
246,256,31.9,64.1,1093,5.761,0,3
247,256,31.8,63.3,1093,5.761,0,3
241,256,31.8,62.5,1093,5.761,0,3
237,253,31.8,61.7,1093,5.761,0,3
245,252,31.8,61.5,1093,5.761,0,3
248,253,31.8,62.6,1093,5.761,0,3
241,253,31.9,63.7,1093,5.761,0,3
240,253,31.8,64.5,1093,5.761,0,3
239,246,31.8,65.4,1093,5.761,0,3
234,245,31.9,65.0,1093,5.761,0,3
236,255,31.9,64.7,1093,5.761,0,3
236,255,31.9,64.7,1094,5.761,0,3
236,255,31.9,64.7,1094,5.761,0,3
236,255,31.9,64.8,1094,5.761,0,3
236,255,31.9,64.8,1094,5.761,0,3
236,255,31.9,64.8,1094,5.761,0,3
236,255,31.9,64.8,1094,5.761,0,3
236,256,31.9,64.8,1094,5.761,0,3
236,256,31.9,64.9,1094,5.761,0,3
236,256,31.9,64.9,1094,5.761,0,3
236,256,31.9,64.9,1094,5.761,0,3
236,256,31.9,64.9,1094,5.761,0,3
236,256,31.9,64.9,1094,5.761,0,3
236,256,31.9,65.0,1095,5.761,0,3
236,256,31.9,65.0,1095,5.761,0,3
236,256,31.9,65.0,1095,5.761,0,3
236,256,31.9,65.0,1095,5.761,0,3
236,256,31.9,65.0,1095,5.761,0,3
236,256,31.9,65.1,1095,5.761,0,3
236,256,31.9,65.1,1095,5.761,0,3
236,256,31.9,65.1,1095,5.761,0,3
236,257,31.9,65.1,1095,5.761,0,3
236,257,31.9,65.2,1095,5.761,0,3
235,257,31.9,65.2,1095,5.761,0,3
235,257,31.9,65.2,1095,5.761,0,3
235,257,31.9,65.2,1096,5.761,0,3
235,257,31.9,65.2,1096,5.761,0,3
235,257,31.9,65.3,1096,5.761,0,3
235,257,31.9,65.3,1096,5.761,0,3
235,257,31.9,65.3,1096,5.761,0,3
235,257,31.9,65.3,1096,5.761,0,3
235,257,31.9,65.3,1096,5.761,0,3
235,257,31.9,65.4,1096,5.761,0,3
235,257,31.9,65.4,1096,5.761,0,3
235,257,31.9,65.4,1096,5.761,0,3
235,258,31.9,65.4,1096,5.761,0,3
235,258,31.9,65.4,1096,5.761,0,3
235,258,31.8,65.5,1097,5.761,0,3
235,258,31.8,65.5,1097,5.761,0,3
235,258,31.8,65.5,1097,5.761,0,3
235,258,31.8,65.5,1097,5.761,0,3
235,258,31.8,65.5,1097,5.761,0,3
235,258,31.8,65.6,1097,5.761,0,3
235,258,31.8,65.6,1097,5.761,0,3
235,258,31.8,65.6,1097,5.761,0,3
235,258,31.8,65.6,1097,5.761,0,3
235,258,31.8,65.6,1097,5.761,0,3
235,258,31.8,65.7,1097,5.761,0,3
235,258,31.8,65.7,1097,5.761,0,3
235,259,31.8,65.7,1098,5.761,0,3
235,259,31.8,65.7,1098,5.761,0,3
235,259,31.8,65.7,1098,5.761,0,3
235,259,31.8,65.8,1098,5.761,0,3
235,259,31.8,65.8,1098,5.761,0,3
235,259,31.8,65.8,1098,5.761,0,3
235,259,31.8,65.8,1098,5.761,0,3
235,259,31.8,65.8,1098,5.761,0,3
235,259,31.8,65.9,1098,5.761,0,3
235,259,31.8,65.9,1098,5.761,0,3
235,259,31.8,65.9,1098,5.761,0,3
235,259,31.8,65.9,1098,5.761,0,3
235,259,31.8,65.9,1099,5.761,0,3
235,259,31.8,66.0,1099,5.761,0,3
235,260,31.8,66.0,1099,5.761,0,3
235,260,31.8,66.0,1099,5.761,0,3
235,260,31.8,66.0,1099,5.761,0,3
235,260,31.8,66.1,1099,5.761,0,3
234,260,31.8,66.1,1099,5.761,0,3
234,260,31.8,66.1,1099,5.761,0,3
234,260,31.8,66.1,1099,5.761,0,3
234,260,31.8,66.1,1099,5.761,0,3
234,260,31.8,66.2,1099,5.761,0,3
234,260,31.8,66.2,1099,5.761,0,3
234,260,31.8,66.2,1100,5.761,0,3
234,260,31.8,66.2,1100,5.761,0,3
234,260,31.8,66.2,1100,5.761,0,3
234,261,31.8,66.3,1100,5.761,0,3
234,261,31.8,66.3,1100,5.761,0,3
234,261,31.8,66.3,1100,5.761,0,3
234,261,31.8,66.3,1100,5.761,0,3
234,261,31.8,66.3,1100,5.761,0,3
234,261,31.8,66.4,1100,5.761,0,3
234,261,31.8,66.4,1100,5.761,0,3
234,261,31.8,66.4,1100,5.761,0,3
234,261,31.8,66.4,1100,5.761,0,3
234,261,31.8,66.4,1101,5.761,0,3
234,261,31.8,66.5,1101,5.761,0,3
234,261,31.8,66.5,1101,5.761,0,3
234,261,31.8,66.5,1101,5.761,0,3
234,261,31.8,66.5,1101,5.761,0,3
234,262,31.8,66.5,1101,5.761,0,3
234,262,31.8,66.6,1101,5.761,0,3
234,262,31.8,66.6,1101,5.761,0,3
234,262,31.8,66.6,1101,5.761,0,3
234,262,31.8,66.6,1101,5.761,0,3
234,262,31.8,66.6,1101,5.761,0,3
234,262,31.8,66.7,1101,5.761,0,3
234,262,31.8,66.7,1102,5.761,0,3
234,262,31.8,66.7,1102,5.761,0,3
234,262,31.8,66.7,1102,5.761,0,3
234,262,31.8,66.7,1102,5.761,0,3
234,262,31.8,66.8,1102,5.761,0,3
234,262,31.8,66.8,1102,5.761,0,3
234,262,31.8,66.8,1102,5.761,0,3
234,263,31.8,66.8,1102,5.761,0,3
234,263,31.8,66.9,1102,5.761,0,3
234,263,31.8,66.9,1102,5.761,0,3
234,263,31.8,66.9,1102,5.761,0,3
234,263,31.8,66.9,1102,5.761,0,3
234,263,31.8,66.9,1103,5.761,0,3
234,263,31.7,67.0,1103,5.761,0,3
233,263,31.7,67.0,1103,5.761,0,3
233,263,31.7,67.0,1103,5.761,0,3
233,263,31.7,67.0,1103,5.761,0,3
233,263,31.7,67.0,1103,5.761,0,3
233,263,31.7,67.1,1103,5.761,0,3
233,263,31.7,67.1,1103,5.761,0,3
233,263,31.7,67.1,1103,5.761,0,3
233,264,31.7,67.1,1103,5.761,0,3
233,264,31.7,67.1,1103,5.761,0,3
233,264,31.7,67.2,1103,5.761,0,3
233,264,31.7,67.2,1104,5.761,0,3
233,264,31.7,67.2,1104,5.761,0,3
233,264,31.7,67.2,1104,5.761,0,3
233,264,31.7,67.2,1104,5.761,0,3
233,264,31.7,67.3,1104,5.761,0,3
233,264,31.7,67.3,1104,5.761,0,3
233,264,31.7,67.3,1104,5.761,0,3
233,264,31.7,67.3,1104,5.761,0,3
233,264,31.7,67.3,1104,5.761,0,3
233,264,31.7,67.4,1104,5.761,0,3
233,265,31.7,67.4,1104,5.761,0,3
233,265,31.7,67.4,1104,5.761,0,3
233,265,31.7,67.4,1105,5.761,0,3
233,265,31.7,67.4,1105,5.761,0,3
233,265,31.7,67.5,1105,5.761,0,3
233,265,31.7,67.5,1105,5.761,0,3
233,265,31.7,67.5,1105,5.761,0,3
233,265,31.7,67.5,1105,5.761,0,3
233,265,31.7,67.5,1105,5.761,0,3
233,265,31.7,67.6,1105,5.761,0,3
233,265,31.7,67.6,1105,5.761,0,3
233,265,31.7,67.6,1105,5.761,0,3
233,265,31.7,67.6,1105,5.761,0,3
233,265,31.7,67.7,1105,5.761,0,3
233,266,31.7,67.7,1106,5.761,0,3
233,266,31.7,67.7,1106,5.761,0,3
233,266,31.7,67.7,1106,5.761,0,3
233,266,31.7,67.7,1106,5.761,0,3
233,266,31.7,67.8,1106,5.761,0,3
233,266,31.7,67.8,1106,5.761,0,3
233,266,31.7,67.8,1106,5.761,0,3
233,266,31.7,67.8,1106,5.761,0,3
233,266,31.7,67.8,1106,5.761,0,3
233,266,31.7,67.9,1106,5.761,0,3
233,266,31.7,67.9,1106,5.761,0,3
232,266,31.7,67.9,1106,5.761,0,3
232,266,31.7,67.9,1107,5.761,0,3
232,266,31.7,67.9,1107,5.761,0,3
232,267,31.7,68.0,1107,5.761,0,3
232,267,31.7,68.0,1107,5.761,0,3
232,267,31.7,68.0,1107,5.761,0,3
232,267,31.7,68.0,1107,5.761,0,3
232,267,31.7,68.0,1107,5.761,0,3
232,267,31.7,68.1,1107,5.761,0,3
232,267,31.7,68.1,1107,5.761,0,3
232,267,31.7,68.1,1107,5.761,0,3
232,267,31.7,68.1,1107,5.761,0,3
232,267,31.7,68.1,1107,5.761,0,3
232,267,31.7,68.2,1108,5.761,0,3
232,267,31.7,68.2,1108,5.761,0,3
232,267,31.7,68.2,1108,5.761,0,3
232,267,31.7,68.2,1108,5.761,0,3
232,268,31.7,68.2,1108,5.761,0,3
232,268,31.7,68.3,1108,5.761,0,3
232,268,31.7,68.3,1108,5.761,0,3
232,268,31.7,68.3,1108,5.761,0,3
232,268,31.7,68.3,1108,5.761,0,3
232,268,31.7,68.3,1108,5.761,0,3
232,268,31.7,68.4,1108,5.761,0,3
232,268,31.7,68.4,1108,5.761,0,3
232,268,31.7,68.4,1109,5.761,0,3
232,268,31.7,68.4,1109,5.761,0,3
232,268,31.6,68.4,1109,5.761,0,3
232,268,31.6,68.5,1109,5.761,0,3
232,268,31.6,68.5,1109,5.761,0,3
232,268,31.6,68.5,1109,5.761,0,3
232,269,31.6,68.5,1109,5.761,0,3
232,269,31.6,68.6,1109,5.761,0,3
232,269,31.6,68.6,1109,5.761,0,3
232,269,31.6,68.6,1109,5.761,0,3
232,269,31.6,68.6,1109,5.761,0,3
232,269,31.6,68.6,1109,5.761,0,3
232,269,31.6,68.7,1110,5.774,0,3
232,269,31.6,68.7,1110,5.774,0,3
232,269,31.6,68.7,1110,5.774,0,3
232,269,31.6,68.7,1110,5.774,0,3
232,269,31.6,68.7,1110,5.774,0,3
232,269,31.6,68.8,1110,5.774,0,3
232,269,31.6,68.8,1110,5.774,0,3
231,270,31.6,68.8,1110,5.774,0,3
231,270,31.6,68.8,1110,5.774,0,3
231,270,31.6,68.8,1110,5.774,0,3
231,270,31.6,68.9,1110,5.774,0,3
231,270,31.6,68.9,1110,5.774,0,3
231,270,31.6,68.9,1111,5.774,0,3
231,270,31.6,68.9,1111,5.774,0,3
231,270,31.6,68.9,1111,5.774,0,3
231,270,31.6,69.0,1111,5.774,0,3
231,270,31.6,69.0,1111,5.774,0,3
231,270,31.6,69.0,1111,5.774,0,3
231,270,31.6,69.0,1111,5.774,0,3
231,270,31.6,69.0,1111,5.774,0,3
231,270,31.6,69.1,1111,5.774,0,3
231,271,31.6,69.1,1111,5.774,0,3
231,271,31.6,69.1,1111,5.774,0,3
231,271,31.6,69.1,1111,5.774,0,3
231,271,31.6,69.1,1112,5.774,0,3
231,271,31.6,69.2,1112,5.774,0,3
231,271,31.6,69.2,1112,5.774,0,3
231,271,31.6,69.2,1112,5.774,0,3
231,271,31.6,69.2,1112,5.774,0,3
231,271,31.6,69.2,1112,5.774,0,3
231,271,31.6,69.3,1112,5.774,0,3
231,271,31.6,69.3,1112,5.774,0,3
231,271,31.6,69.3,1112,5.774,0,3
231,271,31.6,69.3,1112,5.774,0,3
231,271,31.6,69.4,1112,5.774,0,3
231,272,31.6,69.4,1112,5.774,0,3
231,272,31.6,69.4,1113,5.774,0,3
231,272,31.6,69.4,1113,5.774,0,3
231,272,31.6,69.4,1113,5.774,0,3
231,272,31.6,69.5,1113,5.774,0,3
231,272,31.6,69.5,1113,5.774,0,3
231,272,31.6,69.5,1113,5.774,0,3
231,272,31.6,69.5,1113,5.774,0,3
231,272,31.6,69.5,1113,5.774,0,3
231,272,31.6,69.6,1113,5.774,0,3
231,272,31.6,69.6,1113,5.774,0,3
231,272,31.6,69.6,1113,5.774,0,3
231,272,31.6,69.6,1113,5.774,0,3
231,272,31.6,69.6,1114,5.774,0,3
231,273,31.6,69.7,1114,5.774,0,3
231,273,31.6,69.7,1114,5.774,0,3
230,273,31.6,69.7,1114,5.774,0,3
230,273,31.6,69.7,1114,5.774,0,3
230,273,31.6,69.7,1114,5.774,0,3
230,273,31.6,69.8,1114,5.774,0,3
230,273,31.6,69.8,1114,5.774,0,3
230,273,31.6,69.8,1114,5.774,0,3
230,273,31.6,69.8,1114,5.774,0,3
230,273,31.6,69.8,1114,5.774,0,3
230,273,31.6,69.9,1114,5.774,0,3
230,273,31.6,69.9,1115,5.774,0,3
230,273,31.6,69.9,1115,5.774,0,3
230,274,31.6,69.9,1115,5.774,0,3
230,274,31.5,69.9,1115,5.774,0,3
230,274,31.5,70.0,1115,5.774,0,3
230,274,31.5,70.0,1115,5.774,0,3
230,274,31.5,70.0,1115,5.774,0,3
230,274,31.5,70.0,1115,5.774,0,3
230,274,31.5,70.0,1115,5.774,0,3
230,274,31.5,70.1,1115,5.774,0,3
230,274,31.5,70.1,1115,5.774,0,3
230,274,31.5,70.1,1115,5.774,0,3
230,274,31.5,70.1,1116,5.774,0,3
230,274,31.5,70.2,1116,5.774,0,3
230,274,31.5,70.2,1116,5.774,0,3
230,274,31.5,70.2,1116,5.774,0,3
230,275,31.5,70.2,1116,5.774,0,3
230,275,31.5,70.2,1116,5.774,0,3
230,275,31.5,70.3,1116,5.774,0,3
230,275,31.5,70.3,1116,5.774,0,3
230,275,31.5,70.3,1116,5.774,0,3
230,275,31.5,70.3,1116,5.774,0,3
230,275,31.5,70.3,1116,5.774,0,3
230,275,31.5,70.4,1116,5.774,0,3
230,275,31.5,70.4,1117,5.774,0,3
230,275,31.5,70.4,1117,5.774,0,3
230,275,31.5,70.4,1117,5.774,0,3
230,275,31.5,70.4,1117,5.774,0,3
230,275,31.5,70.5,1117,5.774,0,3
230,275,31.5,70.5,1117,5.774,0,3
230,276,31.5,70.5,1117,5.774,0,3
230,276,31.5,70.5,1117,5.774,0,3
230,276,31.5,70.5,1117,5.774,0,3
230,276,31.5,70.6,1117,5.774,0,3
230,276,31.5,70.6,1117,5.774,0,3
230,276,31.5,70.6,1117,5.774,0,3
229,276,31.5,70.6,1118,5.774,0,3
229,276,31.5,70.6,1118,5.774,0,3
229,276,31.5,70.7,1118,5.774,0,3
229,276,31.5,70.7,1118,5.774,0,3
229,276,31.5,70.7,1118,5.774,0,3
229,276,31.5,70.7,1118,5.774,0,3
229,276,31.5,70.7,1118,5.774,0,3
229,276,31.5,70.8,1118,5.774,0,3
229,277,31.5,70.8,1118,5.774,0,3
229,277,31.5,70.8,1118,5.774,0,3
229,277,31.5,70.8,1118,5.774,0,3
229,277,31.5,70.8,1118,5.774,0,3
229,277,31.5,70.9,1119,5.774,0,3
229,277,31.5,70.9,1119,5.774,0,3
229,277,31.5,70.9,1119,5.774,0,3
229,277,31.5,70.9,1119,5.774,0,3
229,277,31.5,70.9,1119,5.774,0,3
229,277,31.5,71.0,1119,5.774,0,3
229,277,31.5,71.0,1119,5.774,0,3
229,277,31.5,71.0,1119,5.774,0,3
229,277,31.5,71.0,1119,5.774,0,3
229,277,31.5,71.1,1119,5.774,0,3
229,278,31.5,71.1,1119,5.774,0,3
229,278,31.5,71.1,1119,5.774,0,3
229,278,31.5,71.1,1120,5.774,0,3
229,278,31.5,71.1,1120,5.774,0,3
229,278,31.5,71.2,1120,5.774,0,3
229,278,31.5,71.2,1120,5.774,0,3
229,278,31.5,71.2,1120,5.774,0,3
229,278,31.5,71.2,1120,5.774,0,3
229,278,31.5,71.2,1120,5.774,0,3
229,278,31.5,71.3,1120,5.774,0,3
229,278,31.5,71.3,1120,5.774,0,3
229,278,31.5,71.3,1120,5.774,0,3
229,278,31.5,71.3,1120,5.774,0,3
229,279,31.5,71.3,1120,5.774,0,3
229,279,31.5,71.4,1121,5.774,0,3
229,279,31.5,71.4,1121,5.774,0,3
229,279,31.5,71.4,1121,5.774,0,3
229,279,31.4,71.4,1121,5.774,0,3
229,279,31.4,71.4,1121,5.774,0,3
229,279,31.4,71.5,1121,5.774,0,3
229,279,31.4,71.5,1121,5.774,0,3
229,279,31.4,71.5,1121,5.774,0,3
228,279,31.4,71.5,1121,5.774,0,3
228,279,31.4,71.5,1121,5.774,0,3
228,279,31.4,71.6,1121,5.774,0,3
228,279,31.4,71.6,1121,5.774,0,3
228,279,31.4,71.6,1122,5.774,0,3
228,280,31.4,71.6,1122,5.774,0,3
228,280,31.4,71.6,1122,5.774,0,3
228,280,31.4,71.7,1122,5.774,0,3
228,280,31.4,71.7,1122,5.774,0,3
228,280,31.4,71.7,1122,5.774,0,3
228,280,31.4,71.7,1122,5.774,0,3
228,280,31.4,71.7,1122,5.774,0,3
228,280,31.4,71.8,1122,5.774,0,3
228,280,31.4,71.8,1122,5.774,0,3
228,280,31.4,71.8,1122,5.774,0,3
228,280,31.4,71.8,1122,5.774,0,3
228,280,31.4,71.9,1123,5.774,0,3
228,280,31.4,71.9,1123,5.774,0,3
228,280,31.4,71.9,1123,5.774,0,3
228,281,31.4,71.9,1123,5.774,0,3
228,281,31.4,71.9,1123,5.774,0,3
228,281,31.4,72.0,1123,5.774,0,3
228,281,31.4,72.0,1123,5.774,0,3
228,281,31.4,72.0,1123,5.774,0,3
228,281,31.4,72.0,1123,5.774,0,3
228,281,31.4,72.0,1123,5.774,0,3
228,281,31.4,72.1,1123,5.774,0,3
228,281,31.4,72.1,1123,5.774,0,3
228,281,31.4,72.1,1124,5.774,0,3
228,281,31.4,72.1,1124,5.774,0,3
228,281,31.4,72.1,1124,5.774,0,3
228,281,31.4,72.2,1124,5.774,0,3
228,281,31.4,72.2,1124,5.774,0,3
228,282,31.4,72.2,1124,5.774,0,3
228,282,31.4,72.2,1124,5.774,0,3
228,282,31.4,72.2,1124,5.774,0,3
228,282,31.4,72.3,1124,5.774,0,3
228,282,31.4,72.3,1124,5.774,0,3
228,282,31.4,72.3,1124,5.774,0,3
228,282,31.4,72.3,1124,5.774,0,3
228,282,31.4,72.3,1125,5.774,0,3
228,282,31.4,72.4,1125,5.774,0,3
228,282,31.4,72.4,1125,5.774,0,3
228,282,31.4,72.4,1125,5.774,0,3
227,282,31.4,72.4,1125,5.774,0,3
227,282,31.4,72.4,1125,5.774,0,3
227,282,31.4,72.5,1125,5.774,0,3
227,283,31.4,72.5,1125,5.774,0,3
227,283,31.4,72.5,1125,5.774,0,3
227,283,31.4,72.5,1125,5.774,0,3
227,283,31.4,72.5,1125,5.774,0,3
227,283,31.4,72.6,1125,5.774,0,3
227,283,31.4,72.6,1126,5.774,0,3
227,283,31.4,72.6,1126,5.774,0,3
227,283,31.4,72.6,1126,5.774,0,3
227,283,31.4,72.7,1126,5.774,0,3
227,283,31.4,72.7,1126,5.774,0,3
227,283,31.4,72.7,1126,5.774,0,3
227,283,31.4,72.7,1126,5.774,0,3
227,283,31.4,72.7,1126,5.774,0,3
227,284,31.4,72.8,1126,5.774,0,3
227,284,31.4,72.8,1126,5.774,0,3
227,284,31.4,72.8,1126,5.774,0,3
227,284,31.4,72.8,1126,5.774,0,3
227,284,31.4,72.8,1127,5.774,0,3
227,284,31.4,72.9,1127,5.774,0,3
227,284,31.4,72.9,1127,5.774,0,3
227,284,31.4,72.9,1127,5.774,0,3
227,284,31.3,72.9,1127,5.774,0,3
227,284,31.3,72.9,1127,5.774,0,3
227,284,31.3,73.0,1127,5.774,0,3
227,284,31.3,73.0,1127,5.774,0,3
227,284,31.3,73.0,1127,5.774,0,3
227,284,31.3,73.0,1127,5.774,0,3
227,285,31.3,73.0,1127,5.774,0,3
227,285,31.3,73.1,1127,5.774,0,3
227,285,31.3,73.1,1128,5.774,0,3
227,285,31.3,73.1,1128,5.774,0,3
227,285,31.3,73.1,1128,5.774,0,3
227,285,31.3,73.1,1128,5.774,0,3
227,285,31.3,73.2,1128,5.774,0,3
227,285,31.3,73.2,1128,5.774,0,3
227,285,31.3,73.2,1128,5.774,0,3
227,285,31.3,73.2,1128,5.774,0,3
227,285,31.3,73.2,1128,5.774,0,3
227,285,31.3,73.3,1128,5.774,0,3
227,285,31.3,73.3,1128,5.774,0,3
227,285,31.3,73.3,1128,5.774,0,3
227,286,31.3,73.3,1129,5.774,0,3
226,286,31.3,73.3,1129,5.774,0,3
226,286,31.3,73.4,1129,5.774,0,3
226,286,31.3,73.4,1129,5.774,0,3
226,286,31.3,73.4,1129,5.774,0,3
226,286,31.3,73.4,1129,5.774,0,3
226,286,31.3,73.4,1129,5.774,0,3
226,286,31.3,73.5,1129,5.774,0,3
226,286,31.3,73.5,1129,5.774,0,3
226,286,31.3,73.5,1129,5.774,0,3
226,286,31.3,73.5,1129,5.774,0,3
226,286,31.3,73.6,1129,5.774,0,3
226,286,31.3,73.6,1130,5.774,0,3
226,286,31.3,73.6,1130,5.774,0,3
226,287,31.3,73.6,1130,5.774,0,3
226,287,31.3,73.6,1130,5.774,0,3
226,287,31.3,73.7,1130,5.774,0,3
226,287,31.3,73.7,1130,5.774,0,3
226,287,31.3,73.7,1130,5.774,0,3
226,287,31.3,73.7,1130,5.774,0,3
226,287,31.3,73.7,1130,5.774,0,3
226,287,31.3,73.8,1130,5.774,0,3
226,287,31.3,73.8,1130,5.774,0,3
226,287,31.3,73.8,1130,5.774,0,3
226,287,31.3,73.8,1131,5.774,0,3
226,287,31.3,73.8,1131,5.774,0,3
226,287,31.3,73.9,1131,5.774,0,3
226,288,31.3,73.9,1131,5.774,0,3
226,288,31.3,73.9,1131,5.774,0,3
226,288,31.3,73.9,1131,5.774,0,3
226,288,31.3,73.9,1131,5.774,0,3
226,288,31.3,74.0,1131,5.774,0,3
226,288,31.3,74.0,1131,5.774,0,3
226,288,31.3,74.0,1131,5.774,0,3
226,288,31.3,74.0,1131,5.774,0,3
226,288,31.3,74.0,1131,5.774,0,3
226,288,31.3,74.1,1132,5.774,0,3
226,288,31.3,74.1,1132,5.774,0,3
226,288,31.3,74.1,1132,5.774,0,3
226,288,31.3,74.1,1132,5.774,0,3
226,288,31.3,74.1,1132,5.774,0,3
226,289,31.3,74.2,1132,5.774,0,3
226,289,31.3,74.2,1132,5.774,0,3
226,289,31.3,74.2,1132,5.774,0,3
226,289,31.3,74.2,1132,5.774,0,3
225,289,31.3,74.2,1132,5.774,0,3
225,289,31.3,74.3,1132,5.774,0,3
225,289,31.3,74.3,1132,5.774,0,3
225,289,31.3,74.3,1133,5.774,0,3
225,289,31.3,74.3,1133,5.774,0,3
225,289,31.3,74.4,1133,5.774,0,3
225,289,31.3,74.4,1133,5.774,0,3
225,289,31.3,74.4,1133,5.774,0,3
225,289,31.2,74.4,1133,5.774,0,3
225,289,31.2,74.4,1133,5.774,0,3
225,290,31.2,74.5,1133,5.774,0,3
225,290,31.2,74.5,1133,5.774,0,3
225,290,31.2,74.5,1133,5.774,0,3
225,290,31.2,74.5,1133,5.774,0,3
225,290,31.2,74.5,1133,5.774,0,3
225,290,31.2,74.6,1134,5.774,0,3
225,290,31.2,74.6,1134,5.774,0,3
225,290,31.2,74.6,1134,5.774,0,3
225,290,31.2,74.6,1134,5.774,0,3
225,290,31.2,74.6,1134,5.774,0,3
225,290,31.2,74.7,1134,5.774,0,3
225,290,31.2,74.7,1134,5.774,0,3
225,290,31.2,74.7,1134,5.774,0,3
225,290,31.2,74.7,1134,5.774,0,3
225,291,31.2,74.7,1134,5.774,0,3
225,291,31.2,74.8,1134,5.774,0,3
225,291,31.2,74.8,1134,5.774,0,3
225,291,31.2,74.8,1135,5.774,0,3
225,291,31.2,74.8,1135,5.774,0,3
225,291,31.2,74.8,1135,5.774,0,3
225,291,31.2,74.9,1135,5.774,0,3
225,291,31.2,74.9,1135,5.774,0,3
225,291,31.2,74.9,1135,5.774,0,3
225,291,31.2,74.9,1135,5.774,0,3
225,291,31.2,74.9,1135,5.774,0,3
225,291,31.2,75.0,1135,5.774,0,3
225,291,31.2,75.0,1135,5.774,0,3
225,291,31.2,75.0,1135,5.774,0,3
225,292,31.2,75.0,1135,5.774,0,3
225,292,31.2,75.0,1136,5.774,0,3
225,292,31.2,75.1,1136,5.774,0,3
225,292,31.2,75.1,1136,5.774,0,3
225,292,31.2,75.1,1136,5.774,0,3
225,292,31.2,75.1,1136,5.774,0,3
225,292,31.2,75.2,1136,5.774,0,3
224,292,31.2,75.2,1136,5.774,0,3
224,292,31.2,75.2,1136,5.774,0,3
224,292,31.2,75.2,1136,5.774,0,3
224,292,31.2,75.2,1136,5.774,0,3
224,292,31.2,75.3,1136,5.774,0,3
224,292,31.2,75.3,1136,5.774,0,3
224,293,31.2,75.3,1137,5.774,0,3
224,293,31.2,75.3,1137,5.774,0,3
224,293,31.2,75.3,1137,5.774,0,3
224,293,31.2,75.4,1137,5.774,0,3
224,293,31.2,75.4,1137,5.774,0,3
224,293,31.2,75.4,1137,5.774,0,3
224,293,31.2,75.4,1137,5.774,0,3
224,293,31.2,75.4,1137,5.774,0,3
224,293,31.2,75.5,1137,5.774,0,3
224,293,31.2,75.5,1137,5.774,0,3
224,293,31.2,75.5,1137,5.774,0,3
224,293,31.2,75.5,1137,5.774,0,3
224,293,31.2,75.5,1138,5.774,0,3
224,293,31.2,75.6,1138,5.774,0,3
224,294,31.2,75.6,1138,5.774,0,3
224,294,31.2,75.6,1138,5.774,0,3
224,294,31.2,75.6,1138,5.774,0,3
224,294,31.2,75.6,1138,5.774,0,3
224,294,31.2,75.7,1138,5.774,0,3
224,294,31.2,75.7,1138,5.774,0,3
224,294,31.2,75.7,1138,5.774,0,3
224,294,31.2,75.7,1138,5.774,0,3
224,294,31.2,75.7,1138,5.774,0,3
224,294,31.2,75.8,1138,5.774,0,3
224,294,31.2,75.8,1139,5.774,0,3
224,294,31.2,75.8,1139,5.774,0,3
224,294,31.2,75.8,1139,5.774,0,3
224,294,31.2,75.8,1139,5.774,0,3
224,295,31.2,75.9,1139,5.774,0,3
224,295,31.2,75.9,1139,5.774,0,3
224,295,31.1,75.9,1139,5.774,0,3
224,295,31.1,75.9,1139,5.774,0,3
224,295,31.1,75.9,1139,5.774,0,3
224,295,31.1,76.0,1139,5.774,0,3
224,295,31.1,76.0,1139,5.774,0,3
224,295,31.1,76.0,1139,5.774,0,3
224,295,31.1,76.0,1140,5.774,0,3
224,295,31.1,76.1,1140,5.774,0,3
223,295,31.1,76.1,1140,5.774,0,3
223,295,31.1,76.1,1140,5.774,0,3
223,295,31.1,76.1,1140,5.774,0,3
223,295,31.1,76.1,1140,5.774,0,3
223,296,31.1,76.2,1140,5.774,0,3
223,296,31.1,76.2,1140,5.774,0,3
223,296,31.1,76.2,1140,5.774,0,3
223,296,31.1,76.2,1140,5.774,0,3
223,296,31.1,76.2,1140,5.774,0,3
223,296,31.1,76.3,1140,5.774,0,3
223,296,31.1,76.3,1141,5.789,0,3
223,296,31.1,76.3,1141,5.789,0,3
223,296,31.1,76.3,1141,5.789,0,3
223,296,31.1,76.3,1141,5.789,0,3
223,296,31.1,76.4,1141,5.789,0,3
223,296,31.1,76.4,1141,5.789,0,3
223,296,31.1,76.4,1141,5.789,0,3
223,296,31.1,76.4,1141,5.789,0,3
223,297,31.1,76.4,1141,5.789,0,3
223,297,31.1,76.5,1141,5.789,0,3
223,297,31.1,76.5,1141,5.789,0,3
223,297,31.1,76.5,1141,5.789,0,3
223,297,31.1,76.5,1142,5.789,0,3
223,297,31.1,76.5,1142,5.789,0,3
223,297,31.1,76.6,1142,5.789,0,3
223,297,31.1,76.6,1142,5.789,0,3
223,297,31.1,76.6,1142,5.789,0,3
223,297,31.1,76.6,1142,5.789,0,3
223,297,31.1,76.6,1142,5.789,0,3
223,297,31.1,76.7,1142,5.789,0,3
223,297,31.1,76.7,1142,5.789,0,3
223,298,31.1,76.7,1142,5.789,0,3
223,298,31.1,76.7,1142,5.789,0,3
223,298,31.1,76.7,1142,5.789,0,3
223,298,31.1,76.8,1143,5.789,0,3
223,298,31.1,76.8,1143,5.789,0,3
223,298,31.1,76.8,1143,5.789,0,3
223,298,31.1,76.8,1143,5.789,0,3
223,298,31.1,76.9,1143,5.789,0,3
223,298,31.1,76.9,1143,5.789,0,3
223,298,31.1,76.9,1143,5.789,0,3
223,298,31.1,76.9,1143,5.789,0,3
223,298,31.1,76.9,1143,5.789,0,3
223,298,31.1,77.0,1143,5.789,0,3
222,298,31.1,77.0,1143,5.789,0,3
222,299,31.1,77.0,1143,5.789,0,3
222,299,31.1,77.0,1144,5.789,0,3
222,299,31.1,77.0,1144,5.789,0,3
222,299,31.1,77.1,1144,5.789,0,3
222,299,31.1,77.1,1144,5.789,0,3
222,299,31.1,77.1,1144,5.789,0,3
222,299,31.1,77.1,1144,5.789,0,3
222,299,31.1,77.1,1144,5.789,0,3
222,299,31.1,77.2,1144,5.789,0,3
222,299,31.1,77.2,1144,5.789,0,3
222,299,31.1,77.2,1144,5.789,0,3
222,299,31.1,77.2,1144,5.789,0,3
222,299,31.1,77.2,1144,5.789,0,3
222,299,31.1,77.3,1145,5.789,0,3
222,300,31.1,77.3,1145,5.789,0,3
222,300,31.1,77.3,1145,5.789,0,3
222,300,31.1,77.3,1145,5.789,0,3
222,300,31.1,77.3,1145,5.789,0,3
222,300,31.1,77.4,1145,5.789,0,3
222,300,31.1,77.4,1145,5.789,0,3
222,300,31.0,77.4,1145,5.789,0,3
222,300,31.0,77.4,1145,5.789,0,3
222,300,31.0,77.4,1145,5.789,0,3
222,300,31.0,77.5,1145,5.789,0,3
222,300,31.0,77.5,1145,5.789,0,3
222,300,31.0,77.5,1146,5.789,0,3
222,300,31.0,77.5,1146,5.789,0,3
222,300,31.0,77.5,1146,5.789,0,3
222,301,31.0,77.6,1146,5.789,0,3
222,301,31.0,77.6,1146,5.789,0,3
222,301,31.0,77.6,1146,5.789,0,3
222,301,31.0,77.6,1146,5.789,0,3
222,301,31.0,77.6,1146,5.789,0,3
222,301,31.0,77.7,1146,5.789,0,3
222,301,31.0,77.7,1146,5.789,0,3
222,301,31.0,77.7,1146,5.789,0,3
222,301,31.0,77.7,1146,5.789,0,3
222,301,31.0,77.8,1147,5.789,0,3
222,301,31.0,77.8,1147,5.789,0,3
222,301,31.0,77.8,1147,5.789,0,3
222,301,31.0,77.8,1147,5.789,0,3
222,302,31.0,77.8,1147,5.789,0,3
222,302,31.0,77.9,1147,5.789,0,3
222,302,31.0,77.9,1147,5.789,0,3
221,302,31.0,77.9,1147,5.789,0,3
221,302,31.0,77.9,1147,5.789,0,3
221,302,31.0,77.9,1147,5.789,0,3
221,302,31.0,78.0,1147,5.789,0,3
221,302,31.0,78.0,1147,5.789,0,3
221,302,31.0,78.0,1148,5.789,0,3
221,302,31.0,78.0,1148,5.789,0,3
221,302,31.0,78.0,1148,5.789,0,3
221,302,31.0,78.1,1148,5.789,0,3
221,302,31.0,78.1,1148,5.789,0,3
221,302,31.0,78.1,1148,5.789,0,3
221,303,31.0,78.1,1148,5.789,0,3
221,303,31.0,78.1,1148,5.789,0,3
221,303,31.0,78.2,1148,5.789,0,3
221,303,31.0,78.2,1148,5.789,0,3
221,303,31.0,78.2,1148,5.789,0,3
221,303,31.0,78.2,1148,5.789,0,3
221,303,31.0,78.2,1149,5.789,0,3
221,303,31.0,78.3,1149,5.789,0,3
221,303,31.0,78.3,1149,5.789,0,3
221,303,31.0,78.3,1149,5.789,0,3
221,303,31.0,78.3,1149,5.789,0,3
221,303,31.0,78.3,1149,5.789,0,3
221,303,31.0,78.4,1149,5.789,0,3
221,303,31.0,78.4,1149,5.789,0,3
221,304,31.0,78.4,1149,5.789,0,3
221,304,31.0,78.4,1149,5.789,0,3
221,304,31.0,78.4,1149,5.789,0,3
221,304,31.0,78.5,1149,5.789,0,3
221,304,31.0,78.5,1150,5.789,0,3
221,304,31.0,78.5,1150,5.789,0,3
221,304,31.0,78.5,1150,5.789,0,3
221,304,31.0,78.6,1150,5.789,0,3
221,304,31.0,78.6,1150,5.789,0,3
221,304,31.0,78.6,1150,5.789,0,3
221,304,31.0,78.6,1150,5.789,0,3
221,304,31.0,78.6,1150,5.789,0,3
221,304,31.0,78.7,1150,5.789,0,3
221,304,31.0,78.7,1150,5.789,0,3
221,305,31.0,78.7,1150,5.789,0,3
221,305,31.0,78.7,1150,5.789,0,3
221,305,31.0,78.7,1151,5.789,0,3
221,305,31.0,78.8,1151,5.789,0,3
221,305,31.0,78.8,1151,5.789,0,3
220,305,31.0,78.8,1151,5.789,0,3
220,305,31.0,78.8,1151,5.789,0,3
220,305,31.0,78.8,1151,5.789,0,3
220,305,31.0,78.9,1151,5.789,0,3
220,305,31.0,78.9,1151,5.789,0,3
220,305,30.9,78.9,1151,5.789,0,3
220,305,30.9,78.9,1151,5.789,0,3
220,305,30.9,78.9,1151,5.789,0,3
220,305,30.9,79.0,1151,5.789,0,3
220,306,30.9,79.0,1152,5.789,0,3
220,306,30.9,79.0,1152,5.789,0,3
220,306,30.9,79.0,1152,5.789,0,3
220,306,30.9,79.0,1152,5.789,0,3
220,306,30.9,79.1,1152,5.789,0,3
220,306,30.9,79.1,1152,5.789,0,3
220,306,30.9,79.1,1152,5.789,0,3
220,306,30.9,79.1,1152,5.789,0,3
220,306,30.9,79.1,1152,5.789,0,3
220,306,30.9,79.2,1152,5.789,0,3
220,306,30.9,79.2,1152,5.789,0,3
220,306,30.9,79.2,1152,5.789,0,3
220,306,30.9,79.2,1153,5.789,0,3
220,307,30.9,79.2,1153,5.789,0,3
220,307,30.9,79.3,1153,5.789,0,3
220,307,30.9,79.3,1153,5.789,0,3
220,307,30.9,79.3,1153,5.789,0,3
220,307,30.9,79.3,1153,5.789,0,3
220,307,30.9,79.4,1153,5.789,0,3
220,307,30.9,79.4,1153,5.789,0,3
220,307,30.9,79.4,1153,5.789,0,3
220,307,30.9,79.4,1153,5.789,0,3
220,307,30.9,79.4,1153,5.789,0,3
220,307,30.9,79.5,1153,5.789,0,3
220,307,30.9,79.5,1154,5.789,0,3
220,307,30.9,79.5,1154,5.789,0,3
220,307,30.9,79.5,1154,5.789,0,3
220,308,30.9,79.5,1154,5.789,0,3
220,308,30.9,79.6,1154,5.789,0,3
220,308,30.9,79.6,1154,5.789,0,3
220,308,30.9,79.6,1154,5.789,0,3
220,308,30.9,79.6,1154,5.789,0,3
220,308,30.9,79.6,1154,5.789,0,3
220,308,30.9,79.7,1154,5.789,0,3
220,308,30.9,79.7,1154,5.789,0,3
219,308,30.9,79.7,1154,5.789,0,3
219,308,30.9,79.7,1155,5.789,0,3
219,308,30.9,79.7,1155,5.789,0,3
219,308,30.9,79.8,1155,5.789,0,3
219,308,30.9,79.8,1155,5.789,0,3
219,308,30.9,79.8,1155,5.789,0,3
219,309,30.9,79.8,1155,5.789,0,3
219,309,30.9,79.8,1155,5.789,0,3
219,309,30.9,79.9,1155,5.789,0,3
219,309,30.9,79.9,1155,5.789,0,3
219,309,30.9,79.9,1155,5.789,0,3
219,309,30.9,79.9,1155,5.789,0,3
219,309,30.9,79.9,1155,5.789,0,3
219,309,30.9,80.0,1156,5.789,0,3
219,309,30.9,80.0,1156,5.789,0,3
219,309,30.9,80.0,1156,5.789,0,3
219,309,30.9,80.0,1156,5.789,0,3
219,309,30.9,80.0,1156,5.789,0,3
219,309,30.9,80.1,1156,5.789,0,3
219,309,30.9,80.1,1156,5.789,0,3
219,310,30.9,80.1,1156,5.789,0,3
219,310,30.9,80.1,1156,5.789,0,3
219,310,30.9,80.1,1156,5.789,0,3
219,310,30.9,80.2,1156,5.789,0,3
219,310,30.9,80.2,1156,5.789,0,3
219,310,30.9,80.2,1157,5.789,0,3
219,310,30.9,80.2,1157,5.789,0,3
219,310,30.9,80.3,1157,5.789,0,3
219,310,30.9,80.3,1157,5.789,0,3
219,310,30.9,80.3,1157,5.789,0,3
219,310,30.9,80.3,1157,5.789,0,3
219,310,30.9,80.3,1157,5.789,0,3
219,310,30.9,80.4,1157,5.789,0,3
219,311,30.9,80.4,1157,5.789,0,3
219,311,30.8,80.4,1157,5.789,0,3
219,311,30.8,80.4,1157,5.789,0,3
219,311,30.8,80.4,1157,5.789,0,3
219,311,30.8,80.5,1158,5.789,0,3
219,311,30.8,80.5,1158,5.789,0,3
219,311,30.8,80.5,1158,5.789,0,3
219,311,30.8,80.5,1158,5.789,0,3
219,311,30.8,80.5,1158,5.789,0,3
219,311,30.8,80.6,1158,5.789,0,3
219,311,30.8,80.6,1158,5.789,0,3
219,311,30.8,80.6,1158,5.789,0,3
218,311,30.8,80.6,1158,5.789,0,3
218,311,30.8,80.6,1158,5.789,0,3
218,312,30.8,80.7,1158,5.789,0,3
218,312,30.8,80.7,1158,5.789,0,3
218,312,30.8,80.7,1159,5.789,0,3
218,312,30.8,80.7,1159,5.789,0,3
218,312,30.8,80.7,1159,5.789,0,3
218,312,30.8,80.8,1159,5.789,0,3
218,312,30.8,80.8,1159,5.789,0,3
218,312,30.8,80.8,1159,5.789,0,3
218,312,30.8,80.8,1159,5.789,0,3
218,312,30.8,80.8,1159,5.789,0,3
218,312,30.8,80.9,1159,5.789,0,3
218,312,30.8,80.9,1159,5.789,0,3
218,312,30.8,80.9,1159,5.789,0,3
218,312,30.8,80.9,1159,5.789,0,3
218,313,30.8,80.9,1160,5.789,0,3
218,313,30.8,81.0,1160,5.789,0,3
218,313,30.8,81.0,1160,5.789,0,3
218,313,30.8,81.0,1160,5.789,0,3
218,313,30.8,81.0,1160,5.789,0,3
218,313,30.8,81.1,1160,5.789,0,3
218,313,30.8,81.1,1160,5.789,0,3
218,313,30.8,81.1,1160,5.789,0,3
218,313,30.8,81.1,1160,5.789,0,3
218,313,30.8,81.1,1160,5.789,0,3
218,313,30.8,81.2,1160,5.789,0,3
218,313,30.8,81.2,1160,5.789,0,3
218,313,30.8,81.2,1161,5.789,0,3
218,313,30.8,81.2,1161,5.789,0,3
218,314,30.8,81.2,1161,5.789,0,3
218,314,30.8,81.3,1161,5.789,0,3
218,314,30.8,81.3,1161,5.789,0,3
218,314,30.8,81.3,1161,5.789,0,3
218,314,30.8,81.3,1161,5.789,0,3
218,314,30.8,81.3,1161,5.789,0,3
218,314,30.8,81.4,1161,5.789,0,3
218,314,30.8,81.4,1161,5.789,0,3
218,314,30.8,81.4,1161,5.789,0,3
218,314,30.8,81.4,1161,5.789,0,3
218,314,30.8,81.4,1162,5.789,0,3
218,314,30.8,81.5,1162,5.789,0,3
218,314,30.8,81.5,1162,5.789,0,3
218,314,30.8,81.5,1162,5.789,0,3
217,315,30.8,81.5,1162,5.789,0,3
217,315,30.8,81.5,1162,5.789,0,3
217,315,30.8,81.6,1162,5.789,0,3
217,315,30.8,81.6,1162,5.789,0,3
217,315,30.8,81.6,1162,5.789,0,3
217,315,30.8,81.6,1162,5.789,0,3
217,315,30.8,81.6,1162,5.789,0,3
217,315,30.8,81.7,1162,5.789,0,3
217,315,30.8,81.7,1163,5.789,0,3
217,315,30.8,81.7,1163,5.789,0,3
217,315,30.8,81.7,1163,5.789,0,3
217,315,30.8,81.7,1163,5.789,0,3
217,315,30.8,81.8,1163,5.789,0,3
217,316,30.8,81.8,1163,5.789,0,3
217,316,30.8,81.8,1163,5.789,0,3
217,316,30.8,81.8,1163,5.789,0,3
217,316,30.8,81.9,1163,5.789,0,3
217,316,30.7,81.9,1163,5.789,0,3
217,316,30.7,81.9,1163,5.789,0,3
217,316,30.7,81.9,1163,5.789,0,3
217,316,30.7,81.9,1164,5.789,0,3
217,316,30.7,82.0,1164,5.789,0,3
217,316,30.7,82.0,1164,5.789,0,3
217,316,30.7,82.0,1164,5.789,0,3
217,316,30.7,82.0,1164,5.789,0,3
217,316,30.7,82.0,1164,5.789,0,3
217,316,30.7,82.1,1164,5.789,0,3
217,317,30.7,82.1,1164,5.789,0,3
217,317,30.7,82.1,1164,5.789,0,3
217,317,30.7,82.1,1164,5.789,0,3
217,317,30.7,82.1,1164,5.789,0,3
217,317,30.7,82.2,1164,5.789,0,3
217,317,30.7,82.2,1165,5.789,0,3
217,317,30.7,82.2,1165,5.789,0,3
217,317,30.7,82.2,1165,5.789,0,3
217,317,30.7,82.2,1165,5.789,0,3
217,317,30.7,82.3,1165,5.789,0,3
217,317,30.7,82.3,1165,5.789,0,3
217,317,30.7,82.3,1165,5.789,0,3
217,317,30.7,82.3,1165,5.789,0,3
217,317,30.7,82.3,1165,5.789,0,3
217,318,30.7,82.4,1165,5.789,0,3
217,318,30.7,82.4,1165,5.789,0,3
217,318,30.7,82.4,1165,5.789,0,3
216,318,30.7,82.4,1166,5.802,0,3
216,318,30.7,82.4,1166,5.802,0,3
216,318,30.7,82.5,1166,5.802,0,3
216,318,30.7,82.5,1166,5.802,0,3
216,318,30.7,82.5,1166,5.802,0,3
216,318,30.7,82.5,1166,5.802,0,3
216,318,30.7,82.5,1166,5.802,0,3
216,318,30.7,82.6,1166,5.802,0,3
216,318,30.7,82.6,1166,5.802,0,3
216,318,30.7,82.6,1166,5.802,0,3
216,318,30.7,82.6,1166,5.802,0,3
216,319,30.7,82.6,1166,5.802,0,3
216,319,30.7,82.7,1167,5.802,0,3
216,319,30.7,82.7,1167,5.802,0,3
216,319,30.7,82.7,1167,5.802,0,3
216,319,30.7,82.7,1167,5.802,0,3
216,319,30.7,82.8,1167,5.802,0,3
216,319,30.7,82.8,1167,5.802,0,3
216,319,30.7,82.8,1167,5.802,0,3
216,319,30.7,82.8,1167,5.802,0,3
216,319,30.7,82.8,1167,5.802,0,3
216,319,30.7,82.9,1167,5.802,0,3
216,319,30.7,82.9,1167,5.802,0,3
216,319,30.7,82.9,1167,5.802,0,3
216,319,30.7,82.9,1168,5.802,0,3
216,320,30.7,82.9,1168,5.802,0,3
216,320,30.7,83.0,1168,5.802,0,3
216,320,30.7,83.0,1168,5.802,0,3
216,320,30.7,83.0,1168,5.802,0,3
216,320,30.7,83.0,1168,5.802,0,3
216,320,30.7,83.0,1168,5.802,0,3
216,320,30.7,83.1,1168,5.802,0,3
216,320,30.7,83.1,1168,5.802,0,3
216,320,30.7,83.1,1168,5.802,0,3
216,320,30.7,83.1,1168,5.802,0,3
216,320,30.7,83.1,1168,5.802,0,3
216,320,30.7,83.2,1169,5.802,0,3
216,320,30.7,83.2,1169,5.802,0,3
216,321,30.7,83.2,1169,5.802,0,3
216,321,30.7,83.2,1169,5.802,0,3
216,321,30.7,83.2,1169,5.802,0,3
216,321,30.7,83.3,1169,5.802,0,3
216,321,30.7,83.3,1169,5.802,0,3
216,321,30.7,83.3,1169,5.802,0,3
216,321,30.7,83.3,1169,5.802,0,3
215,321,30.7,83.3,1169,5.802,0,3
215,321,30.6,83.4,1169,5.802,0,3
215,321,30.6,83.4,1169,5.802,0,3
215,321,30.6,83.4,1170,5.802,0,3
215,321,30.6,83.4,1170,5.802,0,3
215,321,30.6,83.4,1170,5.802,0,3
215,321,30.6,83.5,1170,5.802,0,3
215,322,30.6,83.5,1170,5.802,0,3
215,322,30.6,83.5,1170,5.802,0,3
215,322,30.6,83.5,1170,5.802,0,3
215,322,30.6,83.6,1170,5.802,0,3
215,322,30.6,83.6,1170,5.802,0,3
215,322,30.6,83.6,1170,5.802,0,3
215,322,30.6,83.6,1170,5.802,0,3
215,322,30.6,83.6,1170,5.802,0,3
215,322,30.6,83.7,1171,5.802,0,3
215,322,30.6,83.7,1171,5.802,0,3
215,322,30.6,83.7,1171,5.802,0,3
215,322,30.6,83.7,1171,5.802,0,3
215,322,30.6,83.7,1171,5.802,0,3
215,322,30.6,83.8,1171,5.802,0,3
215,323,30.6,83.8,1171,5.802,0,3
215,323,30.6,83.8,1171,5.802,0,3
215,323,30.6,83.8,1171,5.802,0,3
215,323,30.6,83.8,1171,5.802,0,3
215,323,30.6,83.9,1171,5.802,0,3
215,323,30.6,83.9,1171,5.802,0,3
215,323,30.6,83.9,1172,5.802,0,3
215,323,30.6,83.9,1172,5.802,0,3
215,323,30.6,83.9,1172,5.802,0,3
215,323,30.6,84.0,1172,5.802,0,3
215,323,30.6,84.0,1172,5.802,0,3
215,323,30.6,84.0,1172,5.802,0,3
215,323,30.6,84.0,1172,5.802,0,3
215,323,30.6,84.0,1172,5.802,0,3
215,324,30.6,84.1,1172,5.802,0,3
215,324,30.6,84.1,1172,5.802,0,3
215,324,30.6,84.1,1172,5.802,0,3
215,324,30.6,84.1,1172,5.802,0,3
215,324,30.6,84.1,1173,5.802,0,3
215,324,30.6,84.2,1173,5.802,0,3
215,324,30.6,84.2,1173,5.802,0,3
215,324,30.6,84.2,1173,5.802,0,3
215,324,30.6,84.2,1173,5.802,0,3
214,324,30.6,84.2,1173,5.802,0,3
214,324,30.6,84.3,1173,5.802,0,3
214,324,30.6,84.3,1173,5.802,0,3
214,324,30.6,84.3,1173,5.802,0,3
214,325,30.6,84.3,1173,5.802,0,3
214,325,30.6,84.4,1173,5.802,0,3
214,325,30.6,84.4,1173,5.802,0,3
214,325,30.6,84.4,1174,5.802,0,3
214,325,30.6,84.4,1174,5.802,0,3
214,325,30.6,84.4,1174,5.802,0,3
214,325,30.6,84.5,1174,5.802,0,3
214,325,30.6,84.5,1174,5.802,0,3
214,325,30.6,84.5,1174,5.802,0,3
214,325,30.6,84.5,1174,5.802,0,3
214,325,30.6,84.5,1174,5.802,0,3
214,325,30.6,84.6,1174,5.802,0,3
214,325,30.6,84.6,1174,5.802,0,3
214,325,30.6,84.6,1174,5.802,0,3
214,326,30.6,84.6,1174,5.802,0,3
214,326,30.6,84.6,1175,5.802,0,3
214,326,30.6,84.7,1175,5.802,0,3
214,326,30.6,84.7,1175,5.802,0,3
214,326,30.6,84.7,1175,5.802,0,3
214,326,30.6,84.7,1175,5.802,0,3
214,326,30.6,84.7,1175,5.802,0,3
214,326,30.6,84.8,1175,5.802,0,3
214,326,30.6,84.8,1175,5.802,0,3
214,326,30.6,84.8,1175,5.802,0,3
214,326,30.6,84.8,1175,5.802,0,3
214,326,30.6,84.8,1175,5.802,0,3
214,326,30.5,84.9,1175,5.802,0,3
214,326,30.5,84.9,1176,5.802,0,3
214,327,30.5,84.9,1176,5.802,0,3
214,327,30.5,84.9,1176,5.802,0,3
214,327,30.5,84.9,1176,5.802,0,3
214,327,30.5,85.0,1176,5.802,0,3
214,327,30.5,85.0,1176,5.802,0,3
214,327,30.5,85.0,1176,5.802,0,3
214,327,30.5,85.0,1176,5.802,0,3
214,327,30.5,85.0,1176,5.802,0,3
214,327,30.5,85.1,1176,5.802,0,3
214,327,30.5,85.1,1176,5.802,0,3
214,327,30.5,85.1,1176,5.802,0,3
214,327,30.5,85.1,1177,5.802,0,3
213,327,30.5,85.1,1177,5.802,0,3
213,327,30.5,85.2,1177,5.802,0,3
213,328,30.5,85.2,1177,5.802,0,3
213,328,30.5,85.2,1177,5.802,0,3
213,328,30.5,85.2,1177,5.802,0,3
213,328,30.5,85.3,1177,5.802,0,3
213,328,30.5,85.3,1177,5.802,0,3
213,328,30.5,85.3,1177,5.802,0,3
213,328,30.5,85.3,1177,5.802,0,3
213,328,30.5,85.3,1177,5.802,0,3
213,328,30.5,85.4,1177,5.802,0,3
213,328,30.5,85.4,1178,5.802,0,3
213,328,30.5,85.4,1178,5.802,0,3
213,328,30.5,85.4,1178,5.802,0,3
213,328,30.5,85.4,1178,5.802,0,3
213,328,30.5,85.5,1178,5.802,0,3
213,329,30.5,85.5,1178,5.802,0,3
213,329,30.5,85.5,1178,5.802,0,3
213,329,30.5,85.5,1178,5.802,0,3
213,329,30.5,85.5,1178,5.802,0,3
213,329,30.5,85.6,1178,5.802,0,3
213,329,30.5,85.6,1178,5.802,0,3
213,329,30.5,85.6,1178,5.802,0,3
213,329,30.5,85.5,1179,5.802,0,3
211,328,30.6,85.4,1179,5.802,0,3
207,328,30.6,85.4,1179,5.802,0,3
208,328,30.5,85.3,1179,5.802,0,3
206,328,30.6,85.2,1179,5.802,0,3
212,323,30.6,85.2,1179,5.802,0,3
214,322,30.6,85.0,1179,5.802,0,3
218,330,30.6,85.1,1179,5.802,0,3
217,333,30.6,85.1,1179,5.802,0,3
217,329,30.6,85.0,1179,5.802,0,3
217,328,30.6,84.9,1179,5.802,0,3
217,323,30.6,85.0,1179,5.802,0,3
217,327,30.6,85.0,1180,5.802,0,3
217,331,30.6,85.2,1180,5.802,0,3
217,317,30.6,85.2,1180,5.802,0,3
210,318,30.6,85.4,1180,5.802,0,3
210,321,30.6,85.5,1180,5.802,0,3
217,330,30.6,85.5,1180,5.802,0,3
220,331,30.6,85.5,1180,5.802,0,3
217,331,30.6,85.3,1180,5.802,0,3
214,320,30.6,85.2,1180,5.802,0,3
215,318,30.6,84.9,1180,5.802,0,3
213,318,30.6,84.8,1180,5.802,0,3
209,315,30.6,84.8,1180,5.802,0,3
220,328,30.7,84.9,1181,5.802,0,3
219,331,30.7,85.1,1181,5.802,0,3
220,329,30.6,85.1,1181,5.802,0,3
222,329,30.7,85.1,1181,5.802,0,3
220,329,30.7,85.3,1181,5.802,0,3
223,329,30.7,85.4,1181,5.802,0,3
223,335,30.7,85.5,1181,5.802,0,3
220,337,30.7,85.4,1181,5.802,0,3
217,328,30.7,85.4,1181,5.802,0,3
213,327,30.7,85.3,1181,5.802,0,3
221,336,30.7,85.3,1181,5.802,0,3
219,328,30.7,85.2,1181,5.802,0,3
217,328,30.7,85.2,1182,5.802,0,3
225,337,30.7,85.2,1182,5.802,0,3
224,336,30.7,85.1,1182,5.802,0,3
225,336,30.7,85.0,1182,5.802,0,3
217,324,30.7,84.9,1182,5.802,0,3
216,321,30.7,84.8,1182,5.802,0,3
227,323,30.7,84.7,1182,5.802,0,3
232,323,30.7,84.7,1182,5.802,0,3
223,334,30.7,84.7,1182,5.802,0,3
228,333,30.7,84.7,1182,5.802,0,3
227,332,30.7,84.6,1182,5.802,0,3
225,332,30.7,84.5,1182,5.802,0,3
224,320,30.8,84.4,1183,5.802,0,3
222,318,30.8,84.3,1183,5.802,0,3
219,318,30.7,84.1,1183,5.802,0,3
219,317,30.8,84.3,1183,5.802,0,3
221,319,30.8,84.3,1183,5.802,0,3
217,319,30.8,84.4,1183,5.802,0,3
215,314,30.8,84.4,1183,5.802,0,3
228,327,30.8,84.3,1183,5.802,0,3
232,327,30.8,84.1,1183,5.802,0,3
216,311,30.8,83.9,1183,5.802,0,3
216,313,30.8,83.8,1183,5.802,0,3
215,315,30.8,83.6,1183,5.802,0,3
216,312,30.8,83.7,1184,5.802,0,3
216,310,30.8,83.8,1184,5.802,0,3
214,307,30.8,83.9,1184,5.802,0,3
210,307,30.8,83.6,1184,5.802,0,3
209,306,30.8,82.8,1184,5.802,0,3
212,306,30.8,82.3,1184,5.802,0,3
207,307,30.8,81.8,1184,5.802,0,3
217,316,30.8,81.5,1184,5.802,0,3
218,314,30.8,81.1,1184,5.802,0,3
214,313,30.8,80.8,1184,5.802,0,3
215,309,30.8,80.6,1184,5.802,0,3
213,296,30.8,80.0,1184,5.802,0,3
215,292,30.8,79.4,1185,5.802,0,3
203,292,30.8,78.8,1185,5.802,0,3
203,292,30.8,77.8,1185,5.802,0,3
215,293,30.8,77.3,1185,5.802,0,3
215,288,30.8,77.0,1185,5.802,0,3
211,288,30.8,76.4,1185,5.802,0,3
212,288,30.8,76.2,1185,5.802,0,3
211,286,30.8,76.4,1185,5.802,0,3
210,288,30.8,76.6,1185,5.802,0,3
203,287,30.8,77.2,1185,5.802,0,3
208,276,30.8,77.6,1185,5.802,0,3
204,275,30.8,78.2,1185,5.802,0,3
204,279,30.8,78.7,1186,5.802,0,3
214,292,30.8,79.0,1186,5.802,0,3
212,291,30.8,79.6,1186,5.802,0,3
214,294,30.8,79.9,1186,5.802,0,3
213,296,30.8,80.2,1186,5.802,0,3
215,296,30.8,80.5,1186,5.802,0,3
219,296,30.8,81.0,1186,5.802,0,3
207,292,30.8,81.2,1186,5.802,0,3
209,294,30.8,81.4,1186,5.802,0,3
208,296,30.8,81.7,1186,5.802,0,3
219,309,30.8,81.9,1186,5.802,0,3
221,307,30.8,82.1,1186,5.802,0,3
223,311,30.8,82.2,1187,5.802,0,3
223,315,30.8,82.5,1187,5.802,0,3
223,318,30.8,82.7,1187,5.802,0,3
225,318,30.9,82.8,1187,5.802,0,3
223,316,30.8,83.0,1187,5.802,0,3
224,317,30.8,83.2,1187,5.802,0,3
225,318,30.9,83.3,1187,5.802,0,3
225,327,30.9,83.4,1187,5.802,0,3
229,328,30.8,83.6,1187,5.802,0,3
231,327,30.9,83.7,1187,5.802,0,3
225,329,30.9,83.8,1187,5.802,0,3
225,330,30.9,83.9,1187,5.802,0,3
228,329,30.9,84.0,1188,5.802,0,3
221,329,30.9,84.1,1188,5.802,0,3
219,329,30.9,84.2,1188,5.802,0,3
225,323,30.9,84.3,1188,5.802,0,3
224,323,30.9,84.4,1188,5.802,0,3
233,334,30.9,84.4,1188,5.802,0,3
231,333,30.9,84.4,1188,5.802,0,3
224,321,30.9,84.4,1188,5.802,0,3
227,324,30.9,84.4,1188,5.802,0,3
224,325,30.9,84.5,1188,5.802,0,3
225,336,30.9,84.5,1188,5.802,0,3
225,339,30.9,84.7,1188,5.802,0,3
225,339,30.9,84.7,1189,5.802,0,3
222,328,30.9,84.7,1189,5.802,0,3
225,328,30.9,84.7,1189,5.802,0,3
234,339,30.9,84.7,1189,5.802,0,3
234,340,30.9,84.7,1189,5.802,0,3
234,340,30.9,84.7,1189,5.802,0,3
223,330,30.9,84.8,1189,5.802,0,3
225,329,30.9,84.9,1189,5.802,0,3
223,332,30.9,84.9,1189,5.802,0,3
234,340,30.9,85.0,1189,5.802,0,3
232,340,30.9,85.0,1189,5.802,0,3
236,346,30.9,85.1,1189,5.802,0,3
237,348,30.9,85.2,1190,5.802,0,3
235,349,30.9,85.2,1190,5.802,0,3
230,347,30.9,85.3,1190,5.802,0,3
233,347,30.9,85.4,1190,5.802,0,3
236,348,30.9,85.3,1190,5.802,0,3
236,349,30.9,85.3,1190,5.802,0,3
231,339,30.9,85.3,1190,5.802,0,3
231,340,30.9,85.3,1190,5.802,0,3
239,348,30.9,85.3,1190,5.802,0,3
239,349,30.9,85.4,1190,5.802,0,3
238,351,30.9,85.5,1190,5.802,0,3
240,354,30.9,85.5,1190,5.802,0,3
237,354,30.9,85.6,1191,5.802,0,3
240,353,30.9,85.7,1191,5.802,0,3
240,353,30.9,85.8,1191,5.802,0,3
240,354,30.9,85.8,1191,5.802,0,3
240,355,31.0,86.0,1191,5.802,0,3
243,357,31.0,86.1,1191,5.802,0,3
241,356,31.0,86.1,1191,5.802,0,3
240,356,31.0,86.2,1191,5.802,0,3
244,357,31.0,86.3,1191,5.802,0,3
242,358,31.0,86.3,1191,5.802,0,3
242,356,31.0,86.4,1191,5.802,0,3
243,358,31.0,86.4,1191,5.802,0,3
243,356,31.0,86.4,1192,5.802,0,3
234,355,31.0,86.4,1192,5.802,0,3
234,356,31.0,86.4,1192,5.802,0,3
243,356,31.0,86.3,1192,5.802,0,3
244,344,31.0,86.2,1192,5.802,0,3
247,343,31.0,86.1,1192,5.802,0,3
250,359,31.0,86.1,1192,5.802,0,3
250,360,31.0,86.2,1192,5.802,0,3
248,361,31.0,86.2,1192,5.802,0,3
248,361,31.0,86.3,1192,5.802,0,3
247,361,31.0,86.3,1192,5.802,0,3
249,360,31.0,86.5,1192,5.802,0,3
248,361,31.0,86.5,1193,5.802,0,3
247,359,31.0,86.6,1193,5.802,0,3
247,359,31.0,86.6,1193,5.802,0,3
249,361,31.0,86.7,1193,5.802,0,3
248,364,31.0,86.8,1193,5.802,0,3
249,362,31.0,86.8,1193,5.802,0,3
250,359,31.0,86.8,1193,5.802,0,3
250,358,31.0,87.0,1193,5.802,0,3
236,354,31.0,86.9,1193,5.802,0,3
237,356,31.0,87.0,1193,5.802,0,3
243,353,31.0,87.0,1193,5.802,0,3
243,354,31.0,87.0,1193,5.802,0,3
239,354,31.0,87.1,1194,5.802,0,3
243,357,31.0,87.1,1194,5.802,0,3
247,358,31.1,87.2,1194,5.802,0,3
250,366,31.0,87.3,1194,5.802,0,3
251,366,31.0,87.3,1194,5.802,0,3
251,366,31.0,87.4,1194,5.802,0,3
251,368,31.0,87.4,1194,5.802,0,3
250,369,31.0,87.5,1194,5.802,0,3
252,369,31.0,87.5,1194,5.802,0,3
251,367,31.1,87.4,1194,5.802,0,3
251,369,31.1,87.4,1194,5.802,0,3
251,369,31.0,87.4,1194,5.802,0,3
251,369,31.1,87.4,1195,5.802,0,3
245,369,31.1,87.4,1195,5.802,0,3
249,369,31.1,87.3,1195,5.802,0,3
252,371,31.0,87.3,1195,5.802,0,3
251,368,31.1,87.3,1195,5.802,0,3
252,370,31.1,87.4,1195,5.802,0,3
251,369,31.1,87.4,1195,5.802,0,3
252,370,31.1,87.5,1195,5.802,0,3
252,369,31.1,87.6,1195,5.802,0,3
252,369,31.1,87.7,1195,5.802,0,3
252,368,31.0,87.7,1195,5.802,0,3
253,365,31.1,87.8,1195,5.802,0,3
252,365,31.1,87.9,1196,5.821,0,3
254,369,31.1,87.8,1196,5.821,0,3
252,366,31.1,87.8,1196,5.821,0,3
252,364,31.1,87.7,1196,5.821,0,3
243,365,31.1,87.7,1196,5.821,0,3
240,365,31.1,87.7,1196,5.821,0,3
244,365,31.1,87.7,1196,5.821,0,3
253,368,31.1,87.7,1196,5.821,0,3
253,365,31.1,87.8,1196,5.821,0,3
249,365,31.1,87.9,1196,5.821,0,3
258,369,31.1,88.0,1196,5.821,0,3
256,366,31.1,88.1,1196,5.821,0,3
255,367,31.1,88.0,1197,5.821,0,3
257,371,31.1,88.0,1197,5.821,0,3
256,370,31.1,88.0,1197,5.821,0,3
256,370,31.1,88.1,1197,5.821,0,3
256,370,31.1,88.1,1197,5.821,0,3
257,372,31.1,88.1,1197,5.821,0,3
255,370,31.1,88.2,1197,5.821,0,3
259,373,31.1,88.2,1197,5.821,0,3
258,370,31.1,88.2,1197,5.821,0,3
256,370,31.1,88.2,1197,5.821,0,3
250,359,31.1,88.1,1197,5.821,0,3
247,359,31.1,88.1,1197,5.821,0,3
256,364,31.1,88.0,1198,5.821,0,3
253,359,31.1,88.1,1198,5.821,0,3
258,359,31.1,88.1,1198,5.821,0,3
255,359,31.1,88.2,1198,5.821,0,3
249,359,31.1,88.2,1198,5.821,0,3
250,359,31.1,88.3,1198,5.821,0,3
259,374,31.1,88.4,1198,5.821,0,3
263,375,31.1,88.4,1198,5.821,0,3
261,375,31.1,88.5,1198,5.821,0,3
260,374,31.1,88.4,1198,5.821,0,3
259,372,31.1,88.4,1198,5.821,0,3
259,369,31.1,88.4,1198,5.821,0,3
260,370,31.1,88.3,1199,5.821,0,3
259,373,31.1,88.3,1199,5.821,0,3
260,372,31.1,88.3,1199,5.821,0,3
261,373,31.1,88.3,1199,5.821,0,3
260,375,31.1,88.3,1199,5.821,0,3
260,373,31.2,88.3,1199,5.821,0,3
263,374,31.2,88.3,1199,5.821,0,3
261,373,31.1,88.3,1199,5.821,0,3
256,374,31.1,88.3,1199,5.821,0,3
252,375,31.2,88.3,1199,5.821,0,3
250,360,31.2,88.4,1199,5.821,0,3
252,362,31.2,88.4,1199,5.821,0,3
252,361,31.1,88.4,1200,5.821,0,3
251,360,31.1,88.4,1200,5.821,0,3
252,362,31.2,88.4,1200,5.821,0,3
250,362,31.1,88.3,1200,5.821,0,3
252,367,31.2,88.3,1200,5.821,0,3
252,367,31.2,88.3,1200,5.821,0,3
263,374,31.2,88.4,1200,5.821,0,3
264,375,31.2,88.3,1200,5.821,0,3
253,375,31.2,88.2,1200,5.821,0,3
252,362,31.2,88.2,1200,5.821,0,3
252,359,31.2,88.2,1200,5.821,0,3
252,364,31.2,88.3,1200,5.821,0,3
264,375,31.2,88.3,1201,5.821,0,3
264,375,31.2,88.3,1201,5.821,0,3
263,375,31.2,88.4,1201,5.821,0,3
262,371,31.2,88.4,1201,5.821,0,3
265,373,31.2,88.3,1201,5.821,0,3
263,375,31.2,88.3,1201,5.821,0,3
263,374,31.2,88.2,1201,5.821,0,3
263,368,31.2,88.2,1201,5.821,0,3
263,363,31.2,88.2,1201,5.821,0,3
263,375,31.2,88.1,1201,5.821,0,3
265,374,31.2,88.1,1201,5.821,0,3
263,366,31.2,88.1,1201,5.821,0,3
263,366,31.2,88.2,1202,5.821,0,3
263,368,31.2,88.3,1202,5.821,0,3
264,372,31.2,88.4,1202,5.821,0,3
258,360,31.2,88.5,1202,5.821,0,3
254,363,31.2,88.5,1202,5.821,0,3
265,375,31.2,88.6,1202,5.821,0,3
265,371,31.2,88.6,1202,5.821,0,3
265,378,31.2,88.7,1202,5.821,0,3
265,379,31.2,88.7,1202,5.821,0,3
265,378,31.2,88.7,1202,5.821,0,3
265,368,31.2,88.8,1202,5.821,0,3
266,366,31.2,88.7,1202,5.821,0,3
266,380,31.2,88.8,1203,5.821,0,3
265,378,31.2,88.7,1203,5.821,0,3
266,379,31.2,88.6,1203,5.821,0,3
259,365,31.2,88.6,1203,5.821,0,3
255,366,31.2,88.6,1203,5.821,0,3
265,375,31.2,88.5,1203,5.821,0,3
263,372,31.2,88.6,1203,5.821,0,3
262,374,31.2,88.7,1203,5.821,0,3
262,374,31.2,88.8,1203,5.821,0,3
264,375,31.2,88.8,1203,5.821,0,3
262,373,31.2,88.8,1203,5.821,0,3
261,368,31.2,88.8,1203,5.821,0,3
268,379,31.2,88.7,1204,5.821,0,3
269,382,31.2,88.8,1204,5.821,0,3
270,375,31.2,88.8,1204,5.821,0,3
268,379,31.2,88.8,1204,5.821,0,3
265,378,31.2,88.8,1204,5.821,0,3
268,378,31.2,88.7,1204,5.821,0,3
268,378,31.2,88.7,1204,5.821,0,3
269,378,31.2,88.7,1204,5.821,0,3
262,365,31.2,88.6,1204,5.821,0,3
260,362,31.2,88.3,1204,5.821,0,3
272,375,31.2,88.1,1204,5.821,0,3
268,376,31.2,88.0,1204,5.821,0,3
266,375,31.2,87.9,1205,5.821,0,3
268,375,31.2,87.9,1205,5.821,0,3
268,375,31.2,88.0,1205,5.821,0,3
262,364,31.2,88.0,1205,5.821,0,3
267,359,31.2,88.1,1205,5.821,0,3
267,362,31.2,88.1,1205,5.821,0,3
267,364,31.2,88.1,1205,5.821,0,3
265,362,31.2,88.0,1205,5.821,0,3
266,363,31.2,87.8,1205,5.821,0,3
267,369,31.2,87.7,1205,5.821,0,3
267,374,31.2,87.6,1205,5.821,0,3
267,374,31.2,87.5,1205,5.821,0,3
269,374,31.2,87.6,1206,5.821,0,3
268,375,31.2,87.8,1206,5.821,0,3
269,377,31.2,87.9,1206,5.821,0,3
267,377,31.2,88.2,1206,5.821,0,3
267,375,31.2,88.2,1206,5.821,0,3
268,378,31.2,88.3,1206,5.821,0,3
268,379,31.2,88.1,1206,5.821,0,3
268,375,31.2,88.0,1206,5.821,0,3
268,375,31.2,87.9,1206,5.821,0,3
268,375,31.2,87.8,1206,5.821,0,3
270,370,31.2,87.5,1206,5.821,0,3
269,369,31.2,87.4,1206,5.821,0,3
263,359,31.2,87.5,1207,5.821,0,3
260,360,31.2,87.6,1207,5.821,0,3
268,365,31.2,87.6,1207,5.821,0,3
263,360,31.2,87.7,1207,5.821,0,3
269,375,31.2,87.9,1207,5.821,0,3
271,376,31.2,88.0,1207,5.821,0,3
271,375,31.3,88.1,1207,5.821,0,3
269,377,31.2,88.1,1207,5.821,0,3
268,366,31.3,88.2,1207,5.821,0,3
271,365,31.3,88.3,1207,5.821,0,3
271,378,31.3,88.4,1207,5.821,0,3
272,379,31.3,88.5,1207,5.821,0,3
274,379,31.2,88.6,1208,5.821,0,3
272,381,31.3,88.8,1208,5.821,0,3
271,383,31.3,88.9,1208,5.821,0,3
273,380,31.3,89.0,1208,5.821,0,3
275,384,31.3,89.1,1208,5.821,0,3
276,385,31.3,89.1,1208,5.821,0,3
274,384,31.3,89.1,1208,5.821,0,3
276,387,31.3,88.9,1208,5.821,0,3
275,386,31.3,88.9,1208,5.821,0,3
272,381,31.3,88.8,1208,5.821,0,3
275,386,31.3,88.7,1208,5.821,0,3
276,386,31.3,88.7,1208,5.821,0,3
264,375,31.3,88.7,1209,5.821,0,3
265,374,31.3,88.8,1209,5.821,0,3
283,384,31.3,88.9,1209,5.821,0,3
279,384,31.3,89.0,1209,5.821,0,3
281,390,31.3,89.0,1209,5.821,0,3
280,390,31.3,89.1,1209,5.821,0,3
279,375,31.3,89.2,1209,5.821,0,3
278,377,31.3,89.2,1209,5.821,0,3
279,387,31.3,89.1,1209,5.821,0,3
265,388,31.3,89.1,1209,5.821,0,3
267,381,31.3,89.0,1209,5.821,0,3
279,381,31.3,88.9,1209,5.821,0,3
284,385,31.3,88.9,1210,5.821,0,3
279,386,31.3,88.8,1210,5.821,0,3
279,386,31.3,88.8,1210,5.821,0,3
276,386,31.3,88.7,1210,5.821,0,3
279,385,31.3,88.7,1210,5.821,0,3
279,386,31.3,88.7,1210,5.821,0,3
278,387,31.3,88.7,1210,5.821,0,3
279,385,31.3,88.8,1210,5.821,0,3
276,386,31.3,88.9,1210,5.821,0,3
278,387,31.3,89.0,1210,5.821,0,3
276,386,31.3,89.0,1210,5.821,0,3
280,387,31.3,88.9,1210,5.821,0,3
285,390,31.3,88.6,1211,5.821,0,3
277,385,31.3,88.6,1211,5.821,0,3
281,384,31.3,88.7,1211,5.821,0,3
280,389,31.3,88.7,1211,5.821,0,3
267,375,31.3,88.8,1211,5.821,0,3
271,375,31.3,88.9,1211,5.821,0,3
281,389,31.3,88.9,1211,5.821,0,3
281,392,31.3,89.1,1211,5.821,0,3
282,390,31.3,89.2,1211,5.821,0,3
284,391,31.3,89.2,1211,5.821,0,3
283,390,31.3,89.3,1211,5.821,0,3
284,390,31.3,89.4,1211,5.821,0,3
283,390,31.3,89.5,1212,5.821,0,3
280,390,31.3,89.5,1212,5.821,0,3
283,390,31.3,89.6,1212,5.821,0,3
283,390,31.3,89.8,1212,5.821,0,3
286,396,31.3,89.8,1212,5.821,0,3
286,393,31.3,89.7,1212,5.821,0,3
277,388,31.3,89.7,1212,5.821,0,3
277,388,31.3,89.7,1212,5.821,0,3
275,385,31.3,89.9,1212,5.821,0,3
271,386,31.3,89.9,1212,5.821,0,3
271,385,31.3,90.0,1212,5.821,0,3
275,386,31.3,90.0,1212,5.821,0,3
274,386,31.3,90.1,1213,5.821,0,3
274,385,31.3,90.0,1213,5.821,0,3
275,380,31.3,89.9,1213,5.821,0,3
286,392,31.3,89.7,1213,5.821,0,3
283,391,31.3,89.7,1213,5.821,0,3
286,395,31.3,89.7,1213,5.821,0,3
288,393,31.3,89.7,1213,5.821,0,3
286,394,31.3,89.8,1213,5.821,0,3
285,395,31.3,89.9,1213,5.821,0,3
286,394,31.3,89.9,1213,5.821,0,3
276,391,31.3,89.9,1213,5.821,0,3
275,392,31.3,89.9,1213,5.821,0,3
276,393,31.3,89.9,1214,5.821,0,3
276,391,31.3,89.8,1214,5.821,0,3
287,390,31.3,89.4,1214,5.821,0,3
292,395,31.3,88.8,1214,5.821,0,3
292,396,31.3,88.8,1214,5.821,0,3
292,391,31.3,88.7,1214,5.821,0,3
288,390,31.3,88.8,1214,5.821,0,3
288,390,31.3,89.1,1214,5.821,0,3
278,383,31.3,89.2,1214,5.821,0,3
278,379,31.3,89.2,1214,5.821,0,3
287,390,31.3,89.3,1214,5.821,0,3
288,390,31.3,89.4,1214,5.821,0,3
287,390,31.4,89.4,1215,5.821,0,3
287,390,31.3,89.4,1215,5.821,0,3
288,390,31.3,89.5,1215,5.821,0,3
286,392,31.3,89.6,1215,5.821,0,3
290,390,31.3,89.6,1215,5.821,0,3
287,391,31.3,89.6,1215,5.821,0,3
287,390,31.3,89.6,1215,5.821,0,3
288,390,31.3,89.6,1215,5.821,0,3
287,392,31.3,89.5,1215,5.821,0,3
286,389,31.3,89.4,1215,5.821,0,3
286,389,31.4,89.3,1215,5.821,0,3
274,376,31.3,89.1,1215,5.821,0,3
272,377,31.3,89.1,1216,5.821,0,3
288,388,31.4,89.1,1216,5.821,0,3
287,389,31.3,89.1,1216,5.821,0,3
287,390,31.4,89.1,1216,5.821,0,3
285,390,31.4,89.2,1216,5.821,0,3
287,390,31.4,89.3,1216,5.821,0,3
288,392,31.3,89.4,1216,5.821,0,3
288,390,31.4,89.6,1216,5.821,0,3
287,390,31.4,89.7,1216,5.821,0,3
286,393,31.4,89.7,1216,5.821,0,3
290,394,31.3,89.9,1216,5.821,0,3
280,392,31.4,90.0,1216,5.821,0,3
277,384,31.3,90.0,1217,5.821,0,3
279,383,31.4,90.0,1217,5.821,0,3
278,381,31.4,90.0,1217,5.821,0,3
280,381,31.4,89.9,1217,5.821,0,3
279,381,31.4,89.9,1217,5.821,0,3
288,382,31.3,90.0,1217,5.821,0,3
289,383,31.4,89.9,1217,5.821,0,3
274,380,31.4,89.7,1217,5.821,0,3
276,380,31.4,89.5,1217,5.821,0,3
287,391,31.4,89.3,1217,5.821,0,3
290,392,31.4,89.1,1217,5.821,0,3
276,377,31.4,88.5,1217,5.821,0,3
272,374,31.4,88.0,1218,5.821,0,3
286,379,31.4,88.0,1218,5.821,0,3
287,380,31.4,87.8,1218,5.821,0,3
286,380,31.4,87.9,1218,5.821,0,3
286,384,31.3,87.9,1218,5.821,0,3
286,385,31.4,88.1,1218,5.821,0,3
281,380,31.4,88.2,1218,5.821,0,3
287,381,31.4,88.1,1218,5.821,0,3
284,383,31.3,88.1,1218,5.821,0,3
283,375,31.4,88.1,1218,5.821,0,3
280,372,31.4,87.8,1218,5.821,0,3
279,365,31.4,87.6,1218,5.821,0,3
267,360,31.4,87.0,1219,5.821,0,3
267,359,31.4,86.3,1219,5.821,0,3
279,368,31.4,85.7,1219,5.821,0,3
278,364,31.3,85.1,1219,5.821,0,3
278,359,31.3,84.5,1219,5.821,0,3
275,357,31.3,84.2,1219,5.821,0,3
275,354,31.3,84.1,1219,5.821,0,3
275,354,31.3,84.2,1219,5.821,0,3
279,352,31.4,84.0,1219,5.821,0,3
276,343,31.3,83.8,1219,5.821,0,3
276,338,31.3,83.4,1219,5.821,0,3
276,333,31.3,83.3,1219,5.821,0,3
275,334,31.3,83.4,1220,5.821,0,3
276,336,31.3,83.6,1220,5.821,0,3
277,336,31.3,83.9,1220,5.821,0,3
266,330,31.3,83.6,1220,5.821,0,3
268,328,31.3,83.2,1220,5.821,0,3
273,326,31.4,83.0,1220,5.821,0,3
269,312,31.3,83.1,1220,5.821,0,3
272,312,31.3,83.1,1220,5.821,0,3
268,327,31.3,82.7,1220,5.821,0,3
270,327,31.3,82.4,1220,5.821,0,3
270,328,31.3,82.4,1220,5.821,0,3
270,328,31.3,82.6,1220,5.821,0,3
270,331,31.3,82.8,1221,5.821,0,3
271,336,31.3,83.0,1221,5.821,0,3
271,337,31.3,82.7,1221,5.821,0,3
271,337,31.3,82.3,1221,5.821,0,3
266,333,31.3,81.6,1221,5.821,0,3
271,332,31.3,81.3,1221,5.821,0,3
270,331,31.3,81.3,1221,5.821,0,3
270,330,31.3,81.6,1221,5.821,0,3
268,330,31.3,81.7,1221,5.821,0,3
269,329,31.3,81.9,1221,5.821,0,3
267,330,31.3,82.1,1221,5.821,0,3
269,328,31.3,82.2,1221,5.821,0,3
269,323,31.3,82.5,1222,5.821,0,3
271,333,31.3,82.7,1222,5.821,0,3
272,337,31.3,83.1,1222,5.821,0,3
264,328,31.3,83.4,1222,5.821,0,3
262,328,31.3,83.7,1222,5.821,0,3
262,328,31.3,83.7,1222,5.821,0,3
264,330,31.3,83.7,1222,5.821,0,3
260,329,31.3,83.7,1222,5.821,0,3
269,335,31.3,83.5,1222,5.821,0,3
267,333,31.3,82.2,1222,5.821,0,3
264,329,31.3,81.6,1222,5.821,0,3
260,313,31.3,81.4,1222,5.821,0,3
258,310,31.3,81.2,1223,5.821,0,3
268,320,31.3,81.2,1223,5.821,0,3
270,319,31.3,81.4,1223,5.821,0,3
265,320,31.3,81.9,1223,5.821,0,3
267,323,31.3,82.1,1223,5.821,0,3
268,327,31.3,82.3,1223,5.821,0,3
270,326,31.3,82.6,1223,5.821,0,3
268,323,31.3,82.9,1223,5.821,0,3
268,325,31.3,83.3,1223,5.821,0,3
264,322,31.3,83.5,1223,5.821,0,3
263,321,31.3,83.7,1223,5.821,0,3
271,330,31.3,83.7,1223,5.821,0,3
272,334,31.3,83.9,1224,5.821,0,3
271,332,31.3,84.1,1224,5.821,0,3
275,339,31.3,84.2,1224,5.821,0,3
275,337,31.3,84.1,1224,5.821,0,3
272,337,31.3,84.1,1224,5.821,0,3
270,338,31.3,84.1,1224,5.821,0,3
271,341,31.3,83.8,1224,5.821,0,3
271,339,31.3,83.5,1224,5.821,0,3
274,339,31.3,83.1,1224,5.821,0,3
272,338,31.3,83.0,1224,5.821,0,3
270,338,31.3,83.1,1224,5.821,0,3
271,338,31.3,83.2,1224,5.821,0,3
272,335,31.3,83.1,1225,5.821,0,3
271,338,31.3,83.0,1225,5.821,0,3
271,336,31.3,83.2,1225,5.821,0,3
271,338,31.3,83.3,1225,5.821,0,3
271,337,31.3,83.5,1225,5.821,0,3
272,333,31.3,83.6,1225,5.821,0,3
264,326,31.3,83.8,1225,5.821,0,3
264,328,31.3,84.2,1225,5.821,0,3
274,336,31.3,84.3,1225,5.821,0,3
277,336,31.3,84.4,1225,5.821,0,3
279,338,31.3,84.3,1225,5.821,0,3
279,338,31.3,84.1,1225,5.821,0,3
281,350,31.3,84.1,1226,5.831,0,3
279,348,31.3,84.1,1226,5.831,0,3
279,348,31.3,84.0,1226,5.831,0,3
265,336,31.3,84.2,1226,5.831,0,3
265,337,31.3,84.4,1226,5.831,0,3
267,337,31.3,84.6,1226,5.831,0,3
268,334,31.3,84.7,1226,5.831,0,3
267,336,31.4,84.8,1226,5.831,0,3
278,337,31.3,84.7,1226,5.831,0,3
278,335,31.4,84.6,1226,5.831,0,3
277,330,31.3,84.5,1226,5.831,0,3
276,346,31.3,84.4,1226,5.831,0,3
279,345,31.4,84.4,1227,5.831,0,3
278,344,31.3,84.6,1227,5.831,0,3
279,343,31.4,84.7,1227,5.831,0,3
278,341,31.3,84.8,1227,5.831,0,3
276,341,31.4,84.8,1227,5.831,0,3
281,343,31.4,85.0,1227,5.831,0,3
280,344,31.4,85.1,1227,5.831,0,3
281,342,31.4,85.0,1227,5.831,0,3
280,340,31.3,85.0,1227,5.831,0,3
279,339,31.3,85.0,1227,5.831,0,3
280,342,31.3,84.8,1227,5.831,0,3
279,342,31.4,84.7,1227,5.831,0,3
270,343,31.4,84.5,1228,5.831,0,3
266,333,31.3,84.4,1228,5.831,0,3
268,334,31.3,84.5,1228,5.831,0,3
268,335,31.4,84.6,1228,5.831,0,3
270,336,31.4,84.4,1228,5.831,0,3
268,338,31.3,84.1,1228,5.831,0,3
279,336,31.3,83.8,1228,5.831,0,3
280,334,31.3,83.9,1228,5.831,0,3
280,334,31.3,84.1,1228,5.831,0,3
282,345,31.3,84.2,1228,5.831,0,3
281,347,31.4,84.4,1228,5.831,0,3
282,352,31.4,84.6,1228,5.831,0,3
283,354,31.3,84.9,1229,5.831,0,3
284,347,31.4,85.1,1229,5.831,0,3
282,352,31.3,85.1,1229,5.831,0,3
284,353,31.3,85.2,1229,5.831,0,3
284,354,31.4,85.3,1229,5.831,0,3
282,356,31.3,85.5,1229,5.831,0,3
286,356,31.4,85.7,1229,5.831,0,3
285,357,31.4,85.8,1229,5.831,0,3
275,359,31.4,86.0,1229,5.831,0,3
275,357,31.4,86.1,1229,5.831,0,3
286,360,31.4,86.2,1229,5.831,0,3
288,362,31.4,86.4,1229,5.831,0,3
287,362,31.4,86.5,1230,5.831,0,3
285,362,31.4,86.6,1230,5.831,0,3
286,362,31.4,86.7,1230,5.831,0,3
287,365,31.4,86.7,1230,5.831,0,3
288,364,31.4,86.6,1230,5.831,0,3
288,364,31.4,86.5,1230,5.831,0,3
278,363,31.4,86.4,1230,5.831,0,3
275,364,31.4,86.4,1230,5.831,0,3
290,366,31.4,86.4,1230,5.831,0,3
288,366,31.4,86.6,1230,5.831,0,3
288,369,31.4,86.7,1230,5.831,0,3
280,361,31.4,86.9,1230,5.831,0,3
280,360,31.4,87.1,1231,5.831,0,3
276,361,31.4,87.3,1231,5.831,0,3
280,364,31.4,87.5,1231,5.831,0,3
294,365,31.4,87.5,1231,5.831,0,3
291,354,31.4,87.4,1231,5.831,0,3
292,359,31.4,87.1,1231,5.831,0,3
292,363,31.4,87.1,1231,5.831,0,3
292,365,31.4,87.1,1231,5.831,0,3
292,372,31.4,87.1,1231,5.831,0,3
293,372,31.4,86.9,1231,5.831,0,3
294,372,31.4,87.0,1231,5.831,0,3
292,372,31.4,87.0,1231,5.831,0,3
292,372,31.4,87.0,1232,5.831,0,3
291,371,31.4,87.1,1232,5.831,0,3
291,372,31.4,87.2,1232,5.831,0,3
291,372,31.4,87.2,1232,5.831,0,3
295,373,31.4,87.2,1232,5.831,0,3
290,372,31.4,87.0,1232,5.831,0,3
290,366,31.4,86.7,1232,5.831,0,3
290,361,31.4,86.2,1232,5.831,0,3
288,359,31.4,85.5,1232,5.831,0,3
290,358,31.4,85.3,1232,5.831,0,3
290,358,31.4,85.2,1232,5.831,0,3
291,354,31.4,85.2,1232,5.831,0,3
291,344,31.4,85.4,1233,5.831,0,3
291,343,31.4,85.6,1233,5.831,0,3
291,354,31.4,85.7,1233,5.831,0,3
291,354,31.4,85.8,1233,5.831,0,3
291,359,31.4,86.1,1233,5.831,0,3
292,362,31.4,86.3,1233,5.831,0,3
291,364,31.4,86.4,1233,5.831,0,3
292,364,31.4,86.4,1233,5.831,0,3
293,366,31.4,86.5,1233,5.831,0,3
280,358,31.4,86.6,1233,5.831,0,3
281,354,31.4,86.7,1233,5.831,0,3
281,349,31.4,86.7,1233,5.831,0,3
283,356,31.4,86.7,1234,5.831,0,3
280,356,31.4,86.9,1234,5.831,0,3
282,359,31.4,87.0,1234,5.831,0,3
285,360,31.4,87.5,1234,5.831,0,3
291,359,31.4,87.7,1234,5.831,0,3
296,371,31.4,87.6,1234,5.831,0,3
296,368,31.4,87.6,1234,5.831,0,3
295,366,31.4,87.5,1234,5.831,0,3
294,362,31.4,87.5,1234,5.831,0,3
295,363,31.4,87.4,1234,5.831,0,3
295,362,31.4,87.3,1234,5.831,0,3
296,363,31.4,87.2,1234,5.831,0,3
296,364,31.4,87.1,1235,5.831,0,3
294,354,31.4,86.8,1235,5.831,0,3
292,357,31.4,86.7,1235,5.831,0,3
294,359,31.4,86.4,1235,5.831,0,3
284,357,31.4,86.4,1235,5.831,0,3
284,359,31.4,86.5,1235,5.831,0,3
282,359,31.4,86.6,1235,5.831,0,3
286,359,31.4,86.7,1235,5.831,0,3
282,359,31.4,86.7,1235,5.831,0,3
294,373,31.4,86.9,1235,5.831,0,3
294,375,31.4,87.0,1235,5.831,0,3
296,375,31.4,87.3,1235,5.831,0,3
295,375,31.4,87.4,1236,5.831,0,3
295,376,31.4,87.4,1236,5.831,0,3
296,375,31.4,87.6,1236,5.831,0,3
282,377,31.4,87.7,1236,5.831,0,3
283,375,31.4,87.9,1236,5.831,0,3
287,371,31.4,88.0,1236,5.831,0,3
287,363,31.4,87.7,1236,5.831,0,3
285,362,31.4,87.5,1236,5.831,0,3
283,362,31.4,87.3,1236,5.831,0,3
287,362,31.4,87.0,1236,5.831,0,3
285,359,31.4,86.5,1236,5.831,0,3
285,361,31.4,86.2,1236,5.831,0,3
283,357,31.4,86.0,1237,5.831,0,3
285,352,31.4,85.7,1237,5.831,0,3
279,348,31.4,85.5,1237,5.831,0,3
281,346,31.4,85.1,1237,5.831,0,3
280,346,31.4,85.0,1237,5.831,0,3
288,344,31.4,85.2,1237,5.831,0,3
284,348,31.4,85.4,1237,5.831,0,3
294,359,31.4,85.5,1237,5.831,0,3
293,360,31.4,85.5,1237,5.831,0,3
284,354,31.4,85.5,1237,5.831,0,3
281,352,31.4,85.6,1237,5.831,0,3
296,365,31.4,85.9,1237,5.831,0,3
294,366,31.4,86.1,1238,5.831,0,3
294,370,31.4,86.4,1238,5.831,0,3
294,359,31.4,86.6,1238,5.831,0,3
290,360,31.4,86.8,1238,5.831,0,3
294,366,31.4,86.9,1238,5.831,0,3
284,362,31.4,86.9,1238,5.831,0,3
285,363,31.4,87.0,1238,5.831,0,3
296,373,31.4,87.1,1238,5.831,0,3
297,375,31.4,87.2,1238,5.831,0,3
296,375,31.4,87.3,1238,5.831,0,3
296,376,31.4,87.2,1238,5.831,0,3
288,375,31.4,87.0,1238,5.831,0,3
291,361,31.4,86.8,1239,5.831,0,3
288,364,31.4,86.9,1239,5.831,0,3
289,362,31.4,87.0,1239,5.831,0,3
288,364,31.4,87.1,1239,5.831,0,3
288,366,31.4,87.2,1239,5.831,0,3
296,378,31.4,87.3,1239,5.831,0,3
296,378,31.4,87.4,1239,5.831,0,3
298,379,31.4,87.5,1239,5.831,0,3
300,380,31.4,87.5,1239,5.831,0,3
298,378,31.4,87.5,1239,5.831,0,3
298,378,31.4,87.5,1239,5.831,0,3
297,380,31.4,87.7,1239,5.831,0,3
294,369,31.4,87.7,1240,5.831,0,3
298,372,31.4,87.7,1240,5.831,0,3
298,375,31.4,87.8,1240,5.831,0,3
298,379,31.4,87.7,1240,5.831,0,3
297,382,31.4,87.7,1240,5.831,0,3
297,383,31.4,87.8,1240,5.831,0,3
298,383,31.4,87.8,1240,5.831,0,3
298,385,31.4,87.8,1240,5.831,0,3
298,385,31.4,87.8,1240,5.831,0,3
299,387,31.5,87.8,1240,5.831,0,3
299,389,31.4,87.8,1240,5.831,0,3
306,390,31.4,88.0,1240,5.831,0,3
306,390,31.4,88.2,1241,5.831,0,3
306,391,31.4,88.3,1241,5.831,0,3
303,393,31.4,88.5,1241,5.831,0,3
302,390,31.4,88.6,1241,5.831,0,3
300,390,31.4,88.6,1241,5.831,0,3
303,391,31.4,88.7,1241,5.831,0,3
305,391,31.4,88.6,1241,5.831,0,3
301,391,31.4,88.7,1241,5.831,0,3
302,391,31.5,88.8,1241,5.831,0,3
304,393,31.5,88.9,1241,5.831,0,3
302,394,31.5,89.2,1241,5.831,0,3
302,392,31.5,89.2,1241,5.831,0,3
306,394,31.5,89.3,1242,5.831,0,3
303,395,31.5,89.3,1242,5.831,0,3
303,393,31.5,89.3,1242,5.831,0,3
302,393,31.5,89.2,1242,5.831,0,3
303,393,31.5,89.3,1242,5.831,0,3
305,395,31.5,89.2,1242,5.831,0,3
306,397,31.5,89.4,1242,5.831,0,3
306,400,31.5,89.5,1242,5.831,0,3
306,399,31.5,89.5,1242,5.831,0,3
307,400,31.5,89.5,1242,5.831,0,3
303,401,31.5,89.4,1242,5.831,0,3
306,397,31.5,89.3,1242,5.831,0,3
306,396,31.5,89.2,1243,5.831,0,3
305,394,31.5,89.2,1243,5.831,0,3
305,396,31.5,89.2,1243,5.831,0,3
305,396,31.5,89.2,1243,5.831,0,3
305,399,31.5,89.3,1243,5.831,0,3
305,395,31.5,89.3,1243,5.831,0,3
308,395,31.5,89.3,1243,5.831,0,3
305,395,31.5,89.2,1243,5.831,0,3
307,395,31.5,89.1,1243,5.831,0,3
307,395,31.5,89.1,1243,5.831,0,3
307,387,31.5,89.2,1243,5.831,0,3
307,387,31.5,89.3,1243,5.831,0,3
306,400,31.5,89.4,1244,5.831,0,3
309,401,31.5,89.6,1244,5.831,0,3
306,391,31.5,89.7,1244,5.831,0,3
306,390,31.5,89.6,1244,5.831,0,3
297,389,31.5,89.5,1244,5.831,0,3
298,385,31.5,89.4,1244,5.831,0,3
306,392,31.5,89.0,1244,5.831,0,3
307,391,31.5,88.9,1244,5.831,0,3
306,392,31.5,88.8,1244,5.831,0,3
310,394,31.5,88.9,1244,5.831,0,3
306,391,31.5,88.9,1244,5.831,0,3
306,393,31.5,88.8,1244,5.831,0,3
307,390,31.5,88.6,1245,5.831,0,3
307,390,31.5,88.5,1245,5.831,0,3
308,391,31.5,88.5,1245,5.831,0,3
308,390,31.5,88.4,1245,5.831,0,3
306,389,31.5,88.1,1245,5.831,0,3
307,381,31.5,87.7,1245,5.831,0,3
303,369,31.5,87.4,1245,5.831,0,3
306,368,31.5,87.3,1245,5.831,0,3
305,370,31.5,87.3,1245,5.831,0,3
304,366,31.5,87.4,1245,5.831,0,3
306,377,31.5,87.4,1245,5.831,0,3
305,377,31.5,87.5,1245,5.831,0,3
295,379,31.5,87.4,1246,5.831,0,3
294,366,31.5,87.3,1246,5.831,0,3
296,369,31.4,87.2,1246,5.831,0,3
307,379,31.4,87.2,1246,5.831,0,3
304,380,31.5,87.4,1246,5.831,0,3
305,380,31.5,87.6,1246,5.831,0,3
305,384,31.5,87.7,1246,5.831,0,3
305,383,31.5,88.0,1246,5.831,0,3
307,387,31.5,88.1,1246,5.831,0,3
306,389,31.5,88.4,1246,5.831,0,3
308,389,31.5,88.7,1246,5.831,0,3
307,390,31.5,88.8,1246,5.831,0,3
303,378,31.5,88.8,1247,5.831,0,3
307,377,31.5,88.8,1247,5.831,0,3
307,389,31.5,88.3,1247,5.831,0,3
306,385,31.5,88.0,1247,5.831,0,3
307,385,31.5,87.7,1247,5.831,0,3
305,385,31.5,87.4,1247,5.831,0,3
294,370,31.5,87.1,1247,5.831,0,3
295,368,31.5,86.6,1247,5.831,0,3
301,377,31.5,86.4,1247,5.831,0,3
301,376,31.5,86.2,1247,5.831,0,3
305,377,31.5,86.4,1247,5.831,0,3
303,377,31.5,86.5,1247,5.831,0,3
291,379,31.5,86.9,1248,5.831,0,3
296,377,31.5,87.2,1248,5.831,0,3
306,385,31.5,87.4,1248,5.831,0,3
306,386,31.5,87.5,1248,5.831,0,3
305,384,31.5,87.7,1248,5.831,0,3
306,386,31.5,87.7,1248,5.831,0,3
308,388,31.5,87.8,1248,5.831,0,3
311,393,31.5,87.9,1248,5.831,0,3
333,408,31.4,88.0,1248,5.831,0,3
335,379,31.4,87.5,1248,5.831,0,3
327,377,31.5,87.4,1248,5.831,0,3
328,385,31.4,87.3,1248,5.831,0,3
328,386,31.5,87.2,1249,5.831,0,3
328,384,31.5,87.3,1249,5.831,0,3
329,386,31.5,87.1,1249,5.831,0,3
328,388,31.5,87.0,1249,5.831,0,3
324,393,31.5,86.8,1249,5.831,0,3
324,408,31.4,86.5,1249,5.831,0,3
322,379,31.4,86.2,1249,5.831,0,3
326,377,31.5,86.0,1249,5.831,0,3
321,385,31.4,86.1,1249,5.831,0,3
321,386,31.4,86.1,1249,5.831,0,3
318,384,31.5,86.0,1249,5.831,0,3
318,386,31.4,85.9,1249,5.831,0,3
316,388,31.5,85.9,1250,5.831,0,3
315,393,31.5,86.0,1250,5.831,0,3
316,408,31.5,86.6,1250,5.831,0,3
312,406,31.5,86.8,1250,5.831,0,3
312,405,31.4,86.8,1250,5.831,0,3
312,405,31.4,86.6,1250,5.831,0,3
312,405,31.4,86.4,1250,5.831,0,3
312,399,31.4,86.3,1250,5.831,0,3
311,390,31.5,86.2,1250,5.831,0,3
312,389,31.5,85.8,1250,5.831,0,3
311,393,31.4,85.5,1250,5.831,0,3
311,390,31.5,85.1,1250,5.831,0,3
310,389,31.5,84.6,1251,5.847,0,3
297,389,31.4,84.7,1251,5.847,0,3
297,386,31.4,84.8,1251,5.847,0,3
309,387,31.5,85.0,1251,5.847,0,3
307,388,31.4,85.3,1251,5.847,0,3
308,388,31.5,85.7,1251,5.847,0,3
309,389,31.5,86.3,1251,5.847,0,3
301,381,31.4,86.3,1251,5.847,0,3
304,381,31.4,86.0,1251,5.847,0,3
294,363,31.5,85.8,1251,5.847,0,3
293,359,31.5,85.5,1251,5.847,0,3
296,358,31.5,85.3,1251,5.847,0,3
303,366,31.4,84.7,1252,5.847,0,3
301,363,31.4,84.5,1252,5.847,0,3
302,369,31.5,84.9,1252,5.847,0,3
296,368,31.4,85.4,1252,5.847,0,3
299,365,31.4,85.6,1252,5.847,0,3
312,377,31.5,85.8,1252,5.847,0,3
309,377,31.4,85.9,1252,5.847,0,3
308,373,31.5,86.0,1252,5.847,0,3
303,376,31.4,86.2,1252,5.847,0,3
306,377,31.5,86.2,1252,5.847,0,3
307,377,31.5,86.5,1252,5.847,0,3
308,379,31.4,86.6,1252,5.847,0,3
307,380,31.5,86.8,1253,5.847,0,3
307,378,31.5,87.0,1253,5.847,0,3
307,380,31.5,87.2,1253,5.847,0,3
307,380,31.5,87.4,1253,5.847,0,3
308,386,31.5,87.5,1253,5.847,0,3
306,385,31.5,87.7,1253,5.847,0,3
307,387,31.5,87.7,1253,5.847,0,3
306,392,31.5,87.3,1253,5.847,0,3
306,384,31.5,87.0,1253,5.847,0,3
306,383,31.5,86.9,1253,5.847,0,3
306,384,31.5,86.9,1253,5.847,0,3
296,372,31.5,87.0,1253,5.847,0,3
296,370,31.5,86.8,1254,5.847,0,3
295,367,31.5,86.5,1254,5.847,0,3
296,374,31.5,86.3,1254,5.847,0,3
305,375,31.5,86.2,1254,5.847,0,3
303,377,31.5,86.2,1254,5.847,0,3
302,376,31.5,86.1,1254,5.847,0,3
303,378,31.5,86.1,1254,5.847,0,3
303,378,31.5,86.2,1254,5.847,0,3
301,378,31.5,86.4,1254,5.847,0,3
305,377,31.5,86.4,1254,5.847,0,3
303,376,31.5,86.4,1254,5.847,0,3
302,372,31.5,86.4,1254,5.847,0,3
303,377,31.5,86.5,1255,5.847,0,3
302,377,31.5,86.7,1255,5.847,0,3
303,380,31.5,86.8,1255,5.847,0,3
303,371,31.5,86.6,1255,5.847,0,3
302,375,31.5,86.2,1255,5.847,0,3
302,375,31.5,86.0,1255,5.847,0,3
303,375,31.5,85.6,1255,5.847,0,3
301,374,31.5,85.4,1255,5.847,0,3
302,369,31.4,85.2,1255,5.847,0,3
302,366,31.4,85.1,1255,5.847,0,3
300,360,31.5,85.1,1255,5.847,0,3
300,359,31.5,85.3,1255,5.847,0,3
294,349,31.5,85.5,1256,5.847,0,3
299,350,31.4,85.4,1256,5.847,0,3
298,346,31.5,84.7,1256,5.847,0,3
296,346,31.5,84.1,1256,5.847,0,3
296,346,31.5,83.4,1256,5.847,0,3
297,345,31.5,83.3,1256,5.847,0,3
293,333,31.4,83.3,1256,5.847,0,3
289,331,31.5,83.7,1256,5.847,0,3
297,344,31.5,83.9,1256,5.847,0,3
299,344,31.4,84.3,1256,5.847,0,3
299,344,31.5,84.6,1256,5.847,0,3
291,343,31.5,84.8,1256,5.847,0,3
292,344,31.5,85.1,1257,5.847,0,3
296,353,31.4,85.4,1257,5.847,0,3
294,350,31.5,85.7,1257,5.847,0,3
289,352,31.4,85.8,1257,5.847,0,3
293,354,31.5,86.1,1257,5.847,0,3
292,355,31.5,86.2,1257,5.847,0,3
292,356,31.5,86.3,1257,5.847,0,3
302,368,31.5,86.3,1257,5.847,0,3
302,370,31.4,86.6,1257,5.847,0,3
295,370,31.5,86.7,1257,5.847,0,3
299,370,31.5,86.7,1257,5.847,0,3
295,357,31.5,86.7,1257,5.847,0,3
295,359,31.5,86.6,1258,5.847,0,3
294,358,31.5,86.6,1258,5.847,0,3
294,359,31.5,86.7,1258,5.847,0,3
295,359,31.5,86.7,1258,5.847,0,3
295,359,31.5,86.9,1258,5.847,0,3
296,362,31.5,87.2,1258,5.847,0,3
306,376,31.5,87.3,1258,5.847,0,3
305,377,31.5,87.5,1258,5.847,0,3
300,364,31.5,87.6,1258,5.847,0,3
307,375,31.5,87.6,1258,5.847,0,3
309,375,31.5,87.6,1258,5.847,0,3
296,362,31.5,87.1,1258,5.847,0,3
295,359,31.5,86.4,1259,5.847,0,3
305,358,31.5,85.8,1259,5.847,0,3
301,359,31.5,85.8,1259,5.847,0,3
306,353,31.5,85.9,1259,5.847,0,3
303,358,31.5,85.9,1259,5.847,0,3
302,359,31.5,86.0,1259,5.847,0,3
302,358,31.5,86.2,1259,5.847,0,3
302,359,31.5,86.4,1259,5.847,0,3
302,359,31.5,86.7,1259,5.847,0,3
300,360,31.5,86.9,1259,5.847,0,3
300,360,31.5,87.3,1259,5.847,0,3
300,371,31.5,87.6,1259,5.847,0,3
298,374,31.5,87.7,1260,5.847,0,3
296,368,31.5,87.8,1260,5.847,0,3
309,370,31.5,87.9,1260,5.847,0,3
309,375,31.5,88.1,1260,5.847,0,3
309,379,31.5,88.2,1260,5.847,0,3
309,375,31.5,88.2,1260,5.847,0,3
309,383,31.5,88.4,1260,5.847,0,3
309,388,31.5,88.5,1260,5.847,0,3
309,386,31.5,88.6,1260,5.847,0,3
311,388,31.5,88.7,1260,5.847,0,3
311,388,31.5,88.7,1260,5.847,0,3
312,390,31.5,88.7,1260,5.847,0,3
314,392,31.5,88.9,1261,5.847,0,3
302,383,31.5,89.0,1261,5.847,0,3
303,382,31.5,89.0,1261,5.847,0,3
314,393,31.5,89.0,1261,5.847,0,3
313,391,31.5,89.0,1261,5.847,0,3
312,393,31.5,88.7,1261,5.847,0,3
312,391,31.5,88.7,1261,5.847,0,3
313,392,31.5,88.8,1261,5.847,0,3
313,392,31.5,88.9,1261,5.847,0,3
313,390,31.5,89.0,1261,5.847,0,3
313,394,31.5,89.2,1261,5.847,0,3
314,395,31.5,89.3,1261,5.847,0,3
313,395,31.5,89.4,1262,5.847,0,3
312,395,31.5,89.4,1262,5.847,0,3
312,395,31.5,89.5,1262,5.847,0,3
313,397,31.5,89.6,1262,5.847,0,3
314,396,31.5,89.6,1262,5.847,0,3
312,399,31.5,89.5,1262,5.847,0,3
312,395,31.5,89.4,1262,5.847,0,3
314,392,31.5,89.2,1262,5.847,0,3
312,392,31.5,89.1,1262,5.847,0,3
313,392,31.5,89.1,1262,5.847,0,3
315,394,31.5,89.3,1262,5.847,0,3
315,391,31.5,89.2,1262,5.847,0,3
314,392,31.5,89.2,1263,5.847,0,3
314,392,31.5,89.2,1263,5.847,0,3
315,392,31.5,89.0,1263,5.847,0,3
313,396,31.5,89.0,1263,5.847,0,3
315,396,31.5,89.1,1263,5.847,0,3
315,397,31.5,89.2,1263,5.847,0,3
315,396,31.5,89.2,1263,5.847,0,3
315,397,31.5,89.1,1263,5.847,0,3
317,395,31.5,88.8,1263,5.847,0,3
311,395,31.5,88.6,1263,5.847,0,3
313,393,31.5,88.6,1263,5.847,0,3
313,393,31.5,88.5,1263,5.847,0,3
312,391,31.5,88.6,1264,5.847,0,3
315,394,31.5,88.6,1264,5.847,0,3
313,393,31.5,88.6,1264,5.847,0,3
313,395,31.5,88.8,1264,5.847,0,3
317,397,31.5,88.9,1264,5.847,0,3
313,396,31.5,89.1,1264,5.847,0,3
317,396,31.5,89.2,1264,5.847,0,3
313,400,31.6,89.4,1264,5.847,0,3
313,401,31.6,89.6,1264,5.847,0,3
315,404,31.6,89.7,1264,5.847,0,3
318,404,31.6,89.7,1264,5.847,0,3
315,403,31.6,89.7,1264,5.847,0,3
305,389,31.6,89.7,1265,5.847,0,3
306,389,31.5,89.6,1265,5.847,0,3
303,389,31.5,89.5,1265,5.847,0,3
307,390,31.6,89.5,1265,5.847,0,3
307,390,31.6,89.5,1265,5.847,0,3
307,390,31.5,89.6,1265,5.847,0,3
305,390,31.5,89.7,1265,5.847,0,3
308,390,31.5,89.8,1265,5.847,0,3
317,404,31.6,89.7,1265,5.847,0,3
314,400,31.6,89.4,1265,5.847,0,3
309,394,31.6,89.1,1265,5.847,0,3
312,397,31.5,88.7,1265,5.847,0,3
314,397,31.6,88.6,1266,5.847,0,3
315,399,31.6,88.7,1266,5.847,0,3
315,397,31.5,88.7,1266,5.847,0,3
315,397,31.5,88.9,1266,5.847,0,3
315,399,31.5,89.0,1266,5.847,0,3
316,387,31.5,88.9,1266,5.847,0,3
314,392,31.5,88.6,1266,5.847,0,3
312,388,31.6,88.1,1266,5.847,0,3
313,384,31.5,87.8,1266,5.847,0,3
310,378,31.5,86.9,1266,5.847,0,3
307,374,31.5,85.2,1266,5.847,0,3
306,369,31.5,84.1,1266,5.847,0,3
294,359,31.5,82.8,1267,5.847,0,3
291,335,31.5,82.2,1267,5.847,0,3
290,330,31.5,81.1,1267,5.847,0,3
290,328,31.5,80.8,1267,5.847,0,3
293,325,31.5,80.8,1267,5.847,0,3
292,328,31.5,80.7,1267,5.847,0,3
295,328,31.5,80.3,1267,5.847,0,3
294,327,31.5,79.8,1267,5.847,0,3
292,323,31.5,79.6,1267,5.847,0,3
291,318,31.5,79.4,1267,5.847,0,3
286,308,31.4,78.2,1267,5.847,0,3
287,312,31.5,77.6,1267,5.847,0,3
283,309,31.5,77.3,1268,5.847,0,3
284,308,31.5,76.7,1268,5.847,0,3
283,298,31.4,76.1,1268,5.847,0,3
261,294,31.4,75.4,1268,5.847,0,3
262,278,31.4,75.1,1268,5.847,0,3
267,277,31.4,73.9,1268,5.847,0,3
265,272,31.4,73.6,1268,5.847,0,3
278,277,31.4,73.5,1268,5.847,0,3
278,275,31.4,73.8,1268,5.847,0,3
287,276,31.4,74.4,1268,5.847,0,3
283,274,31.4,74.5,1268,5.847,0,3
278,272,31.4,73.5,1268,5.847,0,3
277,268,31.4,73.6,1269,5.847,0,3
277,262,31.4,73.9,1269,5.847,0,3
274,265,31.4,74.0,1269,5.847,0,3
276,265,31.4,74.3,1269,5.847,0,3
275,263,31.4,74.7,1269,5.847,0,3
271,265,31.4,74.2,1269,5.847,0,3
262,265,31.4,72.4,1269,5.847,0,3
258,252,31.4,71.8,1269,5.847,0,3
258,250,31.4,71.4,1269,5.847,0,3
256,245,31.4,71.4,1269,5.847,0,3
262,248,31.4,71.7,1269,5.847,0,3
258,241,31.4,72.1,1269,5.847,0,3
258,245,31.4,71.9,1270,5.847,0,3
255,245,31.4,71.4,1270,5.847,0,3
253,242,31.4,71.5,1270,5.847,0,3
261,244,31.4,71.5,1270,5.847,0,3
263,244,31.4,71.8,1270,5.847,0,3
267,245,31.4,72.2,1270,5.847,0,3
266,239,31.4,72.8,1270,5.847,0,3
266,241,31.4,73.5,1270,5.847,0,3
268,251,31.4,74.0,1270,5.847,0,3
263,248,31.4,75.1,1270,5.847,0,3
272,259,31.4,75.5,1270,5.847,0,3
268,257,31.4,75.5,1270,5.847,0,3
260,256,31.4,74.9,1271,5.847,0,3
256,242,31.4,73.8,1271,5.847,0,3
252,239,31.4,71.8,1271,5.847,0,3
256,236,31.4,70.9,1271,5.847,0,3
265,248,31.4,70.9,1271,5.847,0,3
260,245,31.4,70.3,1271,5.847,0,3
265,240,31.4,70.4,1271,5.847,0,3
264,243,31.4,71.1,1271,5.847,0,3
259,241,31.3,71.9,1271,5.847,0,3
254,233,31.4,72.3,1271,5.847,0,3
256,234,31.4,72.7,1271,5.847,0,3
257,235,31.4,73.1,1271,5.847,0,3
258,237,31.4,73.8,1272,5.847,0,3
255,241,31.4,73.8,1272,5.847,0,3
259,244,31.4,73.9,1272,5.847,0,3
256,243,31.4,74.1,1272,5.847,0,3
261,247,31.4,73.8,1272,5.847,0,3
256,245,31.4,73.7,1272,5.847,0,3
260,250,31.4,73.9,1272,5.847,0,3
268,248,31.4,74.0,1272,5.847,0,3
266,257,31.4,73.0,1272,5.847,0,3
268,256,31.4,73.6,1272,5.847,0,3
267,254,31.4,74.0,1272,5.847,0,3
266,254,31.4,74.4,1272,5.847,0,3
261,258,31.4,74.5,1273,5.847,0,3
258,248,31.4,74.2,1273,5.847,0,3
258,245,31.4,73.7,1273,5.847,0,3
260,248,31.4,73.9,1273,5.847,0,3
260,250,31.4,74.4,1273,5.847,0,3
270,259,31.4,75.7,1273,5.847,0,3
272,270,31.4,75.9,1273,5.847,0,3
272,271,31.4,75.8,1273,5.847,0,3
265,265,31.4,75.5,1273,5.847,0,3
264,268,31.4,75.5,1273,5.847,0,3
268,268,31.4,76.0,1273,5.847,0,3
268,266,31.4,76.1,1273,5.847,0,3
265,268,31.4,76.0,1274,5.847,0,3
264,267,31.4,75.2,1274,5.847,0,3
262,265,31.4,75.1,1274,5.847,0,3
267,266,31.4,75.2,1274,5.847,0,3
266,263,31.4,75.2,1274,5.847,0,3
266,266,31.4,74.5,1274,5.847,0,3
267,265,31.4,73.2,1274,5.847,0,3
267,265,31.4,72.6,1274,5.847,0,3
263,261,31.4,71.9,1274,5.847,0,3
263,257,31.4,70.1,1274,5.847,0,3
261,253,31.4,69.0,1274,5.847,0,3
260,250,31.4,67.4,1274,5.847,0,3
260,251,31.4,67.1,1275,5.847,0,3
260,248,31.3,65.5,1275,5.847,0,3
251,235,31.3,66.2,1275,5.847,0,3
252,230,31.4,67.1,1275,5.847,0,3
249,230,31.4,68.0,1275,5.847,0,3
250,229,31.3,67.5,1275,5.847,0,3
245,230,31.3,67.3,1275,5.847,0,3
251,230,31.4,67.8,1275,5.847,0,3
248,221,31.4,68.2,1275,5.847,0,3
245,220,31.4,67.7,1275,5.847,0,3
259,226,31.3,67.9,1275,5.847,0,3
256,227,31.3,68.8,1275,5.847,0,3
259,228,31.4,69.6,1276,5.859,0,3
259,228,31.3,69.4,1276,5.859,0,3
259,233,31.3,68.7,1276,5.859,0,3
263,234,31.3,68.8,1276,5.859,0,3
262,232,31.3,69.5,1276,5.859,0,3
261,232,31.4,69.6,1276,5.859,0,3
260,234,31.3,69.6,1276,5.859,0,3
263,234,31.3,69.2,1276,5.859,0,3
263,234,31.4,69.1,1276,5.859,0,3
256,234,31.3,69.1,1276,5.859,0,3
255,238,31.3,68.8,1276,5.859,0,3
260,243,31.3,68.3,1276,5.859,0,3
263,240,31.4,68.7,1277,5.859,0,3
261,234,31.4,68.9,1277,5.859,0,3
261,234,31.3,68.9,1277,5.859,0,3
262,234,31.4,68.9,1277,5.859,0,3
262,234,31.4,69.1,1277,5.859,0,3
263,234,31.4,69.7,1277,5.859,0,3
265,233,31.4,70.0,1277,5.859,0,3
262,233,31.3,69.6,1277,5.859,0,3
261,233,31.4,68.9,1277,5.859,0,3
245,217,31.3,68.2,1277,5.859,0,3
247,218,31.4,67.7,1277,5.859,0,3
252,221,31.3,67.0,1277,5.859,0,3
255,221,31.3,65.4,1278,5.859,0,3
244,220,31.3,64.1,1278,5.859,0,3
244,220,31.3,63.5,1278,5.859,0,3
243,220,31.3,63.0,1278,5.859,0,3
245,220,31.3,63.0,1278,5.859,0,3
232,220,31.3,62.2,1278,5.859,0,3
235,220,31.3,61.7,1278,5.859,0,3
242,223,31.3,61.4,1278,5.859,0,3
239,223,31.3,61.6,1278,5.859,0,3
246,223,31.3,61.9,1278,5.859,0,3
242,223,31.3,61.3,1278,5.859,0,3
228,223,31.3,60.0,1278,5.859,0,3
233,221,31.3,59.4,1279,5.859,0,3
231,221,31.3,60.5,1279,5.859,0,3
242,221,31.3,61.2,1279,5.859,0,3
240,221,31.3,61.2,1279,5.859,0,3
241,221,31.3,62.1,1279,5.859,0,3
244,221,31.3,62.3,1279,5.859,0,3
234,217,31.3,61.8,1279,5.859,0,3
238,217,31.3,61.4,1279,5.859,0,3
234,217,31.3,60.5,1279,5.859,0,3
228,217,31.3,59.5,1279,5.859,0,3
231,217,31.2,58.8,1279,5.859,0,3
230,217,31.3,58.4,1279,5.859,0,3
230,217,31.2,58.6,1280,5.859,0,3
230,220,31.2,58.7,1280,5.859,0,3
230,220,31.2,58.0,1280,5.859,0,3
234,220,31.2,57.9,1280,5.859,0,3
236,220,31.2,58.3,1280,5.859,0,3
231,220,31.2,58.4,1280,5.859,0,3
235,220,31.2,59.2,1280,5.859,0,3
229,220,31.2,59.5,1280,5.859,0,3
234,220,31.2,59.6,1280,5.859,0,3
237,220,31.2,59.6,1280,5.859,0,3
235,225,31.2,59.9,1280,5.859,0,3
237,225,31.2,60.4,1280,5.859,0,3
237,225,31.2,60.6,1281,5.859,0,3
238,225,31.2,59.6,1281,5.859,0,3
250,225,31.1,59.0,1281,5.859,0,3
250,225,31.2,58.5,1281,5.859,0,3
251,225,31.1,57.9,1281,5.859,0,3
242,225,31.2,57.6,1281,5.859,0,3
242,225,31.1,57.7,1281,5.859,0,3
232,225,31.1,58.2,1281,5.859,0,3
236,225,31.1,57.9,1281,5.859,0,3
237,225,31.1,58.7,1281,5.859,0,3
250,230,31.1,60.3,1281,5.859,0,3
250,230,31.1,61.2,1281,5.859,0,3
250,230,31.1,62.5,1282,5.859,0,3
248,230,31.2,63.2,1282,5.859,0,3
247,230,31.1,63.1,1282,5.859,0,3
252,230,31.1,63.3,1282,5.859,0,3
248,230,31.1,63.4,1282,5.859,0,3
234,230,31.1,62.2,1282,5.859,0,3
229,230,31.1,61.7,1282,5.859,0,3
244,230,31.1,60.9,1282,5.859,0,3
244,230,31.1,60.5,1282,5.859,0,3
247,223,31.1,60.7,1282,5.859,0,3
240,223,31.1,60.1,1282,5.859,0,3
243,223,31.1,60.3,1282,5.859,0,3
240,223,31.1,59.7,1283,5.859,0,3
239,225,31.1,59.6,1283,5.859,0,3
239,225,31.1,60.2,1283,5.859,0,3
243,225,31.1,61.0,1283,5.859,0,3
233,225,31.1,61.2,1283,5.859,0,3
234,225,31.1,61.2,1283,5.859,0,3
235,225,31.1,60.2,1283,5.859,0,3
237,225,31.1,58.8,1283,5.859,0,3
239,224,31.1,58.7,1283,5.859,0,3
235,224,31.1,59.5,1283,5.859,0,3
230,224,31.0,59.8,1283,5.859,0,3
234,224,31.1,59.5,1283,5.859,0,3
240,224,31.1,60.1,1284,5.859,0,3
240,224,31.0,59.2,1284,5.859,0,3
244,224,31.0,58.5,1284,5.859,0,3
248,224,31.1,59.4,1284,5.859,0,3
252,224,31.1,60.6,1284,5.859,0,3
250,223,31.1,62.2,1284,5.859,0,3
256,223,31.0,62.9,1284,5.859,0,3
256,223,31.1,62.7,1284,5.859,0,3
251,223,31.1,62.8,1284,5.859,0,3
256,223,31.1,62.8,1284,5.859,0,3
261,223,31.1,61.6,1284,5.859,0,3
259,222,31.0,61.1,1284,5.859,0,3
259,222,31.0,60.5,1285,5.859,0,3
274,222,31.1,60.2,1285,5.859,0,3
277,220,31.1,60.7,1285,5.859,0,3
277,223,31.1,61.8,1285,5.859,0,3
267,218,31.1,61.6,1285,5.859,0,3
266,223,31.0,60.9,1285,5.859,0,3
267,219,31.0,60.8,1285,5.859,0,3
262,219,31.1,61.0,1285,5.859,0,3
256,215,31.0,60.3,1285,5.859,0,3
253,216,31.0,60.0,1285,5.859,0,3
260,215,31.0,59.8,1285,5.859,0,3
263,214,31.0,59.5,1285,5.859,0,3
258,216,31.0,59.7,1286,5.859,0,3
258,211,31.0,60.0,1286,5.859,0,3
259,215,31.0,60.3,1286,5.859,0,3
259,213,31.0,60.1,1286,5.859,0,3
259,212,31.0,59.8,1286,5.859,0,3
262,210,31.0,60.2,1286,5.859,0,3
259,212,31.0,60.6,1286,5.859,0,3
264,215,31.0,60.7,1286,5.859,0,3
223,215,31.0,59.7,1286,5.859,0,3
223,215,31.0,58.1,1286,5.859,0,3
237,215,31.0,56.9,1286,5.859,0,3
235,215,31.0,56.3,1286,5.859,0,3
242,215,31.0,57.2,1287,5.859,0,3
252,203,31.0,59.1,1287,5.859,0,3
252,205,31.0,61.0,1287,5.859,0,3
236,203,31.0,62.1,1287,5.859,0,3
216,203,30.9,56.9,1287,5.859,0,3
219,203,30.9,57.2,1287,5.859,0,3
217,203,30.9,57.5,1287,5.859,0,3
217,203,30.9,57.1,1287,5.859,0,3
216,207,30.8,56.8,1287,5.859,0,3
193,207,30.8,56.4,1287,5.859,0,3
193,207,30.8,55.9,1287,5.859,0,3
190,207,30.8,55.2,1287,5.859,0,3
185,214,30.8,54.9,1288,5.859,0,3
183,214,30.8,54.3,1288,5.859,0,3
182,214,30.7,54.1,1288,5.859,0,3
191,214,30.7,54.3,1288,5.859,0,3
191,219,30.7,54.5,1288,5.859,0,3
193,219,30.7,54.4,1288,5.859,0,3
193,219,30.7,54.5,1288,5.859,0,3
196,219,30.7,55.6,1288,5.859,0,3
200,219,30.6,56.1,1288,5.859,0,3
196,221,30.6,56.2,1288,5.859,0,3
199,221,30.6,56.6,1288,5.859,0,3
203,221,30.6,58.0,1288,5.859,0,3
196,221,30.6,58.1,1289,5.859,0,3
194,221,30.6,58.1,1289,5.859,0,3
194,224,30.6,58.1,1289,5.859,0,3
189,224,30.6,57.8,1289,5.859,0,3
176,224,30.6,55.3,1289,5.859,0,3
175,224,30.6,55.7,1289,5.859,0,3
194,224,30.5,55.9,1289,5.859,0,3
196,224,30.5,56.7,1289,5.859,0,3
202,224,30.5,57.0,1289,5.859,0,3
212,226,30.5,57.9,1289,5.859,0,3
208,226,30.5,58.4,1289,5.859,0,3
225,226,30.5,59.7,1289,5.859,0,3
228,226,30.5,60.2,1290,5.859,0,3
220,226,30.5,60.0,1290,5.859,0,3
219,226,30.5,59.6,1290,5.859,0,3
220,226,30.5,59.4,1290,5.859,0,3
233,228,30.5,59.9,1290,5.859,0,3
234,228,30.5,60.3,1290,5.859,0,3
201,228,30.5,60.2,1290,5.859,0,3
187,228,30.5,59.2,1290,5.859,0,3
177,228,30.4,57.5,1290,5.859,0,3
156,228,30.4,56.6,1290,5.859,0,3
155,228,30.4,55.6,1290,5.859,0,3
168,232,30.4,55.0,1290,5.859,0,3
171,232,30.4,54.7,1291,5.859,0,3
166,232,30.4,54.2,1291,5.859,0,3
167,232,30.4,54.5,1291,5.859,0,3
165,232,30.3,55.2,1291,5.859,0,3
166,234,30.3,55.4,1291,5.859,0,3
166,234,30.3,55.5,1291,5.859,0,3
166,234,30.3,55.5,1291,5.859,0,3
163,234,30.3,55.6,1291,5.859,0,3
151,234,30.3,55.3,1291,5.859,0,3
148,234,30.3,54.7,1291,5.859,0,3
148,234,30.3,54.1,1291,5.859,0,3
141,234,30.3,54.6,1291,5.859,0,3
141,234,30.3,54.7,1292,5.859,0,3
155,234,30.2,54.7,1292,5.859,0,3
160,234,30.2,54.9,1292,5.859,0,3
143,234,30.2,55.3,1292,5.859,0,3
146,234,30.2,55.1,1292,5.859,0,3
145,234,30.2,54.7,1292,5.859,0,3
146,234,30.2,54.7,1292,5.859,0,3
146,234,30.2,54.5,1292,5.859,0,3
146,234,30.2,54.3,1292,5.859,0,3
146,234,30.2,54.3,1292,5.859,0,3
142,234,30.2,54.8,1292,5.859,0,3
151,234,30.1,54.8,1292,5.859,0,3
155,234,30.1,54.4,1293,5.859,0,3
136,233,30.1,54.3,1293,5.859,0,3
142,233,30.1,54.1,1293,5.859,0,3
142,233,30.1,54.0,1293,5.859,0,3
134,233,30.1,54.0,1293,5.859,0,3
129,233,30.1,54.1,1293,5.859,0,3
167,231,30.1,54.3,1293,5.859,0,3
164,231,30.1,55.5,1293,5.859,0,3
122,231,30.1,56.0,1293,5.859,0,3
129,231,30.1,55.6,1293,5.859,0,3
129,231,30.1,54.9,1293,5.859,0,3
122,231,30.1,54.6,1293,5.859,0,3
122,221,30.0,54.5,1294,5.859,0,3
122,221,30.0,54.8,1294,5.859,0,3
122,221,30.1,54.8,1294,5.859,0,3
131,221,30.0,54.6,1294,5.859,0,3
141,220,30.0,54.7,1294,5.859,0,3
146,220,30.0,55.2,1294,5.859,0,3
146,220,30.0,55.1,1294,5.859,0,3
145,218,30.0,55.3,1294,5.859,0,3
147,218,30.0,55.9,1294,5.859,0,3
148,218,30.0,55.9,1294,5.859,0,3
150,215,30.0,55.5,1294,5.859,0,3
140,215,30.0,54.9,1294,5.859,0,3
140,206,30.0,55.0,1295,5.859,0,3
154,206,30.0,55.1,1295,5.859,0,3
169,206,30.0,56.0,1295,5.859,0,3
188,206,30.0,58.3,1295,5.859,0,3
199,212,30.0,60.9,1295,5.859,0,3
204,240,30.0,62.7,1295,5.859,0,3
207,234,30.0,64.0,1295,5.859,0,3
220,234,30.0,64.7,1295,5.859,0,3
217,234,30.0,65.9,1295,5.859,0,3
219,234,30.0,66.7,1295,5.859,0,3
222,234,30.0,67.2,1295,5.859,0,3
225,233,30.1,67.9,1295,5.859,0,3
231,233,30.1,68.2,1296,5.859,0,3
240,233,30.1,68.5,1296,5.859,0,3
240,217,30.1,68.6,1296,5.859,0,3
237,218,30.1,68.6,1296,5.859,0,3
236,221,30.1,69.2,1296,5.859,0,3
234,221,30.1,69.4,1296,5.859,0,3
243,220,30.1,69.5,1296,5.859,0,3
248,215,30.1,69.7,1296,5.859,0,3
253,215,30.1,69.9,1296,5.859,0,3
254,206,30.1,69.9,1296,5.859,0,3
250,203,30.1,69.5,1296,5.859,0,3
254,200,30.1,69.6,1296,5.859,0,3
234,211,30.1,69.0,1297,5.859,0,3
237,209,30.2,65.6,1297,5.859,0,3
241,203,30.1,63.9,1297,5.859,0,3
240,201,30.1,63.8,1297,5.859,0,3
247,198,30.1,64.0,1297,5.859,0,3
246,202,30.1,64.9,1297,5.859,0,3
241,194,30.2,66.5,1297,5.859,0,3
246,197,30.1,67.7,1297,5.859,0,3
249,198,30.2,69.1,1297,5.859,0,3
256,203,30.2,70.1,1297,5.859,0,3
252,207,30.2,70.8,1297,5.859,0,3
265,214,30.2,71.7,1297,5.859,0,3
265,219,30.2,72.0,1298,5.859,0,3
255,222,30.2,72.7,1298,5.859,0,3
256,236,30.2,73.3,1298,5.859,0,3
255,231,30.2,73.5,1298,5.859,0,3
257,234,30.2,73.2,1298,5.859,0,3
270,239,30.2,73.2,1298,5.859,0,3
265,235,30.3,73.5,1298,5.859,0,3
264,239,30.2,73.9,1298,5.859,0,3
275,256,30.3,74.2,1298,5.859,0,3
277,260,30.3,74.8,1298,5.859,0,3
279,265,30.3,75.1,1298,5.859,0,3
265,259,30.3,75.4,1298,5.859,0,3
265,263,30.3,75.5,1299,5.859,0,3
267,265,30.3,75.2,1299,5.859,0,3
284,265,30.3,74.5,1299,5.859,0,3
282,265,30.3,74.3,1299,5.859,0,3
276,265,30.3,73.8,1299,5.859,0,3
281,265,30.3,73.4,1299,5.859,0,3
280,265,30.3,73.4,1299,5.859,0,3
280,262,30.3,73.2,1299,5.859,0,3
271,265,30.3,73.0,1299,5.859,0,3
268,260,30.3,73.0,1299,5.859,0,3
279,263,30.3,73.4,1299,5.859,0,3
283,265,30.3,73.5,1299,5.859,0,3
274,267,30.3,74.0,1300,5.859,0,3
265,260,30.3,74.1,1300,5.859,0,3
265,255,30.3,72.3,1300,5.859,0,3
279,262,30.3,71.0,1300,5.859,0,3
275,258,30.3,69.9,1300,5.859,0,3
270,257,30.3,69.6,1300,5.859,0,3
274,255,30.3,70.0,1300,5.859,0,3
274,253,30.3,70.9,1300,5.859,0,3
276,254,30.3,71.1,1300,5.859,0,3
274,258,30.3,69.4,1300,5.859,0,3
274,247,30.3,67.6,1300,5.859,0,3
272,251,30.3,67.7,1300,5.859,0,3
277,250,30.3,68.5,1301,5.875,0,3
265,238,30.3,69.7,1301,5.875,0,3
265,241,30.3,70.7,1301,5.875,0,3
277,252,30.3,71.3,1301,5.875,0,3
275,251,30.3,71.9,1301,5.875,0,3
274,255,30.3,72.9,1301,5.875,0,3
278,255,30.4,73.7,1301,5.875,0,3
278,259,30.3,74.0,1301,5.875,0,3
265,250,30.3,73.4,1301,5.875,0,3
265,248,30.3,71.6,1301,5.875,0,3
272,245,30.3,68.5,1301,5.875,0,3
272,244,30.3,67.9,1301,5.875,0,3
272,242,30.3,68.2,1302,5.875,0,3
274,242,30.3,69.2,1302,5.875,0,3
272,243,30.3,69.8,1302,5.875,0,3
272,245,30.3,70.7,1302,5.875,0,3
272,241,30.3,71.4,1302,5.875,0,3
272,242,30.3,71.9,1302,5.875,0,3
272,239,30.3,72.5,1302,5.875,0,3
272,241,30.3,72.7,1302,5.875,0,3
265,243,30.4,72.6,1302,5.875,0,3
266,245,30.4,72.4,1302,5.875,0,3
281,253,30.4,72.4,1302,5.875,0,3
278,255,30.4,72.7,1302,5.875,0,3
281,255,30.4,73.0,1303,5.875,0,3
278,260,30.4,73.4,1303,5.875,0,3
280,264,30.4,73.7,1303,5.875,0,3
274,252,30.4,73.7,1303,5.875,0,3
269,255,30.4,73.4,1303,5.875,0,3
281,267,30.4,73.4,1303,5.875,0,3
282,266,30.4,73.8,1303,5.875,0,3
283,265,30.4,74.4,1303,5.875,0,3
285,267,30.4,74.8,1303,5.875,0,3
283,283,30.4,75.3,1303,5.875,0,3
285,284,30.4,74.9,1303,5.875,0,3
278,265,30.4,73.4,1303,5.875,0,3
265,269,30.4,72.2,1304,5.875,0,3
266,252,30.4,70.4,1304,5.875,0,3
266,251,30.4,69.2,1304,5.875,0,3
270,248,30.4,69.2,1304,5.875,0,3
265,243,30.4,70.1,1304,5.875,0,3
265,248,30.4,71.2,1304,5.875,0,3
265,242,30.4,72.0,1304,5.875,0,3
265,247,30.4,72.5,1304,5.875,0,3
275,245,30.4,72.4,1304,5.875,0,3
272,245,30.4,71.9,1304,5.875,0,3
269,245,30.4,71.3,1304,5.875,0,3
275,249,30.4,71.3,1304,5.875,0,3
276,249,30.4,71.7,1305,5.875,0,3
278,250,30.4,72.0,1305,5.875,0,3
260,235,30.4,72.3,1305,5.875,0,3
265,240,30.4,72.6,1305,5.875,0,3
277,252,30.4,73.0,1305,5.875,0,3
279,250,30.4,73.7,1305,5.875,0,3
279,260,30.4,74.2,1305,5.875,0,3
279,265,30.4,74.8,1305,5.875,0,3
279,268,30.5,75.2,1305,5.875,0,3
282,271,30.5,74.7,1305,5.875,0,3
265,263,30.4,73.6,1305,5.875,0,3
265,260,30.4,73.0,1305,5.875,0,3
278,265,30.4,72.4,1306,5.875,0,3
277,263,30.4,72.1,1306,5.875,0,3
280,262,30.4,71.6,1306,5.875,0,3
279,260,30.4,71.7,1306,5.875,0,3
276,259,30.4,72.0,1306,5.875,0,3
278,260,30.4,72.7,1306,5.875,0,3
278,260,30.4,73.6,1306,5.875,0,3
265,247,30.4,74.0,1306,5.875,0,3
266,248,30.5,74.7,1306,5.875,0,3
282,257,30.5,75.0,1306,5.875,0,3
280,255,30.5,75.7,1306,5.875,0,3
275,254,30.5,76.0,1306,5.875,0,3
275,266,30.5,75.9,1307,5.875,0,3
274,270,30.5,76.1,1307,5.875,0,3
273,262,30.5,76.3,1307,5.875,0,3
275,261,30.5,76.4,1307,5.875,0,3
275,266,30.5,75.9,1307,5.875,0,3
276,266,30.5,75.1,1307,5.875,0,3
274,267,30.5,75.0,1307,5.875,0,3
275,268,30.5,74.9,1307,5.875,0,3
280,265,30.5,74.9,1307,5.875,0,3
287,268,30.5,75.1,1307,5.875,0,3
284,270,30.5,75.3,1307,5.875,0,3
296,291,30.5,75.3,1307,5.875,0,3
294,287,30.5,75.3,1308,5.875,0,3
287,274,30.5,75.1,1308,5.875,0,3
290,284,30.5,73.8,1308,5.875,0,3
288,279,30.5,72.9,1308,5.875,0,3
284,272,30.5,72.4,1308,5.875,0,3
284,266,30.5,71.2,1308,5.875,0,3
284,263,30.5,70.6,1308,5.875,0,3
268,276,30.5,70.5,1308,5.875,0,3
264,276,30.5,70.7,1308,5.875,0,3
264,276,30.4,73.0,1308,5.875,0,3
264,276,30.4,73.0,1308,5.875,0,3
264,276,30.4,73.0,1308,5.875,0,3
264,276,30.4,73.0,1309,5.875,0,3
264,276,30.4,73.1,1309,5.875,0,3
264,276,30.4,73.1,1309,5.875,0,3
264,276,30.4,73.1,1309,5.875,0,3
264,276,30.4,73.1,1309,5.875,0,3
264,276,30.4,73.1,1309,5.875,0,3
264,276,30.4,73.1,1309,5.875,0,3
264,276,30.4,73.1,1309,5.875,0,3
264,276,30.4,73.1,1309,5.875,0,3
264,276,30.4,73.1,1309,5.875,0,3
264,276,30.4,73.1,1309,5.875,0,3
264,276,30.4,73.1,1309,5.875,0,3
264,276,30.4,73.1,1310,5.875,0,3
264,276,30.4,73.1,1310,5.875,0,3
264,276,30.4,73.1,1310,5.875,0,3
264,276,30.4,73.1,1310,5.875,0,3
264,276,30.4,73.1,1310,5.875,0,3
264,276,30.4,73.1,1310,5.875,0,3
264,276,30.4,73.1,1310,5.875,0,3
264,276,30.4,73.1,1310,5.875,0,3
264,276,30.4,73.1,1310,5.875,0,3
264,276,30.4,73.1,1310,5.875,0,3
264,276,30.4,73.1,1310,5.875,0,3
264,276,30.4,73.1,1310,5.875,0,3
265,276,30.4,73.1,1311,5.875,0,3
265,276,30.4,73.1,1311,5.875,0,3
265,276,30.4,73.2,1311,5.875,0,3
265,276,30.4,73.2,1311,5.875,0,3
265,276,30.4,73.2,1311,5.875,0,3
265,276,30.4,73.2,1311,5.875,0,3
265,276,30.4,73.2,1311,5.875,0,3
265,276,30.4,73.2,1311,5.875,0,3
265,276,30.4,73.2,1311,5.875,0,3
265,276,30.4,73.2,1311,5.875,0,3
265,276,30.4,73.2,1311,5.875,0,3
265,276,30.4,73.2,1311,5.875,0,3
265,276,30.4,73.2,1312,5.875,0,3
265,276,30.4,73.2,1312,5.875,0,3
265,276,30.4,73.2,1312,5.875,0,3
265,276,30.4,73.2,1312,5.875,0,3
265,276,30.5,73.2,1312,5.875,0,3
265,277,30.5,73.2,1312,5.875,0,3
265,277,30.5,73.2,1312,5.875,0,3
265,277,30.5,73.2,1312,5.875,0,3
265,277,30.5,73.2,1312,5.875,0,3
265,277,30.5,73.2,1312,5.875,0,3
265,277,30.5,73.2,1312,5.875,0,3
265,277,30.5,73.2,1312,5.875,0,3
265,277,30.5,73.2,1313,5.875,0,3
265,277,30.5,73.2,1313,5.875,0,3
265,277,30.5,73.2,1313,5.875,0,3
265,277,30.5,73.3,1313,5.875,0,3
265,277,30.5,73.3,1313,5.875,0,3
265,277,30.5,73.3,1313,5.875,0,3
265,277,30.5,73.3,1313,5.875,0,3
265,277,30.5,73.3,1313,5.875,0,3
265,277,30.5,73.3,1313,5.875,0,3
265,277,30.5,73.3,1313,5.875,0,3
265,277,30.5,73.3,1313,5.875,0,3
265,277,30.5,73.3,1313,5.875,0,3
265,277,30.5,73.3,1314,5.875,0,3
265,277,30.5,73.3,1314,5.875,0,3
265,277,30.5,73.3,1314,5.875,0,3
265,277,30.5,73.3,1314,5.875,0,3
265,277,30.5,73.3,1314,5.875,0,3
265,277,30.5,73.3,1314,5.875,0,3
265,277,30.5,73.3,1314,5.875,0,3
265,277,30.5,73.3,1314,5.875,0,3
265,277,30.5,73.3,1314,5.875,0,3
265,277,30.5,73.3,1314,5.875,0,3
265,277,30.5,73.3,1314,5.875,0,3
265,277,30.5,73.3,1314,5.875,0,3
265,277,30.5,73.3,1315,5.875,0,3
265,277,30.5,73.3,1315,5.875,0,3
265,277,30.5,73.3,1315,5.875,0,3
265,277,30.5,73.3,1315,5.875,0,3
265,277,30.5,73.4,1315,5.875,0,3
265,277,30.5,73.4,1315,5.875,0,3
266,277,30.5,73.4,1315,5.875,0,3
266,277,30.5,73.4,1315,5.875,0,3
266,277,30.5,73.4,1315,5.875,0,3
266,277,30.5,73.4,1315,5.875,0,3
266,277,30.5,73.4,1315,5.875,0,3
266,277,30.5,73.4,1315,5.875,0,3
266,277,30.5,73.4,1316,5.887,0,3
266,278,30.5,73.4,1316,5.887,0,3
266,278,30.5,73.4,1316,5.887,0,3
266,278,30.5,73.4,1316,5.887,0,3
266,278,30.5,73.4,1316,5.887,0,3
266,278,30.5,73.4,1316,5.887,0,3
266,278,30.5,73.4,1316,5.887,0,3
266,278,30.5,73.4,1316,5.887,0,3
266,278,30.5,73.4,1316,5.887,0,3
266,278,30.5,73.4,1316,5.887,0,3
266,278,30.5,73.4,1316,5.887,0,3
266,278,30.5,73.4,1316,5.887,0,3
266,278,30.5,73.4,1317,5.887,0,3
266,278,30.5,73.4,1317,5.887,0,3
266,278,30.5,73.4,1317,5.887,0,3
266,278,30.5,73.4,1317,5.887,0,3
266,278,30.5,73.4,1317,5.887,0,3
266,278,30.5,73.5,1317,5.887,0,3
266,278,30.5,73.5,1317,5.887,0,3
266,278,30.5,73.5,1317,5.887,0,3
266,278,30.5,73.5,1317,5.887,0,3
266,278,30.5,73.5,1317,5.887,0,3
266,278,30.5,73.5,1317,5.887,0,3
266,278,30.5,73.5,1317,5.887,0,3
266,278,30.5,73.5,1318,5.887,0,3
266,278,30.5,73.5,1318,5.887,0,3
266,278,30.5,73.5,1318,5.887,0,3
266,278,30.5,73.5,1318,5.887,0,3
266,278,30.5,73.5,1318,5.887,0,3
266,278,30.5,73.5,1318,5.887,0,3
266,278,30.5,73.5,1318,5.887,0,3
266,278,30.5,73.5,1318,5.887,0,3
266,278,30.5,73.5,1318,5.887,0,3
266,278,30.5,73.5,1318,5.887,0,3
266,278,30.5,73.5,1318,5.887,0,3
266,278,30.5,73.5,1318,5.887,0,3
266,278,30.5,73.5,1319,5.887,0,3
266,278,30.5,73.5,1319,5.887,0,3
266,278,30.5,73.5,1319,5.887,0,3
266,278,30.5,73.5,1319,5.887,0,3
266,278,30.5,73.5,1319,5.887,0,3
266,278,30.5,73.5,1319,5.887,0,3
266,278,30.5,73.6,1319,5.887,0,3
266,278,30.5,73.6,1319,5.887,0,3
266,278,30.5,73.6,1319,5.887,0,3
266,279,30.5,73.6,1319,5.887,0,3
266,279,30.5,73.6,1319,5.887,0,3
266,279,30.5,73.6,1319,5.887,0,3
267,279,30.5,73.6,1320,5.887,0,3
267,279,30.5,73.6,1320,5.887,0,3
267,279,30.5,73.6,1320,5.887,0,3
267,279,30.5,73.6,1320,5.887,0,3
267,279,30.5,73.6,1320,5.887,0,3
267,279,30.5,73.6,1320,5.887,0,3
267,279,30.5,73.6,1320,5.887,0,3
267,279,30.5,73.6,1320,5.887,0,3
267,279,30.5,73.6,1320,5.887,0,3
267,279,30.5,73.6,1320,5.887,0,3
267,279,30.5,73.6,1320,5.887,0,3
267,279,30.5,73.6,1320,5.887,0,3
267,279,30.5,73.6,1321,5.887,0,3
267,279,30.5,73.6,1321,5.887,0,3
267,279,30.5,73.6,1321,5.887,0,3
267,279,30.5,73.6,1321,5.887,0,3
267,279,30.5,73.6,1321,5.887,0,3
267,279,30.5,73.6,1321,5.887,0,3
267,279,30.5,73.6,1321,5.887,0,3
267,279,30.5,73.7,1321,5.887,0,3
267,279,30.5,73.7,1321,5.887,0,3
267,279,30.5,73.7,1321,5.887,0,3
267,279,30.5,73.7,1321,5.887,0,3
267,279,30.5,73.7,1321,5.887,0,3
267,279,30.5,73.7,1322,5.887,0,3
267,279,30.5,73.7,1322,5.887,0,3
267,279,30.5,73.7,1322,5.887,0,3
267,279,30.5,73.7,1322,5.887,0,3
267,279,30.5,73.7,1322,5.887,0,3
267,279,30.5,73.7,1322,5.887,0,3
267,279,30.5,73.7,1322,5.887,0,3
267,279,30.5,73.7,1322,5.887,0,3
267,279,30.5,73.7,1322,5.887,0,3
267,279,30.5,73.7,1322,5.887,0,3
267,279,30.5,73.7,1322,5.887,0,3
267,279,30.5,73.7,1322,5.887,0,3
267,279,30.5,73.7,1323,5.887,0,3
267,279,30.5,73.7,1323,5.887,0,3
267,279,30.5,73.7,1323,5.887,0,3
267,279,30.5,73.7,1323,5.887,0,3
267,279,30.5,73.7,1323,5.887,0,3
267,280,30.5,73.7,1323,5.887,0,3
267,280,30.5,73.7,1323,5.887,0,3
267,280,30.5,73.7,1323,5.887,0,3
267,280,30.5,73.8,1323,5.887,0,3
267,280,30.5,73.8,1323,5.887,0,3
267,280,30.5,73.8,1323,5.887,0,3
267,280,30.5,73.8,1323,5.887,0,3
267,280,30.5,73.8,1324,5.887,0,3
267,280,30.5,73.8,1324,5.887,0,3
267,280,30.5,73.8,1324,5.887,0,3
267,280,30.5,73.8,1324,5.887,0,3
267,280,30.5,73.8,1324,5.887,0,3
267,280,30.5,73.8,1324,5.887,0,3
268,280,30.5,73.8,1324,5.887,0,3
268,280,30.5,73.8,1324,5.887,0,3
268,280,30.5,73.8,1324,5.887,0,3
268,280,30.5,73.8,1324,5.887,0,3
268,280,30.5,73.8,1324,5.887,0,3
268,280,30.5,73.8,1324,5.887,0,3
268,280,30.5,73.8,1325,5.887,0,3
268,280,30.5,73.8,1325,5.887,0,3
268,280,30.5,73.8,1325,5.887,0,3
268,280,30.5,73.8,1325,5.887,0,3
268,280,30.5,73.8,1325,5.887,0,3
268,280,30.5,73.8,1325,5.887,0,3
268,280,30.5,73.8,1325,5.887,0,3
268,280,30.5,73.8,1325,5.887,0,3
268,280,30.5,73.8,1325,5.887,0,3
268,280,30.5,73.9,1325,5.887,0,3
268,280,30.5,73.9,1325,5.887,0,3
268,280,30.5,73.9,1325,5.887,0,3
268,280,30.5,73.9,1326,5.887,0,3
268,280,30.5,73.9,1326,5.887,0,3
268,280,30.5,73.9,1326,5.887,0,3
268,280,30.5,73.9,1326,5.887,0,3
268,280,30.5,73.9,1326,5.887,0,3
268,280,30.5,73.9,1326,5.887,0,3
268,280,30.5,73.9,1326,5.887,0,3
268,280,30.5,73.9,1326,5.887,0,3
268,280,30.5,73.9,1326,5.887,0,3
268,280,30.5,73.9,1326,5.887,0,3
268,280,30.5,73.9,1326,5.887,0,3
268,280,30.5,73.9,1326,5.887,0,3
268,280,30.6,73.9,1327,5.887,0,3
268,281,30.6,73.9,1327,5.887,0,3
268,281,30.6,73.9,1327,5.887,0,3
268,281,30.6,73.9,1327,5.887,0,3
268,281,30.6,73.9,1327,5.887,0,3
268,281,30.6,73.9,1327,5.887,0,3
268,281,30.6,73.9,1327,5.887,0,3
268,281,30.6,73.9,1327,5.887,0,3
268,281,30.6,73.9,1327,5.887,0,3
268,281,30.6,73.9,1327,5.887,0,3
268,281,30.6,74.0,1327,5.887,0,3
268,281,30.6,74.0,1327,5.887,0,3
268,281,30.6,74.0,1328,5.887,0,3
268,281,30.6,74.0,1328,5.887,0,3
268,281,30.6,74.0,1328,5.887,0,3
268,281,30.6,74.0,1328,5.887,0,3
268,281,30.6,74.0,1328,5.887,0,3
268,281,30.6,74.0,1328,5.887,0,3
268,281,30.6,74.0,1328,5.887,0,3
268,281,30.6,74.0,1328,5.887,0,3
268,281,30.6,74.0,1328,5.887,0,3
268,281,30.6,74.0,1328,5.887,0,3
268,281,30.6,74.0,1328,5.887,0,3
268,281,30.6,74.0,1328,5.887,0,3
269,281,30.6,74.0,1329,5.887,0,3
269,281,30.6,74.0,1329,5.887,0,3
269,281,30.6,74.0,1329,5.887,0,3
269,281,30.6,74.0,1329,5.887,0,3
269,281,30.6,74.0,1329,5.887,0,3
269,281,30.6,74.0,1329,5.887,0,3
269,281,30.6,74.0,1329,5.887,0,3
269,281,30.6,74.0,1329,5.887,0,3
269,281,30.6,74.0,1329,5.887,0,3
269,281,30.6,74.0,1329,5.887,0,3
269,281,30.6,74.0,1329,5.887,0,3
269,281,30.6,74.1,1329,5.887,0,3
269,281,30.6,74.1,1330,5.887,0,3
269,281,30.6,74.1,1330,5.887,0,3
269,281,30.6,74.1,1330,5.887,0,3
269,281,30.6,74.1,1330,5.887,0,3
269,281,30.6,74.1,1330,5.887,0,3
269,281,30.6,74.1,1330,5.887,0,3
269,281,30.6,74.1,1330,5.887,0,3
269,281,30.6,74.1,1330,5.887,0,3
269,281,30.6,74.1,1330,5.887,0,3
269,282,30.6,74.1,1330,5.887,0,3
269,282,30.6,74.1,1330,5.887,0,3
269,282,30.6,74.1,1330,5.887,0,3
269,282,30.6,74.1,1331,5.887,0,3
269,282,30.6,74.1,1331,5.887,0,3
269,282,30.6,74.1,1331,5.887,0,3
269,282,30.6,74.1,1331,5.887,0,3
269,282,30.6,74.1,1331,5.887,0,3
269,282,30.6,74.1,1331,5.887,0,3
269,282,30.6,74.1,1331,5.887,0,3
269,282,30.6,74.1,1331,5.887,0,3
269,282,30.6,74.1,1331,5.887,0,3
269,282,30.6,74.1,1331,5.887,0,3
269,282,30.6,74.1,1331,5.887,0,3
269,282,30.6,74.1,1331,5.887,0,3
269,282,30.6,74.2,1332,5.887,0,3
269,282,30.6,74.2,1332,5.887,0,3
269,282,30.6,74.2,1332,5.887,0,3
269,282,30.6,74.2,1332,5.887,0,3
269,282,30.6,74.2,1332,5.887,0,3
269,282,30.6,74.2,1332,5.887,0,3
269,282,30.6,74.2,1332,5.887,0,3
269,282,30.6,74.2,1332,5.887,0,3
269,282,30.6,74.2,1332,5.887,0,3
269,282,30.6,74.2,1332,5.887,0,3
269,282,30.6,74.2,1332,5.887,0,3
269,282,30.6,74.2,1332,5.887,0,3
269,282,30.6,74.2,1333,5.887,0,3
269,282,30.6,74.2,1333,5.887,0,3
269,282,30.6,74.2,1333,5.887,0,3
269,282,30.6,74.2,1333,5.887,0,3
269,282,30.6,74.2,1333,5.887,0,3
269,282,30.6,74.2,1333,5.887,0,3
270,282,30.6,74.2,1333,5.887,0,3
270,282,30.6,74.2,1333,5.887,0,3
270,282,30.6,74.2,1333,5.887,0,3
270,282,30.6,74.2,1333,5.887,0,3
270,282,30.6,74.2,1333,5.887,0,3
270,282,30.6,74.2,1333,5.887,0,3
270,282,30.6,74.2,1334,5.887,0,3
270,282,30.6,74.3,1334,5.887,0,3
270,282,30.6,74.3,1334,5.887,0,3
270,282,30.6,74.3,1334,5.887,0,3
270,282,30.6,74.3,1334,5.887,0,3
270,283,30.6,74.3,1334,5.887,0,3
270,283,30.6,74.3,1334,5.887,0,3
270,283,30.6,74.3,1334,5.887,0,3
270,283,30.6,74.3,1334,5.887,0,3
270,283,30.6,74.3,1334,5.887,0,3
270,283,30.6,74.3,1334,5.887,0,3
270,283,30.6,74.3,1334,5.887,0,3
270,283,30.6,74.3,1335,5.887,0,3
270,283,30.6,74.3,1335,5.887,0,3
270,283,30.6,74.3,1335,5.887,0,3
270,283,30.6,74.3,1335,5.887,0,3
270,283,30.6,74.3,1335,5.887,0,3
270,283,30.6,74.3,1335,5.887,0,3
270,283,30.6,74.3,1335,5.887,0,3
270,283,30.6,74.3,1335,5.887,0,3
270,283,30.6,74.3,1335,5.887,0,3
270,283,30.6,74.3,1335,5.887,0,3
270,283,30.6,74.3,1335,5.887,0,3
270,283,30.6,74.3,1335,5.887,0,3
270,283,30.6,74.3,1336,5.887,0,3
270,283,30.6,74.3,1336,5.887,0,3
270,283,30.6,74.4,1336,5.887,0,3
270,283,30.6,74.4,1336,5.887,0,3
270,283,30.6,74.4,1336,5.887,0,3
270,283,30.6,74.4,1336,5.887,0,3
270,283,30.6,74.4,1336,5.887,0,3
270,283,30.6,74.4,1336,5.887,0,3
270,283,30.6,74.4,1336,5.887,0,3
270,283,30.6,74.4,1336,5.887,0,3
270,283,30.6,74.4,1336,5.887,0,3
270,283,30.6,74.4,1336,5.887,0,3
270,283,30.6,74.4,1337,5.887,0,3
270,283,30.6,74.4,1337,5.887,0,3
270,283,30.6,74.4,1337,5.887,0,3
270,283,30.6,74.4,1337,5.887,0,3
270,283,30.6,74.4,1337,5.887,0,3
270,283,30.6,74.4,1337,5.887,0,3
270,283,30.6,74.4,1337,5.887,0,3
270,283,30.6,74.4,1337,5.887,0,3
270,283,30.6,74.4,1337,5.887,0,3
270,283,30.6,74.4,1337,5.887,0,3
270,283,30.6,74.4,1337,5.887,0,3
270,283,30.6,74.4,1337,5.887,0,3
271,283,30.6,74.4,1338,5.887,0,3
271,284,30.6,74.4,1338,5.887,0,3
271,284,30.6,74.4,1338,5.887,0,3
271,284,30.6,74.5,1338,5.887,0,3
271,284,30.6,74.5,1338,5.887,0,3
271,284,30.6,74.5,1338,5.887,0,3
271,284,30.6,74.5,1338,5.887,0,3
271,284,30.6,74.5,1338,5.887,0,3
271,284,30.6,74.5,1338,5.887,0,3
271,284,30.6,74.5,1338,5.887,0,3
271,284,30.6,74.5,1338,5.887,0,3
271,284,30.6,74.5,1338,5.887,0,3
271,284,30.6,74.5,1339,5.887,0,3
271,284,30.6,74.5,1339,5.887,0,3
271,284,30.6,74.5,1339,5.887,0,3
271,284,30.6,74.5,1339,5.887,0,3
271,284,30.6,74.5,1339,5.887,0,3
271,284,30.6,74.5,1339,5.887,0,3
271,284,30.6,74.5,1339,5.887,0,3
271,284,30.6,74.5,1339,5.887,0,3
271,284,30.6,74.5,1339,5.887,0,3
271,284,30.6,74.5,1339,5.887,0,3
271,284,30.6,74.5,1339,5.887,0,3
271,284,30.6,74.5,1339,5.887,0,3
271,284,30.6,74.5,1340,5.887,0,3
271,284,30.6,74.5,1340,5.887,0,3
271,284,30.6,74.5,1340,5.887,0,3
271,284,30.6,74.5,1340,5.887,0,3
271,284,30.6,74.6,1340,5.887,0,3
271,284,30.6,74.6,1340,5.887,0,3
271,284,30.6,74.6,1340,5.887,0,3
271,284,30.6,74.6,1340,5.887,0,3
271,284,30.6,74.6,1340,5.887,0,3
271,284,30.6,74.6,1340,5.887,0,3
271,284,30.6,74.6,1340,5.887,0,3
271,284,30.6,74.6,1340,5.887,0,3
271,284,30.6,74.6,1341,5.887,0,3
271,284,30.6,74.6,1341,5.887,0,3
271,284,30.6,74.6,1341,5.887,0,3
271,284,30.6,74.6,1341,5.887,0,3
271,284,30.6,74.6,1341,5.887,0,3
271,284,30.6,74.6,1341,5.887,0,3
271,284,30.6,74.6,1341,5.887,0,3
271,284,30.6,74.6,1341,5.887,0,3
271,284,30.7,74.6,1341,5.887,0,3
271,285,30.7,74.6,1341,5.887,0,3
271,285,30.7,74.6,1341,5.887,0,3
271,285,30.7,74.6,1341,5.887,0,3
271,285,30.7,74.6,1342,5.887,0,3
271,285,30.7,74.6,1342,5.887,0,3
271,285,30.7,74.6,1342,5.887,0,3
271,285,30.7,74.6,1342,5.887,0,3
271,285,30.7,74.6,1342,5.887,0,3
272,285,30.7,74.7,1342,5.887,0,3
272,285,30.7,74.7,1342,5.887,0,3
272,285,30.7,74.7,1342,5.887,0,3
272,285,30.7,74.7,1342,5.887,0,3
272,285,30.7,74.7,1342,5.887,0,3
272,285,30.7,74.7,1342,5.887,0,3
272,285,30.7,74.7,1342,5.887,0,3
272,285,30.7,74.7,1343,5.887,0,3
272,285,30.7,74.7,1343,5.887,0,3
272,285,30.7,74.7,1343,5.887,0,3
272,285,30.7,74.7,1343,5.887,0,3
272,285,30.7,74.7,1343,5.887,0,3
272,285,30.7,74.7,1343,5.887,0,3
272,285,30.7,74.7,1343,5.887,0,3
272,285,30.7,74.7,1343,5.887,0,3
272,285,30.7,74.7,1343,5.887,0,3
272,285,30.7,74.7,1343,5.887,0,3
272,285,30.7,74.7,1343,5.887,0,3
272,285,30.7,74.7,1343,5.887,0,3
272,285,30.7,74.7,1344,5.887,0,3
272,285,30.7,74.7,1344,5.887,0,3
272,285,30.7,74.7,1344,5.887,0,3
272,285,30.7,74.7,1344,5.887,0,3
272,285,30.7,74.7,1344,5.887,0,3
272,285,30.7,74.7,1344,5.887,0,3
272,285,30.7,74.8,1344,5.887,0,3
272,285,30.7,74.8,1344,5.887,0,3
272,285,30.7,74.8,1344,5.887,0,3
272,285,30.7,74.8,1344,5.887,0,3
272,285,30.7,74.8,1344,5.887,0,3
272,285,30.7,74.8,1344,5.887,0,3
272,285,30.7,74.8,1345,5.887,0,3
272,285,30.7,74.8,1345,5.887,0,3
272,285,30.7,74.8,1345,5.887,0,3
272,285,30.7,74.8,1345,5.887,0,3
272,285,30.7,74.8,1345,5.887,0,3
272,286,30.7,74.8,1345,5.887,0,3
272,286,30.7,74.8,1345,5.887,0,3
272,286,30.7,74.8,1345,5.887,0,3
272,286,30.7,74.8,1345,5.887,0,3
272,286,30.7,74.8,1345,5.887,0,3
272,286,30.7,74.8,1345,5.887,0,3
272,286,30.7,74.8,1345,5.887,0,3
272,286,30.7,74.8,1346,5.887,0,3
272,286,30.7,74.8,1346,5.887,0,3
272,286,30.7,74.8,1346,5.887,0,3
272,286,30.7,74.8,1346,5.887,0,3
272,286,30.7,74.8,1346,5.887,0,3
272,286,30.7,74.8,1346,5.887,0,3
272,286,30.7,74.8,1346,5.887,0,3
272,286,30.7,74.9,1346,5.887,0,3
272,286,30.7,74.9,1346,5.887,0,3
272,286,30.7,74.9,1346,5.887,0,3
272,286,30.7,74.9,1346,5.887,0,3
273,286,30.7,74.9,1346,5.887,0,3
273,286,30.7,74.9,1347,5.887,0,3
273,286,30.7,74.9,1347,5.887,0,3
273,286,30.7,74.9,1347,5.887,0,3
273,286,30.7,74.9,1347,5.887,0,3
273,286,30.7,74.9,1347,5.887,0,3
273,286,30.7,74.9,1347,5.887,0,3
273,286,30.7,74.9,1347,5.887,0,3
273,286,30.7,74.9,1347,5.887,0,3
273,286,30.7,74.9,1347,5.887,0,3
273,286,30.7,74.9,1347,5.887,0,3
273,286,30.7,74.9,1347,5.887,0,3
273,286,30.7,74.9,1347,5.887,0,3
273,286,30.7,74.9,1348,5.887,0,3
273,286,30.7,74.9,1348,5.887,0,3
273,286,30.7,74.9,1348,5.887,0,3
273,286,30.7,74.9,1348,5.887,0,3
273,286,30.7,74.9,1348,5.887,0,3
273,286,30.7,74.9,1348,5.887,0,3
273,286,30.7,74.9,1348,5.887,0,3
273,286,30.7,74.9,1348,5.887,0,3
273,286,30.7,75.0,1348,5.887,0,3
273,286,30.7,75.0,1348,5.887,0,3
273,286,30.7,75.0,1348,5.887,0,3
273,286,30.7,75.0,1348,5.887,0,3
273,286,30.7,75.0,1349,5.887,0,3
273,287,30.7,75.0,1349,5.887,0,3
273,287,30.7,75.0,1349,5.887,0,3
273,287,30.7,75.0,1349,5.887,0,3
273,287,30.7,75.0,1349,5.887,0,3
273,287,30.7,75.0,1349,5.887,0,3
273,287,30.7,75.0,1349,5.887,0,3
273,287,30.7,75.0,1349,5.887,0,3
273,287,30.7,75.0,1349,5.887,0,3
273,287,30.7,75.0,1349,5.887,0,3
273,287,30.7,75.0,1349,5.887,0,3
273,287,30.7,75.0,1349,5.887,0,3
273,287,30.7,75.0,1350,5.887,0,3
273,287,30.7,75.0,1350,5.887,0,3
273,287,30.7,75.0,1350,5.887,0,3
273,287,30.7,75.0,1350,5.887,0,3
273,287,30.7,75.0,1350,5.887,0,3
273,287,30.7,75.0,1350,5.887,0,3
273,287,30.7,75.0,1350,5.887,0,3
273,287,30.7,75.0,1350,5.887,0,3
273,287,30.7,75.0,1350,5.887,0,3
273,287,30.7,75.1,1350,5.887,0,3
273,287,30.7,75.1,1350,5.887,0,3
273,287,30.7,75.1,1350,5.887,0,3
273,287,30.7,75.1,1351,5.902,0,3
273,287,30.7,75.1,1351,5.902,0,3
273,287,30.7,75.1,1351,5.902,0,3
273,287,30.7,75.1,1351,5.902,0,3
273,287,30.7,75.1,1351,5.902,0,3
274,287,30.7,75.1,1351,5.902,0,3
274,287,30.7,75.1,1351,5.902,0,3
274,287,30.7,75.1,1351,5.902,0,3
274,287,30.7,75.1,1351,5.902,0,3
274,287,30.7,75.1,1351,5.902,0,3
274,287,30.7,75.1,1351,5.902,0,3
274,287,30.7,75.1,1351,5.902,0,3
274,287,30.7,75.1,1352,5.902,0,3
274,287,30.7,75.1,1352,5.902,0,3
274,287,30.7,75.1,1352,5.902,0,3
274,287,30.7,75.1,1352,5.902,0,3
274,287,30.7,75.1,1352,5.902,0,3
274,287,30.7,75.1,1352,5.902,0,3
274,287,30.7,75.1,1352,5.902,0,3
274,287,30.7,75.1,1352,5.902,0,3
274,287,30.7,75.1,1352,5.902,0,3
274,288,30.7,75.1,1352,5.902,0,3
274,288,30.7,75.2,1352,5.902,0,3
274,288,30.7,75.2,1352,5.902,0,3
274,288,30.7,75.2,1353,5.902,0,3
274,288,30.7,75.2,1353,5.902,0,3
274,288,30.7,75.2,1353,5.902,0,3
274,288,30.7,75.2,1353,5.902,0,3
274,288,30.7,75.2,1353,5.902,0,3
274,288,30.7,75.2,1353,5.902,0,3
274,288,30.7,75.2,1353,5.902,0,3
274,288,30.7,75.2,1353,5.902,0,3
274,288,30.7,75.2,1353,5.902,0,3
274,288,30.7,75.2,1353,5.902,0,3
274,288,30.7,75.2,1353,5.902,0,3
274,288,30.7,75.2,1353,5.902,0,3
274,288,30.7,75.2,1354,5.902,0,3
274,288,30.7,75.2,1354,5.902,0,3
274,288,30.7,75.2,1354,5.902,0,3
274,288,30.7,75.2,1354,5.902,0,3
274,288,30.7,75.2,1354,5.902,0,3
274,288,30.7,75.2,1354,5.902,0,3
274,288,30.7,75.2,1354,5.902,0,3
274,288,30.7,75.2,1354,5.902,0,3
274,288,30.7,75.2,1354,5.902,0,3
274,288,30.7,75.2,1354,5.902,0,3
274,288,30.7,75.2,1354,5.902,0,3
274,288,30.7,75.3,1354,5.902,0,3
274,288,30.7,75.3,1355,5.902,0,3
274,288,30.7,75.3,1355,5.902,0,3
274,288,30.7,75.3,1355,5.902,0,3
274,288,30.7,75.3,1355,5.902,0,3
274,288,30.7,75.3,1355,5.902,0,3
274,288,30.7,75.3,1355,5.902,0,3
274,288,30.7,75.3,1355,5.902,0,3
274,288,30.7,75.3,1355,5.902,0,3
274,288,30.7,75.3,1355,5.902,0,3
274,288,30.7,75.3,1355,5.902,0,3
274,288,30.7,75.3,1355,5.902,0,3
275,288,30.7,75.3,1355,5.902,0,3
275,288,30.7,75.3,1356,5.902,0,3
275,288,30.7,75.3,1356,5.902,0,3
275,288,30.7,75.3,1356,5.902,0,3
275,288,30.7,75.3,1356,5.902,0,3
275,288,30.7,75.3,1356,5.902,0,3
275,289,30.8,75.3,1356,5.902,0,3
275,289,30.8,75.3,1356,5.902,0,3
275,289,30.8,75.3,1356,5.902,0,3
275,289,30.8,75.3,1356,5.902,0,3
275,289,30.8,75.3,1356,5.902,0,3
275,289,30.8,75.3,1356,5.902,0,3
275,289,30.8,75.3,1356,5.902,0,3
275,289,30.8,75.4,1357,5.902,0,3
275,289,30.8,75.4,1357,5.902,0,3
275,289,30.8,75.4,1357,5.902,0,3
275,289,30.8,75.4,1357,5.902,0,3
275,289,30.8,75.4,1357,5.902,0,3
275,289,30.8,75.4,1357,5.902,0,3
275,289,30.8,75.4,1357,5.902,0,3
275,289,30.8,75.4,1357,5.902,0,3
275,289,30.8,75.4,1357,5.902,0,3
275,289,30.8,75.4,1357,5.902,0,3
275,289,30.8,75.4,1357,5.902,0,3
275,289,30.8,75.4,1357,5.902,0,3
275,289,30.8,75.4,1358,5.902,0,3
275,289,30.8,75.4,1358,5.902,0,3
275,289,30.8,75.4,1358,5.902,0,3
275,289,30.8,75.4,1358,5.902,0,3
275,289,30.8,75.4,1358,5.902,0,3
275,289,30.8,75.4,1358,5.902,0,3
275,289,30.8,75.4,1358,5.902,0,3
275,289,30.8,75.4,1358,5.902,0,3
275,289,30.8,75.4,1358,5.902,0,3
275,289,30.8,75.4,1358,5.902,0,3
275,289,30.8,75.4,1358,5.902,0,3
275,289,30.8,75.4,1358,5.902,0,3
275,289,30.8,75.4,1359,5.902,0,3
275,289,30.8,75.5,1359,5.902,0,3
275,289,30.8,75.5,1359,5.902,0,3
275,289,30.8,75.5,1359,5.902,0,3
275,289,30.8,75.5,1359,5.902,0,3
275,289,30.8,75.5,1359,5.902,0,3
275,289,30.8,75.5,1359,5.902,0,3
275,289,30.8,75.5,1359,5.902,0,3
275,289,30.8,75.5,1359,5.902,0,3
275,289,30.8,75.5,1359,5.902,0,3
275,289,30.8,75.5,1359,5.902,0,3
275,289,30.8,75.5,1359,5.902,0,3
275,289,30.8,75.5,1360,5.902,0,3
275,290,30.8,75.5,1360,5.902,0,3
275,290,30.8,75.5,1360,5.902,0,3
275,290,30.8,75.5,1360,5.902,0,3
275,290,30.8,75.5,1360,5.902,0,3
276,290,30.8,75.5,1360,5.902,0,3
276,290,30.8,75.5,1360,5.902,0,3
276,290,30.8,75.5,1360,5.902,0,3
276,290,30.8,75.5,1360,5.902,0,3
276,290,30.8,75.5,1360,5.902,0,3
276,290,30.8,75.5,1360,5.902,0,3
276,290,30.8,75.5,1360,5.902,0,3
276,290,30.8,75.5,1361,5.902,0,3
276,290,30.8,75.5,1361,5.902,0,3
276,290,30.8,75.6,1361,5.902,0,3
276,290,30.8,75.6,1361,5.902,0,3
276,290,30.8,75.6,1361,5.902,0,3
276,290,30.8,75.6,1361,5.902,0,3
276,290,30.8,75.6,1361,5.902,0,3
276,290,30.8,75.6,1361,5.902,0,3
276,290,30.8,75.6,1361,5.902,0,3
276,290,30.8,75.6,1361,5.902,0,3
276,290,30.8,75.6,1361,5.902,0,3
276,290,30.8,75.6,1361,5.902,0,3
276,290,30.8,75.6,1362,5.902,0,3
276,290,30.8,75.6,1362,5.902,0,3
276,290,30.8,75.6,1362,5.902,0,3
276,290,30.8,75.6,1362,5.902,0,3
276,290,30.8,75.6,1362,5.902,0,3
276,290,30.8,75.6,1362,5.902,0,3
276,290,30.8,75.6,1362,5.902,0,3
276,290,30.8,75.6,1362,5.902,0,3
276,290,30.8,75.6,1362,5.902,0,3
276,290,30.8,75.6,1362,5.902,0,3
276,290,30.8,75.6,1362,5.902,0,3
276,290,30.8,75.6,1362,5.902,0,3
276,290,30.8,75.6,1363,5.902,0,3
276,290,30.8,75.6,1363,5.902,0,3
276,290,30.8,75.6,1363,5.902,0,3
276,290,30.8,75.7,1363,5.902,0,3
276,290,30.8,75.7,1363,5.902,0,3
276,290,30.8,75.7,1363,5.902,0,3
276,290,30.8,75.7,1363,5.902,0,3
276,290,30.8,75.7,1363,5.902,0,3
276,290,30.8,75.7,1363,5.902,0,3
276,291,30.8,75.7,1363,5.902,0,3
276,291,30.8,75.7,1363,5.902,0,3
276,291,30.8,75.7,1363,5.902,0,3
276,291,30.8,75.7,1364,5.902,0,3
276,291,30.8,75.7,1364,5.902,0,3
276,291,30.8,75.7,1364,5.902,0,3
276,291,30.8,75.7,1364,5.902,0,3
276,291,30.8,75.7,1364,5.902,0,3
276,291,30.8,75.7,1364,5.902,0,3
276,291,30.8,75.7,1364,5.902,0,3
276,291,30.8,75.7,1364,5.902,0,3
276,291,30.8,75.7,1364,5.902,0,3
276,291,30.8,75.7,1364,5.902,0,3
276,291,30.8,75.7,1364,5.902,0,3
277,291,30.8,75.7,1364,5.902,0,3
277,291,30.8,75.7,1365,5.902,0,3
277,291,30.8,75.7,1365,5.902,0,3
277,291,30.8,75.7,1365,5.902,0,3
277,291,30.8,75.7,1365,5.902,0,3
277,291,30.8,75.8,1365,5.902,0,3
277,291,30.8,75.8,1365,5.902,0,3
277,291,30.8,75.8,1365,5.902,0,3
277,291,30.8,75.8,1365,5.902,0,3
277,291,30.8,75.8,1365,5.902,0,3
277,291,30.8,75.8,1365,5.902,0,3
277,291,30.8,75.8,1365,5.902,0,3
277,291,30.8,75.8,1365,5.902,0,3
277,291,30.8,75.8,1366,5.902,0,3
277,291,30.8,75.8,1366,5.902,0,3
277,291,30.8,75.8,1366,5.902,0,3
277,291,30.8,75.8,1366,5.902,0,3
277,291,30.8,75.8,1366,5.902,0,3
277,291,30.8,75.8,1366,5.902,0,3
277,291,30.8,75.8,1366,5.902,0,3
277,291,30.8,75.8,1366,5.902,0,3
277,291,30.8,75.8,1366,5.902,0,3
277,291,30.8,75.8,1366,5.902,0,3
277,291,30.8,75.8,1366,5.902,0,3
277,291,30.8,75.8,1366,5.902,0,3
277,291,30.8,75.8,1367,5.902,0,3
277,291,30.8,75.8,1367,5.902,0,3
277,291,30.8,75.8,1367,5.902,0,3
277,291,30.8,75.8,1367,5.902,0,3
277,291,30.8,75.8,1367,5.902,0,3
277,292,30.8,75.9,1367,5.902,0,3
277,292,30.8,75.9,1367,5.902,0,3
277,292,30.8,75.9,1367,5.902,0,3
277,292,30.8,75.9,1367,5.902,0,3
277,292,30.8,75.9,1367,5.902,0,3
277,292,30.8,75.9,1367,5.902,0,3
277,292,30.8,75.9,1367,5.902,0,3
277,292,30.8,75.9,1368,5.902,0,3
277,292,30.8,75.9,1368,5.902,0,3
277,292,30.8,75.9,1368,5.902,0,3
277,292,30.8,75.9,1368,5.902,0,3
277,292,30.8,75.9,1368,5.902,0,3
277,292,30.8,75.9,1368,5.902,0,3
277,292,30.8,75.9,1368,5.902,0,3
277,292,30.8,75.9,1368,5.902,0,3
277,292,30.8,75.9,1368,5.902,0,3
277,292,30.8,75.9,1368,5.902,0,3
277,292,30.8,75.9,1368,5.902,0,3
277,292,30.8,75.9,1368,5.902,0,3
277,292,30.8,75.9,1369,5.902,0,3
277,292,30.8,75.9,1369,5.902,0,3
277,292,30.8,75.9,1369,5.902,0,3
277,292,30.8,75.9,1369,5.902,0,3
277,292,30.8,75.9,1369,5.902,0,3
278,292,30.8,75.9,1369,5.902,0,3
278,292,30.8,76.0,1369,5.902,0,3
278,292,30.8,76.0,1369,5.902,0,3
278,292,30.8,76.0,1369,5.902,0,3
278,292,30.8,76.0,1369,5.902,0,3
278,292,30.8,76.0,1369,5.902,0,3
278,292,30.8,76.0,1369,5.902,0,3
278,292,30.8,76.0,1370,5.902,0,3
278,292,30.8,76.0,1370,5.902,0,3
278,292,30.8,76.0,1370,5.902,0,3
278,292,30.8,76.0,1370,5.902,0,3
278,292,30.8,76.0,1370,5.902,0,3
278,292,30.8,76.0,1370,5.902,0,3
278,292,30.8,76.0,1370,5.902,0,3
278,292,30.8,76.0,1370,5.902,0,3
278,292,30.8,76.0,1370,5.902,0,3
278,292,30.8,76.0,1370,5.902,0,3
278,292,30.8,76.0,1370,5.902,0,3
278,292,30.8,76.0,1370,5.902,0,3
278,292,30.8,76.0,1371,5.902,0,3
278,293,30.9,76.0,1371,5.902,0,3
278,293,30.9,76.0,1371,5.902,0,3
278,293,30.9,76.0,1371,5.902,0,3
278,293,30.9,76.0,1371,5.902,0,3
278,293,30.9,76.0,1371,5.902,0,3
278,293,30.9,76.0,1371,5.902,0,3
278,293,30.9,76.1,1371,5.902,0,3
278,293,30.9,76.1,1371,5.902,0,3
278,293,30.9,76.1,1371,5.902,0,3
278,293,30.9,76.1,1371,5.902,0,3
278,293,30.9,76.1,1371,5.902,0,3
278,293,30.9,76.1,1372,5.902,0,3
278,293,30.9,76.1,1372,5.902,0,3
278,293,30.9,76.1,1372,5.902,0,3
278,293,30.9,76.1,1372,5.902,0,3
278,293,30.9,76.1,1372,5.902,0,3
278,293,30.9,76.1,1372,5.902,0,3
278,293,30.9,76.1,1372,5.902,0,3
278,293,30.9,76.1,1372,5.902,0,3
278,293,30.9,76.1,1372,5.902,0,3
278,293,30.9,76.1,1372,5.902,0,3
278,293,30.9,76.1,1372,5.902,0,3
278,293,30.9,76.1,1372,5.902,0,3
278,293,30.9,76.1,1373,5.902,0,3
278,293,30.9,76.1,1373,5.902,0,3
278,293,30.9,76.1,1373,5.902,0,3
278,293,30.9,76.1,1373,5.902,0,3
278,293,30.9,76.1,1373,5.902,0,3
278,293,30.9,76.1,1373,5.902,0,3
278,293,30.9,76.1,1373,5.902,0,3
278,293,30.9,76.1,1373,5.902,0,3
278,293,30.9,76.2,1373,5.902,0,3
278,293,30.9,76.2,1373,5.902,0,3
278,293,30.9,76.2,1373,5.902,0,3
279,293,30.9,76.2,1373,5.902,0,3
279,293,30.9,76.2,1374,5.902,0,3
279,293,30.9,76.2,1374,5.902,0,3
279,293,30.9,76.2,1374,5.902,0,3
279,293,30.9,76.2,1374,5.902,0,3
279,293,30.9,76.2,1374,5.902,0,3
279,293,30.9,76.2,1374,5.902,0,3
279,293,30.9,76.2,1374,5.902,0,3
279,293,30.9,76.2,1374,5.902,0,3
279,293,30.9,76.2,1374,5.902,0,3
279,294,30.9,76.2,1374,5.902,0,3
279,294,30.9,76.2,1374,5.902,0,3
279,294,30.9,76.2,1374,5.902,0,3
279,294,30.9,76.2,1375,5.902,0,3
279,294,30.9,76.2,1375,5.902,0,3
279,294,30.9,76.2,1375,5.902,0,3
279,294,30.9,76.2,1375,5.902,0,3
279,294,30.9,76.2,1375,5.902,0,3
279,294,30.9,76.2,1375,5.902,0,3
279,294,30.9,76.2,1375,5.902,0,3
279,294,30.9,76.2,1375,5.902,0,3
279,294,30.9,76.2,1375,5.902,0,3
279,294,30.9,76.3,1375,5.902,0,3
279,294,30.9,76.3,1375,5.902,0,3
279,294,30.9,76.3,1375,5.902,0,3
279,294,30.9,76.3,1376,5.902,0,3
279,294,30.9,76.3,1376,5.902,0,3
279,294,30.9,76.3,1376,5.902,0,3
279,294,30.9,76.3,1376,5.902,0,3
279,294,30.9,76.3,1376,5.902,0,3
279,294,30.9,76.3,1376,5.902,0,3
279,294,30.9,76.3,1376,5.902,0,3
279,294,30.9,76.3,1376,5.902,0,3
279,294,30.9,76.3,1376,5.902,0,3
279,294,30.9,76.3,1376,5.902,0,3
279,294,30.9,76.3,1376,5.902,0,3
279,294,30.9,76.3,1376,5.902,0,3
279,294,30.9,76.3,1377,5.902,0,3
279,294,30.9,76.3,1377,5.902,0,3
279,294,30.9,76.3,1377,5.902,0,3
279,294,30.9,76.3,1377,5.902,0,3
279,294,30.9,76.3,1377,5.902,0,3
279,294,30.9,76.3,1377,5.902,0,3
279,294,30.9,76.3,1377,5.902,0,3
279,294,30.9,76.3,1377,5.902,0,3
279,294,30.9,76.3,1377,5.902,0,3
279,294,30.9,76.3,1377,5.902,0,3
279,294,30.9,76.4,1377,5.902,0,3
279,294,30.9,76.4,1377,5.902,0,3
279,294,30.9,76.4,1378,5.902,0,3
279,294,30.9,76.4,1378,5.902,0,3
279,294,30.9,76.4,1378,5.902,0,3
279,294,30.9,76.4,1378,5.902,0,3
279,294,30.9,76.4,1378,5.902,0,3
280,295,30.9,76.4,1378,5.902,0,3
280,295,30.9,76.4,1378,5.902,0,3
280,295,30.9,76.4,1378,5.902,0,3
280,295,30.9,76.4,1378,5.902,0,3
280,295,30.9,76.4,1378,5.902,0,3
280,295,30.9,76.4,1378,5.902,0,3
280,295,30.9,76.4,1378,5.902,0,3
280,295,30.9,76.4,1379,5.902,0,3
280,295,30.9,76.4,1379,5.902,0,3
280,295,30.9,76.4,1379,5.902,0,3
280,295,30.9,76.4,1379,5.902,0,3
280,295,30.9,76.4,1379,5.902,0,3
280,295,30.9,76.4,1379,5.902,0,3
280,295,30.9,76.4,1379,5.902,0,3
280,295,30.9,76.4,1379,5.902,0,3
280,295,30.9,76.4,1379,5.902,0,3
280,295,30.9,76.4,1379,5.902,0,3
280,295,30.9,76.4,1379,5.902,0,3
280,295,30.9,76.5,1379,5.902,0,3
280,295,30.9,76.5,1380,5.902,0,3
280,295,30.9,76.5,1380,5.902,0,3
280,295,30.9,76.5,1380,5.902,0,3
280,295,30.9,76.5,1380,5.902,0,3
280,295,30.9,76.5,1380,5.902,0,3
280,295,30.9,76.5,1380,5.902,0,3
280,295,30.9,76.5,1380,5.902,0,3
280,295,30.9,76.5,1380,5.902,0,3
280,295,30.9,76.5,1380,5.902,0,3
280,295,30.9,76.5,1380,5.902,0,3
280,295,30.9,76.5,1380,5.902,0,3
280,295,30.9,76.5,1380,5.902,0,3
280,295,30.9,76.5,1381,5.902,0,3
280,295,30.9,76.5,1381,5.902,0,3
280,295,30.9,76.5,1381,5.902,0,3
280,295,30.9,76.5,1381,5.902,0,3
280,295,30.9,76.5,1381,5.902,0,3
280,295,30.9,76.5,1381,5.902,0,3
280,295,30.9,76.5,1381,5.902,0,3
280,295,30.9,76.5,1381,5.902,0,3
280,295,30.9,76.5,1381,5.902,0,3
280,295,30.9,76.5,1381,5.902,0,3
280,295,30.9,76.5,1381,5.902,0,3
280,295,30.9,76.6,1381,5.902,0,3
280,295,30.9,76.6,1382,5.902,0,3
280,296,30.9,76.6,1382,5.902,0,3
280,296,30.9,76.6,1382,5.902,0,3
280,296,30.9,76.6,1382,5.902,0,3
280,296,30.9,76.6,1382,5.902,0,3
280,296,30.9,76.6,1382,5.902,0,3
280,296,30.9,76.6,1382,5.902,0,3
280,296,30.9,76.6,1382,5.902,0,3
280,296,30.9,76.6,1382,5.902,0,3
280,296,30.9,76.6,1382,5.902,0,3
281,296,30.9,76.6,1382,5.902,0,3
281,296,30.9,76.6,1382,5.902,0,3
281,296,30.9,76.6,1383,5.902,0,3
281,296,30.9,76.6,1383,5.902,0,3
281,296,30.9,76.6,1383,5.902,0,3
281,296,30.9,76.6,1383,5.902,0,3
281,296,30.9,76.6,1383,5.902,0,3
281,296,30.9,76.6,1383,5.902,0,3
281,296,30.9,76.6,1383,5.902,0,3
281,296,30.9,76.6,1383,5.902,0,3
281,296,30.9,76.6,1383,5.902,0,3
281,296,30.9,76.6,1383,5.902,0,3
281,296,30.9,76.6,1383,5.902,0,3
281,296,30.9,76.6,1383,5.902,0,3
281,296,30.9,76.7,1384,5.902,0,3
281,296,30.9,76.7,1384,5.902,0,3
281,296,30.9,76.7,1384,5.902,0,3
281,296,30.9,76.7,1384,5.902,0,3
281,296,30.9,76.7,1384,5.902,0,3
281,296,30.9,76.7,1384,5.902,0,3
281,296,30.9,76.7,1384,5.902,0,3
281,296,30.9,76.7,1384,5.902,0,3
281,296,30.9,76.7,1384,5.902,0,3
281,296,30.9,76.7,1384,5.902,0,3
281,296,30.9,76.7,1384,5.902,0,3
281,296,30.9,76.7,1384,5.902,0,3
281,296,30.9,76.7,1385,5.902,0,3
281,296,30.9,76.7,1385,5.902,0,3
281,296,30.9,76.7,1385,5.902,0,3
281,296,30.9,76.7,1385,5.902,0,3
281,296,30.9,76.7,1385,5.902,0,3
281,296,30.9,76.7,1385,5.902,0,3
281,296,30.9,76.7,1385,5.902,0,3
281,296,30.9,76.7,1385,5.902,0,3
281,296,30.9,76.7,1385,5.902,0,3
281,297,31.0,76.7,1385,5.902,0,3
281,297,31.0,76.7,1385,5.902,0,3
281,297,31.0,76.7,1385,5.902,0,3
281,297,31.0,76.7,1386,5.902,0,3
281,297,31.0,76.8,1386,5.902,0,3
281,297,31.0,76.8,1386,5.902,0,3
281,297,31.0,76.8,1386,5.902,0,3
281,297,31.0,76.8,1386,5.902,0,3
281,297,31.0,76.8,1386,5.902,0,3
281,297,31.0,76.8,1386,5.902,0,3
281,297,31.0,76.8,1386,5.902,0,3
281,297,31.0,76.8,1386,5.902,0,3
281,297,31.0,76.8,1386,5.902,0,3
281,297,31.0,76.8,1386,5.902,0,3
281,297,31.0,76.8,1386,5.902,0,3
281,297,31.0,76.8,1387,5.902,0,3
281,297,31.0,76.8,1387,5.902,0,3
281,297,31.0,76.8,1387,5.902,0,3
281,297,31.0,76.8,1387,5.902,0,3
282,297,31.0,76.8,1387,5.902,0,3
282,297,31.0,76.8,1387,5.902,0,3
282,297,31.0,76.8,1387,5.902,0,3
282,297,31.0,76.8,1387,5.902,0,3
282,297,31.0,76.8,1387,5.902,0,3
282,297,31.0,76.8,1387,5.902,0,3
282,297,31.0,76.8,1387,5.902,0,3
282,297,31.0,76.8,1387,5.902,0,3
282,297,31.0,76.8,1388,5.902,0,3
282,297,31.0,76.8,1388,5.902,0,3
282,297,31.0,76.9,1388,5.902,0,3
282,297,31.0,76.9,1388,5.902,0,3
282,297,31.0,76.9,1388,5.902,0,3
282,297,31.0,76.9,1388,5.902,0,3
282,297,31.0,76.9,1388,5.902,0,3
282,297,31.0,76.9,1388,5.902,0,3
282,297,31.0,76.9,1388,5.902,0,3
282,297,31.0,76.9,1388,5.902,0,3
282,297,31.0,76.9,1388,5.902,0,3
282,297,31.0,76.9,1388,5.902,0,3
282,297,31.0,76.9,1389,5.902,0,3
282,297,31.0,76.9,1389,5.902,0,3
282,297,31.0,76.9,1389,5.902,0,3
282,297,31.0,76.9,1389,5.902,0,3
282,297,31.0,76.9,1389,5.902,0,3
282,298,31.0,76.9,1389,5.902,0,3
282,298,31.0,76.9,1389,5.902,0,3
282,298,31.0,76.9,1389,5.902,0,3
282,298,31.0,76.9,1389,5.902,0,3
282,298,31.0,76.9,1389,5.902,0,3
282,298,31.0,76.9,1389,5.902,0,3
282,298,31.0,76.9,1389,5.902,0,3
282,298,31.0,76.9,1390,5.902,0,3
282,298,31.0,76.9,1390,5.902,0,3
282,298,31.0,76.9,1390,5.902,0,3
282,298,31.0,77.0,1390,5.902,0,3
282,298,31.0,77.0,1390,5.902,0,3
282,298,31.0,77.0,1390,5.902,0,3
282,298,31.0,77.0,1390,5.902,0,3
282,298,31.0,77.0,1390,5.902,0,3
282,298,31.0,77.0,1390,5.902,0,3
282,298,31.0,77.0,1390,5.902,0,3
282,298,31.0,77.0,1390,5.902,0,3
282,298,31.0,77.0,1390,5.913,0,3
282,298,31.0,77.0,1391,5.913,0,3
282,298,31.0,77.0,1391,5.913,0,3
282,298,31.0,77.0,1391,5.913,0,3
282,298,31.0,77.0,1391,5.913,0,3
282,298,31.0,77.0,1391,5.913,0,3
282,298,31.0,77.0,1391,5.913,0,3
282,298,31.0,77.0,1391,5.913,0,3
282,298,31.0,77.0,1391,5.913,0,3
282,298,31.0,77.0,1391,5.913,0,3
282,298,31.0,77.0,1391,5.913,0,3
283,298,31.0,77.0,1391,5.913,0,3
283,298,31.0,77.0,1391,5.913,0,3
283,298,31.0,77.0,1392,5.913,0,3
283,298,31.0,77.0,1392,5.913,0,3
283,298,31.0,77.0,1392,5.913,0,3
283,298,31.0,77.0,1392,5.913,0,3
283,298,31.0,77.1,1392,5.913,0,3
283,298,31.0,77.1,1392,5.913,0,3
283,298,31.0,77.1,1392,5.913,0,3
283,298,31.0,77.1,1392,5.913,0,3
283,298,31.0,77.1,1392,5.913,0,3
283,298,31.0,77.1,1392,5.913,0,3
283,298,31.0,77.1,1392,5.913,0,3
283,298,31.0,77.1,1392,5.913,0,3
283,298,31.0,77.1,1393,5.913,0,3
283,299,31.0,77.1,1393,5.913,0,3
283,299,31.0,77.1,1393,5.913,0,3
283,299,31.0,77.1,1393,5.913,0,3
283,299,31.0,77.1,1393,5.913,0,3
283,299,31.0,77.1,1393,5.913,0,3
283,299,31.0,77.1,1393,5.913,0,3
283,299,31.0,77.1,1393,5.913,0,3
283,299,31.0,77.1,1393,5.913,0,3
283,299,31.0,77.1,1393,5.913,0,3
283,299,31.0,77.1,1393,5.913,0,3
283,299,31.0,77.1,1393,5.913,0,3
283,299,31.0,77.1,1394,5.913,0,3
283,299,31.0,77.1,1394,5.913,0,3
283,299,31.0,77.1,1394,5.913,0,3
283,299,31.0,77.1,1394,5.913,0,3
283,299,31.0,77.1,1394,5.913,0,3
283,299,31.0,77.2,1394,5.913,0,3
283,299,31.0,77.2,1394,5.913,0,3
283,299,31.0,77.2,1394,5.913,0,3
283,299,31.0,77.2,1394,5.913,0,3
283,299,31.0,77.2,1394,5.913,0,3
283,299,31.0,77.2,1394,5.913,0,3
283,299,31.0,77.2,1394,5.913,0,3
283,299,31.0,77.2,1395,5.913,0,3
283,299,31.0,77.2,1395,5.913,0,3
283,299,31.0,77.2,1395,5.913,0,3
283,299,31.0,77.2,1395,5.913,0,3
283,299,31.0,77.2,1395,5.913,0,3
283,299,31.0,77.2,1395,5.913,0,3
283,299,31.0,77.2,1395,5.913,0,3
283,299,31.0,77.2,1395,5.913,0,3
283,299,31.0,77.2,1395,5.913,0,3
283,299,31.0,77.2,1395,5.913,0,3
283,299,31.0,77.2,1395,5.913,0,3
283,299,31.0,77.2,1395,5.913,0,3
283,299,31.0,77.2,1396,5.913,0,3
283,299,31.0,77.2,1396,5.913,0,3
283,299,31.0,77.2,1396,5.913,0,3
283,299,31.0,77.2,1396,5.913,0,3
284,299,31.0,77.2,1396,5.913,0,3
284,299,31.0,77.2,1396,5.913,0,3
284,299,31.0,77.3,1396,5.913,0,3
284,299,31.0,77.3,1396,5.913,0,3
284,299,31.0,77.3,1396,5.913,0,3
284,300,31.0,77.3,1396,5.913,0,3
284,300,31.0,77.3,1396,5.913,0,3
284,300,31.0,77.3,1396,5.913,0,3
284,300,31.0,77.3,1397,5.913,0,3
284,300,31.0,77.3,1397,5.913,0,3
284,300,31.0,77.3,1397,5.913,0,3
284,300,31.0,77.3,1397,5.913,0,3
284,300,31.0,77.3,1397,5.913,0,3
284,300,31.0,77.3,1397,5.913,0,3
284,300,31.0,77.3,1397,5.913,0,3
284,300,31.0,77.3,1397,5.913,0,3
284,300,31.0,77.3,1397,5.913,0,3
284,300,31.0,77.3,1397,5.913,0,3
284,300,31.0,77.3,1397,5.913,0,3
284,300,31.0,77.3,1397,5.913,0,3
284,300,31.0,77.3,1398,5.913,0,3
284,300,31.0,77.3,1398,5.913,0,3
284,300,31.0,77.3,1398,5.913,0,3
284,300,31.0,77.3,1398,5.913,0,3
284,300,31.0,77.3,1398,5.913,0,3
284,300,31.0,77.3,1398,5.913,0,3
284,300,31.0,77.3,1398,5.913,0,3
284,300,31.0,77.4,1398,5.913,0,3
284,300,31.0,77.4,1398,5.913,0,3
284,300,31.0,77.4,1398,5.913,0,3
284,300,31.0,77.4,1398,5.913,0,3
284,300,31.0,77.4,1398,5.913,0,3
284,300,31.0,77.4,1399,5.913,0,3
284,300,31.0,77.4,1399,5.913,0,3
284,300,31.0,77.4,1399,5.913,0,3
284,300,31.0,77.4,1399,5.913,0,3
284,300,31.0,77.4,1399,5.913,0,3
284,300,31.0,77.4,1399,5.913,0,3
284,300,31.0,77.4,1399,5.913,0,3
284,300,31.0,77.4,1399,5.913,0,3
284,300,31.0,77.4,1399,5.913,0,3
284,300,31.0,77.4,1399,5.913,0,3
284,300,31.0,77.4,1399,5.913,0,3
284,300,31.0,77.4,1399,5.913,0,3
284,300,31.0,77.4,1400,5.913,0,3
284,300,31.0,77.4,1400,5.913,0,3
284,300,31.0,77.4,1400,5.913,0,3
284,300,31.0,77.4,1400,5.913,0,3
284,300,31.0,77.4,1400,5.913,0,3
284,301,31.1,77.4,1400,5.913,0,3
284,301,31.1,77.4,1400,5.913,0,3
284,301,31.1,77.4,1400,5.913,0,3
284,301,31.1,77.5,1400,5.913,0,3
284,301,31.1,77.5,1400,5.913,0,3
285,301,31.1,77.5,1400,5.913,0,3
285,301,31.1,77.5,1400,5.913,0,3
285,301,31.1,77.5,1401,5.913,0,3
285,301,31.1,77.5,1401,5.913,0,3
285,301,31.1,77.5,1401,5.913,0,3
285,301,31.1,77.5,1401,5.913,0,3
285,301,31.1,77.5,1401,5.913,0,3
285,301,31.1,77.5,1401,5.913,0,3
285,301,31.1,77.5,1401,5.913,0,3
285,301,31.1,77.5,1401,5.913,0,3
285,301,31.1,77.5,1401,5.913,0,3
285,301,31.1,77.5,1401,5.913,0,3
285,301,31.1,77.5,1401,5.913,0,3
285,301,31.1,77.5,1401,5.913,0,3
285,301,31.1,77.5,1402,5.913,0,3
285,301,31.1,77.5,1402,5.913,0,3
285,301,31.1,77.5,1402,5.913,0,3
285,301,31.1,77.5,1402,5.913,0,3
285,301,31.1,77.5,1402,5.913,0,3
285,301,31.1,77.5,1402,5.913,0,3
285,301,31.1,77.5,1402,5.913,0,3
285,301,31.1,77.5,1402,5.913,0,3
285,301,31.1,77.5,1402,5.913,0,3
285,301,31.1,77.6,1402,5.913,0,3
285,301,31.1,77.6,1402,5.913,0,3
285,301,31.1,77.6,1402,5.913,0,3
285,301,31.1,77.6,1403,5.913,0,3
285,301,31.1,77.6,1403,5.913,0,3
285,301,31.1,77.6,1403,5.913,0,3
285,301,31.1,77.6,1403,5.913,0,3
285,301,31.1,77.6,1403,5.913,0,3
285,301,31.1,77.6,1403,5.913,0,3
285,301,31.1,77.6,1403,5.913,0,3
285,301,31.1,77.6,1403,5.913,0,3
285,301,31.1,77.6,1403,5.913,0,3
285,301,31.1,77.6,1403,5.913,0,3
285,301,31.1,77.6,1403,5.913,0,3
285,301,31.1,77.6,1403,5.913,0,3
285,301,31.1,77.6,1404,5.913,0,3
285,302,31.1,77.6,1404,5.913,0,3
285,302,31.1,77.6,1404,5.913,0,3
285,302,31.1,77.6,1404,5.913,0,3
285,302,31.1,77.6,1404,5.913,0,3
285,302,31.1,77.6,1404,5.913,0,3
285,302,31.1,77.6,1404,5.913,0,3
285,302,31.1,77.6,1404,5.913,0,3
285,302,31.1,77.6,1404,5.913,0,3
285,302,31.1,77.6,1404,5.913,0,3
285,302,31.1,77.7,1404,5.913,0,3
285,302,31.1,77.7,1404,5.913,0,3
285,302,31.1,77.7,1405,5.913,0,3
285,302,31.1,77.7,1405,5.913,0,3
285,302,31.1,77.7,1405,5.913,0,3
285,302,31.1,77.7,1405,5.913,0,3
286,302,31.1,77.7,1405,5.913,0,3
286,302,31.1,77.7,1405,5.913,0,3
286,302,31.1,77.7,1405,5.913,0,3
286,302,31.1,77.7,1405,5.913,0,3
286,302,31.1,77.7,1405,5.913,0,3
286,302,31.1,77.7,1405,5.913,0,3
286,302,31.1,77.7,1405,5.913,0,3
286,302,31.1,77.7,1405,5.913,0,3
286,302,31.1,77.7,1406,5.913,0,3
286,302,31.1,77.7,1406,5.913,0,3
286,302,31.1,77.7,1406,5.913,0,3
286,302,31.1,77.7,1406,5.913,0,3
286,302,31.1,77.7,1406,5.913,0,3
286,302,31.1,77.7,1406,5.913,0,3
286,302,31.1,77.7,1406,5.913,0,3
286,302,31.1,77.7,1406,5.913,0,3
286,302,31.1,77.7,1406,5.913,0,3
286,302,31.1,77.7,1406,5.913,0,3
286,302,31.1,77.7,1406,5.913,0,3
286,302,31.1,77.8,1406,5.913,0,3
286,302,31.1,77.8,1407,5.913,0,3
286,302,31.1,77.8,1407,5.913,0,3
286,302,31.1,77.8,1407,5.913,0,3
286,302,31.1,77.8,1407,5.913,0,3
286,302,31.1,77.8,1407,5.913,0,3
286,302,31.1,77.8,1407,5.913,0,3
286,302,31.1,77.8,1407,5.913,0,3
286,302,31.1,77.8,1407,5.913,0,3
286,302,31.1,77.8,1407,5.913,0,3
286,303,31.1,77.8,1407,5.913,0,3
286,303,31.1,77.8,1407,5.913,0,3
286,303,31.1,77.8,1407,5.913,0,3
286,303,31.1,77.8,1408,5.913,0,3
286,303,31.1,77.8,1408,5.913,0,3
286,303,31.1,77.8,1408,5.913,0,3
286,303,31.1,77.8,1408,5.913,0,3
286,303,31.1,77.8,1408,5.913,0,3
286,303,31.1,77.8,1408,5.913,0,3
286,303,31.1,77.8,1408,5.913,0,3
286,303,31.1,77.8,1408,5.913,0,3
286,303,31.1,77.8,1408,5.913,0,3
286,303,31.1,77.8,1408,5.913,0,3
286,303,31.1,77.8,1408,5.913,0,3
286,303,31.1,77.8,1408,5.913,0,3
286,303,31.1,77.9,1409,5.913,0,3
286,303,31.1,77.9,1409,5.913,0,3
286,303,31.1,77.9,1409,5.913,0,3
286,303,31.1,77.9,1409,5.913,0,3
286,303,31.1,77.9,1409,5.913,0,3
286,303,31.1,77.9,1409,5.913,0,3
286,303,31.1,77.9,1409,5.913,0,3
286,303,31.1,77.9,1409,5.913,0,3
286,303,31.1,77.9,1409,5.913,0,3
286,303,31.1,77.9,1409,5.913,0,3
287,303,31.1,77.9,1409,5.913,0,3
287,303,31.1,77.9,1409,5.913,0,3
287,303,31.1,77.9,1410,5.913,0,3
287,303,31.1,77.9,1410,5.913,0,3
287,303,31.1,77.9,1410,5.913,0,3
287,303,31.1,77.9,1410,5.913,0,3
287,303,31.1,77.9,1410,5.913,0,3
287,303,31.1,77.9,1410,5.913,0,3
287,303,31.1,77.9,1410,5.913,0,3
287,303,31.1,77.9,1410,5.913,0,3
287,303,31.1,77.9,1410,5.913,0,3
287,303,31.1,77.9,1410,5.913,0,3
287,303,31.1,77.9,1410,5.913,0,3
287,303,31.1,77.9,1410,5.925,0,3
287,303,31.1,77.9,1411,5.925,0,3
287,303,31.1,78.0,1411,5.925,0,3
287,303,31.1,78.0,1411,5.925,0,3
287,303,31.1,78.0,1411,5.925,0,3
287,303,31.1,78.0,1411,5.925,0,3
287,304,31.1,78.0,1411,5.925,0,3
287,304,31.1,78.0,1411,5.925,0,3
287,304,31.1,78.0,1411,5.925,0,3
287,304,31.1,78.0,1411,5.925,0,3
287,304,31.1,78.0,1411,5.925,0,3
287,304,31.1,78.0,1411,5.925,0,3
287,304,31.1,78.0,1411,5.925,0,3
287,304,31.1,78.0,1412,5.925,0,3
287,304,31.1,78.0,1412,5.925,0,3
287,304,31.1,78.0,1412,5.925,0,3
287,304,31.1,78.0,1412,5.925,0,3
287,304,31.1,78.0,1412,5.925,0,3
287,304,31.1,78.0,1412,5.925,0,3
287,304,31.1,78.0,1412,5.925,0,3
287,304,31.1,78.0,1412,5.925,0,3
287,304,31.1,78.0,1412,5.925,0,3
287,304,31.1,78.0,1412,5.925,0,3
287,304,31.1,78.0,1412,5.925,0,3
287,304,31.1,78.0,1412,5.925,0,3
287,304,31.1,78.0,1413,5.925,0,3
287,304,31.1,78.0,1413,5.925,0,3
287,304,31.1,78.1,1413,5.925,0,3
287,304,31.1,78.1,1413,5.925,0,3
287,304,31.1,78.1,1413,5.925,0,3
287,304,31.1,78.1,1413,5.925,0,3
287,304,31.1,78.1,1413,5.925,0,3
287,304,31.1,78.1,1413,5.925,0,3
287,304,31.1,78.1,1413,5.925,0,3
287,304,31.1,78.1,1413,5.925,0,3
287,304,31.1,78.1,1413,5.925,0,3
287,304,31.1,78.1,1413,5.925,0,3
287,304,31.1,78.1,1414,5.925,0,3
287,304,31.1,78.1,1414,5.925,0,3
287,304,31.1,78.1,1414,5.925,0,3
287,304,31.1,78.1,1414,5.925,0,3
288,304,31.1,78.1,1414,5.925,0,3
288,304,31.1,78.1,1414,5.925,0,3
288,304,31.1,78.1,1414,5.925,0,3
288,304,31.1,78.1,1414,5.925,0,3
288,304,31.1,78.1,1414,5.925,0,3
288,304,31.1,78.1,1414,5.925,0,3
288,304,31.1,78.1,1414,5.925,0,3
288,304,31.1,78.1,1414,5.925,0,3
288,304,31.1,78.1,1415,5.925,0,3
288,305,31.2,78.1,1415,5.925,0,3
288,305,31.2,78.1,1415,5.925,0,3
288,305,31.2,78.2,1415,5.925,0,3
288,305,31.2,78.2,1415,5.925,0,3
288,305,31.2,78.2,1415,5.925,0,3
288,305,31.2,78.2,1415,5.925,0,3
288,305,31.2,78.2,1415,5.925,0,3
288,305,31.2,78.2,1415,5.925,0,3
288,305,31.2,78.2,1415,5.925,0,3
288,305,31.2,78.2,1415,5.925,0,3
288,305,31.2,78.2,1415,5.925,0,3
288,305,31.2,78.2,1416,5.925,0,3
288,305,31.2,78.2,1416,5.925,0,3
288,305,31.2,78.2,1416,5.925,0,3
288,305,31.2,78.2,1416,5.925,0,3
288,305,31.2,78.2,1416,5.925,0,3
288,305,31.2,78.2,1416,5.925,0,3
288,305,31.2,78.2,1416,5.925,0,3
288,305,31.2,78.2,1416,5.925,0,3
288,305,31.2,78.2,1416,5.925,0,3
288,305,31.2,78.2,1416,5.925,0,3
288,305,31.2,78.2,1416,5.925,0,3
288,305,31.2,78.2,1416,5.925,0,3
288,305,31.2,78.2,1417,5.925,0,3
288,305,31.2,78.2,1417,5.925,0,3
288,305,31.2,78.2,1417,5.925,0,3
288,305,31.2,78.2,1417,5.925,0,3
288,305,31.2,78.3,1417,5.925,0,3
288,305,31.2,78.3,1417,5.925,0,3
288,305,31.2,78.3,1417,5.925,0,3
288,305,31.2,78.3,1417,5.925,0,3
288,305,31.2,78.3,1417,5.925,0,3
288,305,31.2,78.3,1417,5.925,0,3
288,305,31.2,78.3,1417,5.925,0,3
288,305,31.2,78.3,1417,5.925,0,3
288,305,31.2,78.3,1418,5.925,0,3
288,305,31.2,78.3,1418,5.925,0,3
288,305,31.2,78.3,1418,5.925,0,3
288,305,31.2,78.1,1418,5.925,0,3
288,305,31.2,77.9,1418,5.925,0,3
288,305,31.2,77.7,1418,5.925,0,3
288,305,31.2,77.5,1418,5.925,0,3
288,305,31.2,77.3,1418,5.925,0,3
288,305,31.2,77.0,1418,5.925,0,3
289,306,31.2,76.8,1418,5.925,0,3
298,353,31.2,76.3,1418,5.925,0,3
301,356,31.2,75.7,1418,5.925,0,3
302,342,31.2,75.7,1419,5.925,0,3
300,342,31.2,76.1,1419,5.925,0,3
309,358,31.2,76.4,1419,5.925,0,3
311,355,31.2,76.7,1419,5.925,0,3
311,353,31.2,77.1,1419,5.925,0,3
312,358,31.2,77.4,1419,5.925,0,3
307,359,31.2,77.9,1419,5.925,0,3
311,350,31.2,78.2,1419,5.925,0,3
308,349,31.2,78.2,1419,5.925,0,3
303,350,31.2,78.3,1419,5.925,0,3
316,359,31.2,78.3,1419,5.925,0,3
314,363,31.2,78.5,1419,5.925,0,3
314,359,31.2,78.6,1420,5.925,0,3
302,350,31.2,78.3,1420,5.925,0,3
307,354,31.2,77.6,1420,5.925,0,3
314,362,31.2,77.3,1420,5.925,0,3
314,363,31.2,77.1,1420,5.925,0,3
312,359,31.2,77.0,1420,5.925,0,3
312,359,31.2,76.7,1420,5.925,0,3
315,360,31.2,76.8,1420,5.925,0,3
303,347,31.2,76.5,1420,5.925,0,3
303,343,31.2,76.3,1420,5.925,0,3
312,346,31.2,76.2,1420,5.925,0,3
307,338,31.2,76.1,1420,5.925,0,3
306,336,31.2,76.2,1421,5.925,0,3
313,349,31.2,76.5,1421,5.925,0,3
316,349,31.2,76.9,1421,5.925,0,3
319,350,31.2,77.1,1421,5.925,0,3
309,342,31.2,77.5,1421,5.925,0,3
306,344,31.2,77.9,1421,5.925,0,3
319,359,31.2,78.1,1421,5.925,0,3
322,359,31.2,78.4,1421,5.925,0,3
321,360,31.2,78.5,1421,5.925,0,3
310,350,31.2,78.6,1421,5.925,0,3
309,350,31.2,78.8,1421,5.925,0,3
328,364,31.2,78.9,1421,5.925,0,3
328,364,31.2,79.1,1422,5.925,0,3
326,368,31.2,79.2,1422,5.925,0,3
313,359,31.2,79.4,1422,5.925,0,3
311,359,31.2,79.5,1422,5.925,0,3
321,370,31.2,79.6,1422,5.925,0,3
325,369,31.2,79.7,1422,5.925,0,3
327,375,31.2,79.8,1422,5.925,0,3
313,374,31.2,79.9,1422,5.925,0,3
315,375,31.2,79.9,1422,5.925,0,3
318,359,31.2,79.9,1422,5.925,0,3
324,361,31.2,79.9,1422,5.925,0,3
324,361,31.2,79.9,1422,5.925,0,3
324,361,31.2,80.0,1423,5.925,0,3
324,361,31.2,80.0,1423,5.925,0,3
324,361,31.2,80.0,1423,5.925,0,3
324,361,31.2,80.0,1423,5.925,0,3
325,361,31.2,80.1,1423,5.925,0,3
325,361,31.2,80.1,1423,5.925,0,3
325,361,31.2,80.1,1423,5.925,0,3
325,361,31.2,80.1,1423,5.925,0,3
325,361,31.2,80.2,1423,5.925,0,3
325,361,31.2,80.2,1423,5.925,0,3
325,361,31.2,80.2,1423,5.925,0,3
325,360,31.2,80.2,1423,5.925,0,3
325,360,31.2,80.3,1424,5.925,0,3
325,360,31.2,80.3,1424,5.925,0,3
325,360,31.2,80.3,1424,5.925,0,3
325,360,31.2,80.3,1424,5.925,0,3
326,360,31.2,80.4,1424,5.925,0,3
326,360,31.2,80.4,1424,5.925,0,3
326,360,31.2,80.4,1424,5.925,0,3
326,360,31.2,80.4,1424,5.925,0,3
326,360,31.2,80.5,1424,5.925,0,3
326,360,31.2,80.5,1424,5.925,0,3
326,360,31.3,80.5,1424,5.925,0,3
326,360,31.3,80.5,1424,5.925,0,3
326,360,31.3,80.6,1425,5.925,0,3
326,360,31.3,80.6,1425,5.925,0,3
326,360,31.3,80.6,1425,5.925,0,3
326,360,31.3,80.6,1425,5.925,0,3
327,360,31.3,80.7,1425,5.925,0,3
327,360,31.3,80.7,1425,5.925,0,3
327,360,31.3,80.7,1425,5.925,0,3
327,360,31.3,80.7,1425,5.925,0,3
327,360,31.3,80.8,1425,5.925,0,3
327,360,31.3,80.8,1425,5.925,0,3
327,360,31.3,80.8,1425,5.925,0,3
327,359,31.3,80.8,1425,5.925,0,3
327,359,31.3,80.9,1426,5.925,0,3
327,359,31.3,80.9,1426,5.925,0,3
327,359,31.3,80.9,1426,5.925,0,3
327,359,31.3,80.9,1426,5.925,0,3
328,359,31.3,81.0,1426,5.925,0,3
328,359,31.3,81.0,1426,5.925,0,3
328,359,31.3,81.0,1426,5.925,0,3
328,359,31.3,81.0,1426,5.925,0,3
328,359,31.3,81.1,1426,5.925,0,3
328,359,31.3,81.1,1426,5.925,0,3
328,359,31.3,81.1,1426,5.925,0,3
326,361,31.2,81.2,1426,5.925,0,3
326,362,31.2,81.0,1427,5.925,0,3
327,359,31.2,81.0,1427,5.925,0,3
326,359,31.3,80.9,1427,5.925,0,3
328,360,31.2,80.9,1427,5.925,0,3
327,361,31.2,80.9,1427,5.925,0,3
322,360,31.3,80.9,1427,5.925,0,3
322,360,31.3,80.9,1427,5.925,0,3
318,360,31.2,81.0,1427,5.925,0,3
317,362,31.2,81.0,1427,5.925,0,3
315,359,31.2,81.0,1427,5.925,0,3
317,359,31.3,81.1,1427,5.925,0,3
328,367,31.3,81.0,1427,5.925,0,3
327,363,31.2,81.1,1428,5.925,0,3
328,365,31.3,81.3,1428,5.925,0,3
332,378,31.3,81.4,1428,5.925,0,3
331,381,31.3,81.4,1428,5.925,0,3
325,373,31.2,81.5,1428,5.925,0,3
326,375,31.3,81.6,1428,5.925,0,3
325,378,31.2,81.6,1428,5.925,0,3
328,378,31.3,81.5,1428,5.925,0,3
328,378,31.3,81.4,1428,5.925,0,3
328,378,31.2,81.3,1428,5.925,0,3
328,376,31.3,81.2,1428,5.925,0,3
328,375,31.3,81.0,1428,5.925,0,3
334,383,31.3,81.1,1429,5.925,0,3
334,383,31.3,81.0,1429,5.925,0,3
338,387,31.2,81.1,1429,5.925,0,3
336,388,31.3,81.2,1429,5.925,0,3
336,389,31.3,81.5,1429,5.925,0,3
326,376,31.3,81.6,1429,5.925,0,3
326,378,31.3,81.8,1429,5.925,0,3
335,383,31.2,81.8,1429,5.925,0,3
333,381,31.3,81.9,1429,5.925,0,3
334,378,31.3,82.0,1429,5.925,0,3
331,377,31.3,82.0,1429,5.925,0,3
333,376,31.3,82.0,1429,5.925,0,3
334,390,31.3,82.0,1430,5.925,0,3
334,389,31.3,82.1,1430,5.925,0,3
328,383,31.3,82.1,1430,5.925,0,3
332,388,31.3,82.1,1430,5.925,0,3
333,389,31.3,82.1,1430,5.925,0,3
332,388,31.3,82.1,1430,5.925,0,3
331,390,31.3,82.2,1430,5.925,0,3
331,388,31.3,82.3,1430,5.925,0,3
332,380,31.3,82.4,1430,5.925,0,3
331,379,31.3,82.4,1430,5.925,0,3
333,389,31.3,82.4,1430,5.925,0,3
331,390,31.3,82.3,1430,5.925,0,3
319,354,31.3,77.8,1431,5.925,0,3
323,355,31.3,78.1,1431,5.925,0,3
322,358,31.3,78.2,1431,5.925,0,3
312,346,31.3,78.5,1431,5.925,0,3
313,344,31.3,78.6,1431,5.925,0,3
312,345,31.3,78.7,1431,5.925,0,3
311,349,31.3,79.1,1431,5.925,0,3
325,353,31.3,79.3,1431,5.925,0,3
323,353,31.3,79.5,1431,5.925,0,3
325,356,31.3,79.6,1431,5.925,0,3
328,359,31.3,79.7,1431,5.925,0,3
328,359,31.3,79.8,1431,5.925,0,3
316,359,31.3,80.0,1432,5.925,0,3
318,359,31.3,80.1,1432,5.925,0,3
326,359,31.3,80.3,1432,5.925,0,3
314,359,31.3,80.4,1432,5.925,0,3
313,360,31.3,80.6,1432,5.925,0,3
328,373,31.3,80.7,1432,5.925,0,3
329,374,31.3,80.8,1432,5.925,0,3
328,389,31.3,80.9,1432,5.925,0,3
329,388,31.3,80.9,1432,5.925,0,3
337,385,31.3,80.9,1432,5.925,0,3
337,381,31.3,80.7,1432,5.925,0,3
333,378,31.3,80.6,1432,5.925,0,3
335,379,31.3,80.5,1433,5.925,0,3
336,374,31.3,80.4,1433,5.925,0,3
331,369,31.3,80.5,1433,5.925,0,3
330,375,31.3,80.5,1433,5.925,0,3
330,375,31.3,80.6,1433,5.925,0,3
331,375,31.3,80.6,1433,5.925,0,3
328,376,31.3,80.7,1433,5.925,0,3
329,375,31.3,80.7,1433,5.925,0,3
331,377,31.3,80.9,1433,5.925,0,3
326,376,31.3,81.1,1433,5.925,0,3
335,381,31.3,81.2,1433,5.925,0,3
331,381,31.3,81.3,1433,5.925,0,3
331,377,31.3,81.5,1434,5.925,0,3
334,381,31.3,81.4,1434,5.925,0,3
332,378,31.3,81.3,1434,5.925,0,3
331,377,31.3,81.3,1434,5.925,0,3
328,378,31.3,81.3,1434,5.925,0,3
334,378,31.3,81.3,1434,5.925,0,3
335,373,31.3,81.4,1434,5.925,0,3
333,373,31.3,81.5,1434,5.925,0,3
332,380,31.3,81.5,1434,5.925,0,3
334,381,31.3,81.4,1434,5.925,0,3
335,379,31.3,81.2,1434,5.925,0,3
334,373,31.3,81.3,1434,5.925,0,3
328,372,31.3,81.3,1435,5.925,0,3
331,369,31.3,81.4,1435,5.925,0,3
331,369,31.3,81.4,1435,5.925,0,3
331,369,31.3,81.4,1435,5.925,0,3
331,369,31.3,81.4,1435,5.925,0,3
331,369,31.3,81.4,1435,5.925,0,3
331,369,31.3,81.4,1435,5.925,0,3
331,369,31.3,81.4,1435,5.925,0,3
331,369,31.3,81.4,1435,5.925,0,3
330,369,31.3,81.4,1435,5.925,0,3
330,369,31.3,81.4,1435,5.925,0,3
330,369,31.3,81.4,1435,5.925,0,3
330,369,31.3,81.4,1436,5.925,0,3
330,369,31.3,81.4,1436,5.925,0,3
330,369,31.3,81.5,1436,5.925,0,3
330,369,31.3,81.5,1436,5.925,0,3
330,369,31.3,81.5,1436,5.925,0,3
330,369,31.3,81.5,1436,5.925,0,3
330,369,31.3,81.5,1436,5.925,0,3
330,369,31.3,81.5,1436,5.925,0,3
330,369,31.3,81.5,1436,5.925,0,3
330,369,31.3,81.5,1436,5.925,0,3
329,369,31.3,81.5,1436,5.925,0,3
329,369,31.3,81.5,1436,5.925,0,3
329,369,31.3,81.5,1437,5.925,0,3
329,369,31.3,81.5,1437,5.925,0,3
329,368,31.3,81.5,1437,5.925,0,3
329,368,31.3,81.5,1437,5.925,0,3
329,368,31.3,81.5,1437,5.925,0,3
329,368,31.3,81.5,1437,5.925,0,3
329,368,31.3,81.5,1437,5.925,0,3
329,368,31.3,81.5,1437,5.925,0,3
329,368,31.3,81.5,1437,5.925,0,3
329,368,31.3,81.5,1437,5.925,0,3
329,368,31.3,81.5,1437,5.925,0,3
328,368,31.3,81.5,1437,5.925,0,3
328,368,31.3,81.5,1438,5.925,0,3
328,368,31.3,81.5,1438,5.925,0,3
328,368,31.3,81.6,1438,5.925,0,3
328,368,31.3,81.6,1438,5.925,0,3
328,368,31.3,81.6,1438,5.925,0,3
328,368,31.3,81.6,1438,5.925,0,3
328,368,31.3,81.6,1438,5.925,0,3
328,368,31.3,81.6,1438,5.925,0,3
328,368,31.3,81.6,1438,5.925,0,3
328,368,31.3,81.6,1438,5.925,0,3
328,368,31.3,81.6,1438,5.925,0,3
328,368,31.3,81.6,1438,5.925,0,3
327,368,31.3,81.6,1439,5.925,0,3
327,368,31.3,81.6,1439,5.925,0,3
327,368,31.3,81.6,1439,5.925,0,3
327,368,31.3,81.6,1439,5.925,0,3
327,368,31.3,81.6,1439,5.925,0,3
327,368,31.3,81.6,1439,5.925,0,3
327,368,31.3,81.6,1439,5.925,0,3
327,368,31.3,81.6,1439,5.925,0,3
327,368,31.3,81.6,1439,5.925,0,3
327,368,31.3,81.6,1439,5.925,0,3
327,368,31.3,81.6,1439,5.925,0,3
327,368,31.3,81.6,1439,5.925,0,3
327,368,31.3,81.6,1440,5.925,0,3
326,368,31.3,81.6,1440,5.925,0,3
326,368,31.3,81.7,1440,5.925,0,3
326,368,31.3,81.7,1440,5.925,0,3
326,368,31.3,81.7,1440,5.925,0,3
326,368,31.3,81.7,1440,5.925,0,3
326,368,31.3,81.7,1440,5.925,0,3
326,368,31.3,81.7,1440,5.925,0,3
326,368,31.3,81.7,1440,5.925,0,3
326,368,31.3,81.7,1440,5.925,0,3
326,368,31.3,81.7,1440,5.925,0,3
326,368,31.3,81.7,1440,5.925,0,3
326,368,31.3,81.7,1441,5.925,0,3
326,368,31.3,81.7,1441,5.925,0,3
325,367,31.3,81.7,1441,5.925,0,3
325,367,31.3,81.7,1441,5.925,0,3
325,367,31.3,81.7,1441,5.925,0,3
325,367,31.3,81.7,1441,5.925,0,3
325,367,31.3,81.7,1441,5.925,0,3
325,367,31.3,81.7,1441,5.925,0,3
325,367,31.3,81.7,1441,5.925,0,3
325,367,31.3,81.7,1441,5.925,0,3
325,367,31.3,81.7,1441,5.925,0,3
325,367,31.3,81.7,1441,5.925,0,3
325,367,31.3,81.7,1442,5.925,0,3
325,367,31.3,81.7,1442,5.925,0,3
325,367,31.3,81.8,1442,5.925,0,3
324,367,31.3,81.8,1442,5.925,0,3
324,367,31.3,81.8,1442,5.925,0,3
324,367,31.3,81.8,1442,5.925,0,3
324,367,31.3,81.8,1442,5.925,0,3
324,367,31.3,81.8,1442,5.925,0,3
324,367,31.3,81.8,1442,5.925,0,3
324,367,31.3,81.8,1442,5.925,0,3
324,367,31.3,81.8,1442,5.925,0,3
324,367,31.3,81.8,1442,5.925,0,3
324,367,31.3,81.8,1443,5.925,0,3
324,367,31.3,81.8,1443,5.925,0,3
324,367,31.3,81.8,1443,5.925,0,3
324,367,31.3,81.8,1443,5.925,0,3
323,367,31.3,81.8,1443,5.925,0,3
323,367,31.3,81.8,1443,5.925,0,3
323,367,31.3,81.8,1443,5.925,0,3
323,367,31.3,81.8,1443,5.925,0,3
323,367,31.3,81.8,1443,5.925,0,3
323,367,31.3,81.8,1443,5.925,0,3
323,367,31.3,81.8,1443,5.925,0,3
323,367,31.3,81.8,1443,5.925,0,3
323,367,31.3,81.8,1444,5.925,0,3
323,367,31.3,81.8,1444,5.925,0,3
323,367,31.3,81.9,1444,5.925,0,3
323,367,31.3,81.9,1444,5.925,0,3
323,367,31.3,81.9,1444,5.925,0,3
322,367,31.3,81.9,1444,5.925,0,3
322,367,31.3,81.9,1444,5.925,0,3
322,367,31.3,81.9,1444,5.925,0,3
322,367,31.3,81.9,1444,5.925,0,3
322,367,31.3,81.9,1444,5.925,0,3
322,367,31.3,81.9,1444,5.925,0,3
322,367,31.3,81.9,1444,5.925,0,3
322,367,31.3,81.9,1445,5.925,0,3
322,367,31.3,81.9,1445,5.925,0,3
322,366,31.2,81.9,1445,5.925,0,3
322,366,31.2,81.9,1445,5.925,0,3
322,366,31.2,81.9,1445,5.925,0,3
322,366,31.2,81.9,1445,5.925,0,3
321,366,31.2,81.9,1445,5.925,0,3
321,366,31.2,81.9,1445,5.925,0,3
321,366,31.2,81.9,1445,5.925,0,3
321,366,31.2,81.9,1445,5.925,0,3
321,366,31.2,81.9,1445,5.925,0,3
321,366,31.2,81.9,1445,5.925,0,3
321,366,31.2,81.9,1446,5.925,0,3
321,366,31.2,81.9,1446,5.925,0,3
321,366,31.2,82.0,1446,5.925,0,3
321,366,31.2,82.0,1446,5.925,0,3
321,366,31.2,82.0,1446,5.925,0,3
321,366,31.2,82.0,1446,5.925,0,3
321,366,31.2,82.0,1446,5.925,0,3
320,366,31.2,82.0,1446,5.925,0,3
320,366,31.2,82.0,1446,5.925,0,3
320,366,31.2,82.0,1446,5.925,0,3
320,366,31.2,82.0,1446,5.925,0,3
320,366,31.2,82.0,1446,5.925,0,3
320,366,31.2,82.0,1447,5.925,0,3
320,366,31.2,82.0,1447,5.925,0,3
320,366,31.2,82.0,1447,5.925,0,3
320,366,31.2,82.0,1447,5.925,0,3
320,366,31.2,82.0,1447,5.925,0,3
320,366,31.2,82.0,1447,5.925,0,3
320,366,31.2,82.0,1447,5.925,0,3
320,366,31.2,82.0,1447,5.925,0,3
319,366,31.2,82.0,1447,5.925,0,3
319,366,31.2,82.0,1447,5.925,0,3
319,366,31.2,82.0,1447,5.925,0,3
319,366,31.2,82.0,1447,5.925,0,3
319,366,31.2,82.0,1448,5.925,0,3
319,366,31.2,82.0,1448,5.925,0,3
319,366,31.2,82.1,1448,5.925,0,3
319,366,31.2,82.1,1448,5.925,0,3
319,366,31.2,82.1,1448,5.925,0,3
319,366,31.2,82.1,1448,5.925,0,3
319,366,31.2,82.1,1448,5.925,0,3
319,366,31.2,82.1,1448,5.925,0,3
319,366,31.2,82.1,1448,5.925,0,3
318,366,31.2,82.1,1448,5.925,0,3
318,366,31.2,82.1,1448,5.925,0,3
318,366,31.2,82.1,1448,5.925,0,3
318,366,31.2,82.1,1449,5.925,0,3
318,366,31.2,82.1,1449,5.925,0,3
318,365,31.2,82.1,1449,5.925,0,3
318,365,31.2,82.1,1449,5.925,0,3
318,365,31.2,82.1,1449,5.925,0,3
318,365,31.2,82.1,1449,5.925,0,3
318,365,31.2,82.1,1449,5.925,0,3
318,365,31.2,82.1,1449,5.925,0,3
318,365,31.2,82.1,1449,5.925,0,3
318,365,31.2,82.1,1449,5.925,0,3
317,365,31.2,82.1,1449,5.925,0,3
317,365,31.2,82.1,1449,5.925,0,3
317,365,31.2,82.1,1450,5.925,0,3
317,365,31.2,82.1,1450,5.925,0,3
317,365,31.2,82.2,1450,5.925,0,3
317,365,31.2,82.2,1450,5.925,0,3
317,365,31.2,82.2,1450,5.925,0,3
317,365,31.2,82.2,1450,5.925,0,3
317,365,31.2,82.2,1450,5.925,0,3
317,365,31.2,82.2,1450,5.925,0,3
317,365,31.2,82.2,1450,5.925,0,3
317,365,31.2,82.2,1450,5.925,0,3
316,365,31.2,82.2,1450,5.925,0,3
316,365,31.2,82.2,1450,5.925,0,3
316,365,31.2,82.2,1451,5.933,0,3
316,365,31.2,82.2,1451,5.933,0,3
316,365,31.2,82.2,1451,5.933,0,3
316,365,31.2,82.2,1451,5.933,0,3
316,365,31.2,82.2,1451,5.933,0,3
316,365,31.2,82.2,1451,5.933,0,3
316,365,31.2,82.2,1451,5.933,0,3
316,365,31.2,82.2,1451,5.933,0,3
316,365,31.2,82.2,1451,5.933,0,3
316,365,31.2,82.2,1451,5.933,0,3
316,365,31.2,82.2,1451,5.933,0,3
315,365,31.2,82.2,1451,5.933,0,3
315,365,31.2,82.2,1452,5.933,0,3
315,365,31.2,82.2,1452,5.933,0,3
315,365,31.2,82.3,1452,5.933,0,3
315,365,31.2,82.3,1452,5.933,0,3
315,365,31.2,82.3,1452,5.933,0,3
315,365,31.2,82.3,1452,5.933,0,3
315,365,31.2,82.3,1452,5.933,0,3
315,365,31.2,82.3,1452,5.933,0,3
315,365,31.2,82.3,1452,5.933,0,3
315,365,31.2,82.3,1452,5.933,0,3
315,365,31.2,82.3,1452,5.933,0,3
315,365,31.2,82.3,1452,5.933,0,3
314,365,31.2,82.3,1453,5.933,0,3
314,365,31.2,82.3,1453,5.933,0,3
314,364,31.2,82.3,1453,5.933,0,3
314,364,31.2,82.3,1453,5.933,0,3
314,364,31.2,82.3,1453,5.933,0,3
314,364,31.2,82.3,1453,5.933,0,3
314,364,31.2,82.3,1453,5.933,0,3
314,364,31.2,82.3,1453,5.933,0,3
314,364,31.2,82.3,1453,5.933,0,3
314,364,31.2,82.3,1453,5.933,0,3
314,364,31.2,82.3,1453,5.933,0,3
314,364,31.2,82.3,1453,5.933,0,3
314,364,31.2,82.3,1454,5.933,0,3
313,364,31.2,82.3,1454,5.933,0,3
313,364,31.2,82.4,1454,5.933,0,3
313,364,31.2,82.4,1454,5.933,0,3
313,364,31.2,82.4,1454,5.933,0,3
313,364,31.2,82.4,1454,5.933,0,3
313,364,31.2,82.4,1454,5.933,0,3
313,364,31.2,82.4,1454,5.933,0,3
313,364,31.2,82.4,1454,5.933,0,3
313,364,31.2,82.4,1454,5.933,0,3
313,364,31.2,82.4,1454,5.933,0,3
313,364,31.2,82.4,1454,5.933,0,3
313,364,31.2,82.4,1455,5.933,0,3
313,364,31.2,82.4,1455,5.933,0,3
312,364,31.2,82.4,1455,5.933,0,3
312,364,31.2,82.4,1455,5.933,0,3
312,364,31.2,82.4,1455,5.933,0,3
312,364,31.2,82.4,1455,5.933,0,3
312,364,31.2,82.4,1455,5.933,0,3
312,364,31.2,82.4,1455,5.933,0,3
312,364,31.2,82.4,1455,5.933,0,3
312,364,31.2,82.4,1455,5.933,0,3
312,364,31.2,82.4,1455,5.933,0,3
312,364,31.2,82.4,1455,5.933,0,3
312,364,31.2,82.4,1456,5.933,0,3
312,364,31.2,82.4,1456,5.933,0,3
312,364,31.2,82.5,1456,5.933,0,3
311,364,31.2,82.5,1456,5.933,0,3
311,364,31.2,82.5,1456,5.933,0,3
311,364,31.2,82.5,1456,5.933,0,3
311,364,31.2,82.5,1456,5.933,0,3
311,364,31.2,82.5,1456,5.933,0,3
311,364,31.2,82.5,1456,5.933,0,3
311,364,31.2,82.5,1456,5.933,0,3
311,364,31.2,82.5,1456,5.933,0,3
311,364,31.2,82.5,1456,5.933,0,3
311,364,31.2,82.5,1457,5.933,0,3
311,364,31.2,82.5,1457,5.933,0,3
311,363,31.2,82.5,1457,5.933,0,3
311,363,31.2,82.5,1457,5.933,0,3
310,363,31.2,82.5,1457,5.933,0,3
310,363,31.2,82.5,1457,5.933,0,3
310,363,31.2,82.5,1457,5.933,0,3
310,363,31.2,82.5,1457,5.933,0,3
310,363,31.2,82.5,1457,5.933,0,3
310,363,31.2,82.5,1457,5.933,0,3
310,363,31.2,82.5,1457,5.933,0,3
310,363,31.2,82.5,1457,5.933,0,3
310,363,31.2,82.5,1458,5.933,0,3
310,363,31.2,82.5,1458,5.933,0,3
310,363,31.2,82.6,1458,5.933,0,3
310,363,31.2,82.6,1458,5.933,0,3
310,363,31.2,82.6,1458,5.933,0,3
309,363,31.2,82.6,1458,5.933,0,3
309,363,31.2,82.6,1458,5.933,0,3
309,363,31.2,82.6,1458,5.933,0,3
309,363,31.2,82.6,1458,5.933,0,3
309,363,31.2,82.6,1458,5.933,0,3
309,363,31.2,82.6,1458,5.933,0,3
309,363,31.2,82.6,1458,5.933,0,3
309,363,31.2,82.6,1459,5.933,0,3
309,363,31.2,82.6,1459,5.933,0,3
309,363,31.2,82.6,1459,5.933,0,3
309,363,31.2,82.6,1459,5.933,0,3
309,363,31.2,82.6,1459,5.933,0,3
309,363,31.2,82.6,1459,5.933,0,3
308,363,31.2,82.6,1459,5.933,0,3
308,363,31.2,82.6,1459,5.933,0,3
308,363,31.2,82.6,1459,5.933,0,3
308,363,31.2,82.6,1459,5.933,0,3
308,363,31.2,82.6,1459,5.933,0,3
308,363,31.2,82.6,1459,5.933,0,3
308,363,31.2,82.6,1460,5.933,0,3
308,363,31.2,82.6,1460,5.933,0,3
308,363,31.2,82.7,1460,5.933,0,3
308,363,31.2,82.7,1460,5.933,0,3
308,363,31.2,82.7,1460,5.933,0,3
308,363,31.2,82.7,1460,5.933,0,3
308,363,31.2,82.7,1460,5.933,0,3
307,363,31.2,82.7,1460,5.933,0,3
307,363,31.2,82.7,1460,5.933,0,3
307,363,31.2,82.7,1460,5.933,0,3
307,363,31.2,82.7,1460,5.933,0,3
307,363,31.2,82.7,1460,5.933,0,3
307,363,31.2,82.7,1461,5.933,0,3
307,363,31.2,82.7,1461,5.933,0,3
307,362,31.2,82.7,1461,5.933,0,3
307,362,31.2,82.7,1461,5.933,0,3
307,362,31.2,82.7,1461,5.933,0,3
307,362,31.2,82.7,1461,5.933,0,3
307,362,31.2,82.7,1461,5.933,0,3
307,362,31.2,82.7,1461,5.933,0,3
306,362,31.2,82.7,1461,5.933,0,3
306,362,31.2,82.7,1461,5.933,0,3
306,362,31.2,82.7,1461,5.933,0,3
306,362,31.2,82.7,1461,5.933,0,3
306,362,31.2,82.7,1462,5.933,0,3
306,362,31.2,82.7,1462,5.933,0,3
306,362,31.2,82.8,1462,5.933,0,3
306,362,31.2,82.8,1462,5.933,0,3
306,362,31.2,82.8,1462,5.933,0,3
306,362,31.2,82.8,1462,5.933,0,3
306,362,31.2,82.8,1462,5.933,0,3
306,362,31.2,82.8,1462,5.933,0,3
306,362,31.2,82.8,1462,5.933,0,3
305,362,31.2,82.8,1462,5.933,0,3
305,362,31.2,82.8,1462,5.933,0,3
305,362,31.2,82.8,1462,5.933,0,3
305,362,31.2,82.8,1463,5.933,0,3
305,362,31.2,82.8,1463,5.933,0,3
305,362,31.2,82.8,1463,5.933,0,3
305,362,31.2,82.8,1463,5.933,0,3
305,362,31.2,82.8,1463,5.933,0,3
305,362,31.2,82.8,1463,5.933,0,3
305,362,31.2,82.8,1463,5.933,0,3
305,362,31.2,82.8,1463,5.933,0,3
305,362,31.2,82.8,1463,5.933,0,3
305,362,31.2,82.8,1463,5.933,0,3
304,362,31.2,82.8,1463,5.933,0,3
304,362,31.2,82.8,1463,5.933,0,3
304,362,31.2,82.8,1464,5.933,0,3
304,362,31.2,82.8,1464,5.933,0,3
304,362,31.2,82.9,1464,5.933,0,3
304,362,31.2,82.9,1464,5.933,0,3
304,362,31.2,82.9,1464,5.933,0,3
304,362,31.2,82.9,1464,5.933,0,3
304,362,31.2,82.9,1464,5.933,0,3
304,362,31.2,82.9,1464,5.933,0,3
304,362,31.2,82.9,1464,5.933,0,3
304,362,31.2,82.9,1464,5.933,0,3
304,362,31.2,82.9,1464,5.933,0,3
303,362,31.2,82.9,1464,5.933,0,3
303,362,31.2,82.9,1465,5.933,0,3
303,362,31.2,82.9,1465,5.933,0,3
303,361,31.1,82.9,1465,5.933,0,3
303,361,31.1,82.9,1465,5.933,0,3
303,361,31.1,82.9,1465,5.933,0,3
303,361,31.1,82.9,1465,5.933,0,3
303,361,31.1,82.9,1465,5.933,0,3
303,361,31.1,82.9,1465,5.933,0,3
303,361,31.1,82.9,1465,5.933,0,3
303,361,31.1,82.9,1465,5.933,0,3
303,361,31.1,82.9,1465,5.933,0,3
303,361,31.1,82.9,1465,5.933,0,3
302,361,31.1,82.9,1466,5.933,0,3
302,361,31.1,82.9,1466,5.933,0,3
302,361,31.1,83.0,1466,5.933,0,3
302,361,31.1,83.0,1466,5.933,0,3
302,361,31.1,83.0,1466,5.933,0,3
302,361,31.1,83.0,1466,5.933,0,3
302,361,31.1,83.0,1466,5.933,0,3
302,361,31.1,83.0,1466,5.933,0,3
302,361,31.1,83.0,1466,5.933,0,3
302,361,31.1,83.0,1466,5.933,0,3
302,361,31.1,83.0,1466,5.933,0,3
302,361,31.1,83.0,1466,5.933,0,3
302,361,31.1,83.0,1467,5.933,0,3
301,361,31.1,83.0,1467,5.933,0,3
301,361,31.1,83.0,1467,5.933,0,3
301,361,31.1,83.0,1467,5.933,0,3
301,361,31.1,83.0,1467,5.933,0,3
301,361,31.1,83.0,1467,5.933,0,3
301,361,31.1,83.0,1467,5.933,0,3
301,361,31.1,83.0,1467,5.933,0,3
301,361,31.1,83.0,1467,5.933,0,3
301,361,31.1,83.0,1467,5.933,0,3
301,361,31.1,83.0,1467,5.933,0,3
301,361,31.1,83.0,1467,5.933,0,3
301,361,31.1,83.0,1468,5.933,0,3
301,361,31.1,83.0,1468,5.933,0,3
300,361,31.1,83.1,1468,5.933,0,3
300,361,31.1,83.1,1468,5.933,0,3
300,361,31.1,83.1,1468,5.933,0,3
300,361,31.1,83.1,1468,5.933,0,3
300,361,31.1,83.1,1468,5.933,0,3
300,361,31.1,83.1,1468,5.933,0,3
300,361,31.1,83.1,1468,5.933,0,3
300,361,31.1,83.1,1468,5.933,0,3
300,361,31.1,83.1,1468,5.933,0,3
300,361,31.1,83.1,1468,5.933,0,3
300,361,31.1,83.1,1469,5.933,0,3
300,361,31.1,83.1,1469,5.933,0,3
300,360,31.1,83.1,1469,5.933,0,3
299,360,31.1,83.1,1469,5.933,0,3
299,360,31.1,83.1,1469,5.933,0,3
299,360,31.1,83.1,1469,5.933,0,3
299,360,31.1,83.1,1469,5.933,0,3
299,360,31.1,83.1,1469,5.933,0,3
299,360,31.1,83.1,1469,5.933,0,3
299,360,31.1,83.1,1469,5.933,0,3
299,360,31.1,83.1,1469,5.933,0,3
299,360,31.1,83.1,1469,5.933,0,3
299,360,31.1,83.1,1470,5.933,0,3
299,360,31.1,83.1,1470,5.933,0,3
299,360,31.1,83.2,1470,5.933,0,3
299,360,31.1,83.2,1470,5.933,0,3
298,360,31.1,83.2,1470,5.933,0,3
298,360,31.1,83.2,1470,5.933,0,3
298,360,31.1,83.2,1470,5.933,0,3
298,360,31.1,83.2,1470,5.933,0,3
298,360,31.1,83.2,1470,5.933,0,3
298,360,31.1,83.2,1470,5.933,0,3
298,360,31.1,83.2,1470,5.933,0,3
298,360,31.1,83.2,1470,5.933,0,3
298,360,31.1,83.2,1471,5.933,0,3
298,360,31.1,83.2,1471,5.933,0,3
298,360,31.1,83.2,1471,5.933,0,3
298,360,31.1,83.2,1471,5.933,0,3
298,360,31.1,83.2,1471,5.933,0,3
297,360,31.1,83.2,1471,5.933,0,3
297,360,31.1,83.2,1471,5.933,0,3
297,360,31.1,83.2,1471,5.933,0,3
297,360,31.1,83.2,1471,5.933,0,3
297,360,31.1,83.2,1471,5.933,0,3
297,360,31.1,83.2,1471,5.933,0,3
297,360,31.1,83.2,1471,5.933,0,3
297,360,31.1,83.2,1472,5.933,0,3
297,360,31.1,83.2,1472,5.933,0,3
297,360,31.1,83.3,1472,5.933,0,3
297,360,31.1,83.3,1472,5.933,0,3
297,360,31.1,83.3,1472,5.933,0,3
297,360,31.1,83.3,1472,5.933,0,3
296,360,31.1,83.3,1472,5.933,0,3
296,360,31.1,83.3,1472,5.933,0,3
296,360,31.1,83.3,1472,5.933,0,3
296,360,31.1,83.3,1472,5.933,0,3
296,360,31.1,83.3,1472,5.933,0,3
296,360,31.1,83.3,1472,5.933,0,3
296,360,31.1,83.3,1473,5.933,0,3
296,360,31.1,83.3,1473,5.933,0,3
296,359,31.1,83.3,1473,5.933,0,3
296,359,31.1,83.3,1473,5.933,0,3
296,359,31.1,83.3,1473,5.933,0,3
296,359,31.1,83.3,1473,5.933,0,3
296,359,31.1,83.3,1473,5.933,0,3
295,359,31.1,83.3,1473,5.933,0,3
295,359,31.1,83.3,1473,5.933,0,3
295,359,31.1,83.3,1473,5.933,0,3
295,359,31.1,83.3,1473,5.933,0,3
295,359,31.1,83.3,1473,5.933,0,3
295,359,31.1,83.3,1474,5.933,0,3
295,359,31.1,83.3,1474,5.933,0,3
295,359,31.1,83.4,1474,5.933,0,3
295,359,31.1,83.4,1474,5.933,0,3
295,359,31.1,83.4,1474,5.933,0,3
295,359,31.1,83.4,1474,5.933,0,3
295,359,31.1,83.4,1474,5.933,0,3
295,359,31.1,83.4,1474,5.933,0,3
294,359,31.1,83.4,1474,5.933,0,3
294,359,31.1,83.4,1474,5.933,0,3
294,359,31.1,83.4,1474,5.933,0,3
294,359,31.1,83.4,1474,5.933,0,3
294,359,31.1,83.4,1475,5.933,0,3
294,359,31.1,83.4,1475,5.933,0,3
294,359,31.1,83.4,1475,5.933,0,3
293,358,31.1,83.3,1475,5.933,0,3
302,368,31.1,83.2,1475,5.933,0,3
300,363,31.1,83.0,1475,5.933,0,3
294,361,31.1,82.8,1475,5.933,0,3
299,360,31.1,82.8,1475,5.933,0,3
299,360,31.1,82.7,1475,5.933,0,3
301,361,31.1,82.7,1475,5.933,0,3
299,360,31.2,82.7,1475,5.933,0,3
300,360,31.2,82.8,1475,5.933,0,3
298,352,31.2,82.8,1476,5.945,0,3
294,350,31.2,82.8,1476,5.945,0,3
300,364,31.1,83.0,1476,5.945,0,3
300,361,31.2,83.0,1476,5.945,0,3
293,355,31.2,83.1,1476,5.945,0,3
296,354,31.1,83.3,1476,5.945,0,3
295,356,31.2,83.3,1476,5.945,0,3
303,366,31.2,83.3,1476,5.945,0,3
302,365,31.2,83.3,1476,5.945,0,3
303,365,31.2,83.4,1476,5.945,0,3
295,358,31.2,83.5,1476,5.945,0,3
294,359,31.2,83.6,1476,5.945,0,3
306,372,31.2,83.7,1477,5.945,0,3
308,373,31.2,83.8,1477,5.945,0,3
307,372,31.2,83.9,1477,5.945,0,3
295,362,31.2,83.7,1477,5.945,0,3
296,360,31.2,83.6,1477,5.945,0,3
301,366,31.2,83.5,1477,5.945,0,3
295,360,31.2,83.2,1477,5.945,0,3
295,359,31.2,83.0,1477,5.945,0,3
295,359,31.2,82.8,1477,5.945,0,3
307,369,31.2,82.5,1477,5.945,0,3
306,366,31.2,82.4,1477,5.945,0,3
300,358,31.2,82.3,1477,5.945,0,3
303,363,31.2,82.3,1478,5.945,0,3
305,365,31.2,82.4,1478,5.945,0,3
303,364,31.2,82.4,1478,5.945,0,3
296,355,31.2,82.5,1478,5.945,0,3
301,357,31.2,82.5,1478,5.945,0,3
302,358,31.2,82.5,1478,5.945,0,3
296,358,31.2,82.6,1478,5.945,0,3
296,356,31.2,82.6,1478,5.945,0,3
299,354,31.2,82.6,1478,5.945,0,3
296,354,31.2,82.6,1478,5.945,0,3
298,365,31.2,82.6,1478,5.945,0,3
296,364,31.2,82.5,1478,5.945,0,3
296,365,31.2,82.5,1479,5.945,0,3
296,357,31.2,82.4,1479,5.945,0,3
296,356,31.2,82.4,1479,5.945,0,3
295,358,31.2,82.5,1479,5.945,0,3
296,359,31.2,82.5,1479,5.945,0,3
296,358,31.2,82.6,1479,5.945,0,3
297,357,31.2,82.6,1479,5.945,0,3
297,359,31.2,82.6,1479,5.945,0,3
306,370,31.2,82.6,1479,5.945,0,3
309,370,31.2,82.6,1479,5.945,0,3
306,365,31.2,82.7,1479,5.945,0,3
309,369,31.2,82.7,1479,5.945,0,3
306,370,31.2,82.8,1480,5.945,0,3
309,370,31.2,82.8,1480,5.945,0,3
308,369,31.2,82.8,1480,5.945,0,3
310,370,31.2,82.9,1480,5.945,0,3
309,371,31.2,82.9,1480,5.945,0,3
308,370,31.3,82.8,1480,5.945,0,3
308,373,31.3,82.8,1480,5.945,0,3
307,370,31.2,82.8,1480,5.945,0,3
309,370,31.2,82.6,1480,5.945,0,3
303,365,31.2,82.6,1480,5.945,0,3
303,365,31.3,82.5,1480,5.945,0,3
298,358,31.3,82.5,1480,5.945,0,3
297,359,31.2,82.5,1481,5.945,0,3
298,359,31.2,82.5,1481,5.945,0,3
310,363,31.3,82.5,1481,5.945,0,3
309,364,31.3,82.5,1481,5.945,0,3
311,369,31.3,82.6,1481,5.945,0,3
305,363,31.3,82.6,1481,5.945,0,3
311,370,31.3,82.6,1481,5.945,0,3
309,369,31.3,82.5,1481,5.945,0,3
298,361,31.3,82.5,1481,5.945,0,3
298,357,31.3,82.5,1481,5.945,0,3
298,357,31.3,82.5,1481,5.945,0,3
298,359,31.2,82.5,1481,5.945,0,3
312,359,31.3,82.5,1482,5.945,0,3
310,359,31.3,82.5,1482,5.945,0,3
302,359,31.3,82.5,1482,5.945,0,3
302,359,31.3,82.4,1482,5.945,0,3
306,359,31.3,82.4,1482,5.945,0,3
311,359,31.3,82.3,1482,5.945,0,3
302,359,31.3,82.3,1482,5.945,0,3
297,359,31.3,82.2,1482,5.945,0,3
311,369,31.3,82.2,1482,5.945,0,3
311,369,31.3,82.1,1482,5.945,0,3
314,368,31.3,82.1,1482,5.945,0,3
303,370,31.3,82.1,1482,5.945,0,3
300,368,31.3,82.2,1483,5.945,0,3
301,358,31.3,82.2,1483,5.945,0,3
303,359,31.3,82.2,1483,5.945,0,3
311,369,31.3,82.2,1483,5.945,0,3
311,369,31.3,82.3,1483,5.945,0,3
314,373,31.3,82.3,1483,5.945,0,3
303,363,31.3,82.3,1483,5.945,0,3
301,363,31.3,82.4,1483,5.945,0,3
303,358,31.3,82.5,1483,5.945,0,3
312,360,31.3,82.7,1483,5.945,0,3
312,363,31.3,82.8,1483,5.945,0,3
304,362,31.3,83.0,1483,5.945,0,3
308,374,31.3,83.2,1484,5.945,0,3
309,372,31.3,83.4,1484,5.945,0,3
309,361,31.3,83.5,1484,5.945,0,3
306,363,31.3,83.7,1484,5.945,0,3
304,365,31.3,83.8,1484,5.945,0,3
306,364,31.3,83.8,1484,5.945,0,3
301,364,31.3,83.8,1484,5.945,0,3
302,365,31.3,83.8,1484,5.945,0,3
306,366,31.3,83.7,1484,5.945,0,3
313,375,31.3,83.6,1484,5.945,0,3
311,375,31.3,83.5,1484,5.945,0,3
314,376,31.3,83.4,1484,5.945,0,3
308,375,31.3,83.3,1485,5.945,0,3
312,375,31.4,83.3,1485,5.945,0,3
303,363,31.3,83.2,1485,5.945,0,3
304,364,31.3,83.2,1485,5.945,0,3
316,375,31.3,83.1,1485,5.945,0,3
315,375,31.3,83.1,1485,5.945,0,3
316,375,31.3,83.1,1485,5.945,0,3
305,369,31.4,83.1,1485,5.945,0,3
309,377,31.3,83.2,1485,5.945,0,3
300,374,31.3,83.2,1485,5.945,0,3
301,363,31.3,83.2,1485,5.945,0,3
305,364,31.4,83.1,1485,5.945,0,3
309,375,31.4,83.1,1486,5.945,0,3
313,375,31.4,83.0,1486,5.945,0,3
314,376,31.3,82.8,1486,5.945,0,3
313,375,31.3,82.7,1486,5.945,0,3
317,376,31.4,82.6,1486,5.945,0,3
314,375,31.4,82.6,1486,5.945,0,3
316,376,31.3,82.6,1486,5.945,0,3
324,381,31.4,82.7,1486,5.945,0,3
326,385,31.3,82.7,1486,5.945,0,3
324,378,31.3,82.8,1486,5.945,0,3
326,379,31.3,82.8,1486,5.945,0,3
323,380,31.4,82.8,1486,5.945,0,3
322,376,31.4,82.8,1487,5.945,0,3
322,383,31.4,82.9,1487,5.945,0,3
314,377,31.4,83.1,1487,5.945,0,3
312,379,31.4,83.2,1487,5.945,0,3
321,390,31.4,83.3,1487,5.945,0,3
325,390,31.4,83.4,1487,5.945,0,3
313,390,31.3,83.3,1487,5.945,0,3
311,379,31.4,83.3,1487,5.945,0,3
314,375,31.4,83.2,1487,5.945,0,3
322,388,31.4,83.2,1487,5.945,0,3
323,390,31.4,83.2,1487,5.945,0,3
321,388,31.4,83.1,1487,5.945,0,3
323,376,31.3,83.0,1488,5.945,0,3
327,380,31.4,83.0,1488,5.945,0,3
327,385,31.4,83.0,1488,5.945,0,3
323,382,31.4,82.9,1488,5.945,0,3
323,382,31.4,82.9,1488,5.945,0,3
323,380,31.4,82.9,1488,5.945,0,3
323,381,31.4,82.9,1488,5.945,0,3
322,382,31.4,82.8,1488,5.945,0,3
319,384,31.4,82.9,1488,5.945,0,3
322,379,31.4,82.8,1488,5.945,0,3
324,381,31.4,82.8,1488,5.945,0,3
325,385,31.4,82.7,1488,5.945,0,3
325,384,31.4,82.8,1489,5.945,0,3
323,385,31.4,82.7,1489,5.945,0,3
322,380,31.4,82.7,1489,5.945,0,3
322,380,31.4,82.7,1489,5.945,0,3
321,380,31.4,82.7,1489,5.945,0,3
321,372,31.4,82.7,1489,5.945,0,3
321,373,31.4,82.7,1489,5.945,0,3
321,380,31.4,82.8,1489,5.945,0,3
319,379,31.4,82.8,1489,5.945,0,3
323,375,31.4,82.7,1489,5.945,0,3
323,374,31.4,82.7,1489,5.945,0,3
320,375,31.4,82.3,1489,5.945,0,3
323,375,31.4,82.2,1490,5.945,0,3
310,365,31.4,82.2,1490,5.945,0,3
311,366,31.4,82.2,1490,5.945,0,3
313,366,31.4,82.1,1490,5.945,0,3
311,365,31.4,82.0,1490,5.945,0,3
313,366,31.4,81.9,1490,5.945,0,3
313,366,31.4,81.8,1490,5.945,0,3
314,366,31.4,81.6,1490,5.945,0,3
318,366,31.4,81.5,1490,5.945,0,3
325,370,31.4,81.4,1490,5.945,0,3
325,366,31.4,81.1,1490,5.945,0,3
324,368,31.4,81.1,1490,5.945,0,3
328,369,31.4,81.1,1491,5.954,0,3
327,372,31.4,81.2,1491,5.954,0,3
320,363,31.4,81.2,1491,5.954,0,3
318,363,31.4,81.3,1491,5.954,0,3
310,359,31.4,81.4,1491,5.954,0,3
312,359,31.4,81.6,1491,5.954,0,3
312,360,31.4,81.9,1491,5.954,0,3
322,362,31.4,82.2,1491,5.954,0,3
321,365,31.4,82.3,1491,5.954,0,3
322,363,31.4,82.3,1491,5.954,0,3
317,364,31.4,82.2,1491,5.954,0,3
317,366,31.4,82.1,1491,5.954,0,3
322,369,31.4,82.1,1492,5.954,0,3
313,363,31.4,82.0,1492,5.954,0,3
314,364,31.4,82.1,1492,5.954,0,3
328,373,31.4,82.2,1492,5.954,0,3
328,377,31.4,82.4,1492,5.954,0,3
326,378,31.4,82.5,1492,5.954,0,3
325,378,31.4,82.5,1492,5.954,0,3
325,381,31.4,82.7,1492,5.954,0,3
325,379,31.4,82.7,1492,5.954,0,3
326,379,31.4,82.6,1492,5.954,0,3
324,381,31.4,82.5,1492,5.954,0,3
325,377,31.4,82.3,1492,5.954,0,3
325,377,31.4,82.3,1493,5.954,0,3
321,380,31.4,82.2,1493,5.954,0,3
329,385,31.4,82.2,1493,5.954,0,3
328,386,31.4,82.4,1493,5.954,0,3
328,390,31.4,82.4,1493,5.954,0,3
331,390,31.4,82.5,1493,5.954,0,3
331,390,31.4,82.5,1493,5.954,0,3
330,392,31.4,82.5,1493,5.954,0,3
328,390,31.4,82.5,1493,5.954,0,3
336,390,31.4,82.5,1493,5.954,0,3
335,390,31.4,82.4,1493,5.954,0,3
332,391,31.4,82.4,1493,5.954,0,3
327,390,31.4,82.4,1494,5.954,0,3
334,390,31.4,82.5,1494,5.954,0,3
333,395,31.4,82.6,1494,5.954,0,3
330,393,31.4,82.7,1494,5.954,0,3
329,392,31.4,82.8,1494,5.954,0,3
335,395,31.5,82.8,1494,5.954,0,3
334,395,31.4,82.8,1494,5.954,0,3
335,396,31.4,82.8,1494,5.954,0,3
335,395,31.4,82.7,1494,5.954,0,3
337,395,31.4,82.8,1494,5.954,0,3
336,394,31.5,82.8,1494,5.954,0,3
336,396,31.4,82.9,1494,5.954,0,3
337,399,31.4,82.9,1495,5.954,0,3
336,395,31.5,82.9,1495,5.954,0,3
338,399,31.5,83.0,1495,5.954,0,3
337,400,31.5,83.1,1495,5.954,0,3
328,390,31.5,83.2,1495,5.954,0,3
328,390,31.5,83.3,1495,5.954,0,3
341,403,31.5,83.3,1495,5.954,0,3
339,402,31.5,83.3,1495,5.954,0,3
334,401,31.5,83.3,1495,5.954,0,3
335,401,31.5,83.3,1495,5.954,0,3
336,403,31.5,83.3,1495,5.954,0,3
334,401,31.4,83.4,1495,5.954,0,3
339,401,31.5,83.4,1496,5.954,0,3
328,404,31.5,83.4,1496,5.954,0,3
331,391,31.5,83.4,1496,5.954,0,3
328,390,31.5,83.4,1496,5.954,0,3
328,390,31.4,83.3,1496,5.954,0,3
336,402,31.4,83.3,1496,5.954,0,3
340,402,31.5,83.3,1496,5.954,0,3
338,403,31.5,83.3,1496,5.954,0,3
329,393,31.5,83.3,1496,5.954,0,3
328,392,31.5,83.2,1496,5.954,0,3
337,403,31.5,83.2,1496,5.954,0,3
339,403,31.5,83.2,1496,5.954,0,3
339,401,31.5,83.2,1497,5.954,0,3
341,397,31.5,83.1,1497,5.954,0,3
339,401,31.5,83.0,1497,5.954,0,3
339,391,31.5,82.9,1497,5.954,0,3
338,390,31.5,82.9,1497,5.954,0,3
340,400,31.5,82.8,1497,5.954,0,3
342,403,31.5,82.7,1497,5.954,0,3
338,400,31.5,82.7,1497,5.954,0,3
338,400,31.5,82.7,1497,5.954,0,3
337,400,31.5,82.7,1497,5.954,0,3
338,398,31.5,82.7,1497,5.954,0,3
339,396,31.5,82.7,1497,5.954,0,3
340,394,31.5,82.5,1498,5.954,0,3
336,396,31.5,82.4,1498,5.954,0,3
338,395,31.5,82.3,1498,5.954,0,3
338,392,31.5,82.3,1498,5.954,0,3
338,392,31.5,82.2,1498,5.954,0,3
338,392,31.5,82.2,1498,5.954,0,3
338,393,31.5,82.1,1498,5.954,0,3
342,392,31.5,82.1,1498,5.954,0,3
338,392,31.5,82.0,1498,5.954,0,3
334,393,31.5,82.0,1498,5.954,0,3
330,396,31.5,82.0,1498,5.954,0,3
330,393,31.5,82.1,1498,5.954,0,3
337,392,31.5,82.2,1499,5.954,0,3
333,392,31.5,82.2,1499,5.954,0,3
330,393,31.5,82.2,1499,5.954,0,3
330,392,31.5,82.0,1499,5.954,0,3
330,391,31.5,81.9,1499,5.954,0,3
329,381,31.5,81.9,1499,5.954,0,3
329,381,31.5,81.9,1499,5.954,0,3
330,383,31.5,81.7,1499,5.954,0,3
329,379,31.5,81.7,1499,5.954,0,3
339,393,31.5,81.7,1499,5.954,0,3
338,393,31.5,81.7,1499,5.954,0,3
340,390,31.5,81.7,1499,5.954,0,3
328,378,31.5,81.8,1500,5.954,0,3
331,379,31.5,81.8,1500,5.954,0,3
331,384,31.5,81.8,1500,5.954,0,3
331,380,31.5,81.9,1500,5.954,0,3
338,390,31.5,81.8,1500,5.954,0,3
338,390,31.5,81.8,1500,5.954,0,3
341,390,31.5,81.8,1500,5.954,0,3
342,390,31.5,81.7,1500,5.954,0,3
331,380,31.5,81.7,1500,5.954,0,3
329,385,31.5,81.7,1500,5.954,0,3
329,381,31.5,81.7,1500,5.954,0,3
328,380,31.5,81.7,1500,5.954,0,3
338,391,31.5,81.7,1501,5.954,0,3
337,390,31.5,81.9,1501,5.954,0,3
341,390,31.5,81.9,1501,5.954,0,3
330,384,31.5,82.0,1501,5.954,0,3
330,385,31.5,81.9,1501,5.954,0,3
329,384,31.5,81.9,1501,5.954,0,3
338,390,31.5,81.9,1501,5.954,0,3
337,391,31.5,82.0,1501,5.954,0,3
341,393,31.5,82.2,1501,5.954,0,3
339,393,31.5,82.1,1501,5.954,0,3
340,393,31.5,82.1,1501,5.954,0,3
335,393,31.5,82.1,1501,5.954,0,3
341,399,31.5,82.0,1502,5.954,0,3
343,399,31.5,82.0,1502,5.954,0,3
341,399,31.5,82.0,1502,5.954,0,3
348,404,31.5,82.0,1502,5.954,0,3
348,401,31.5,82.1,1502,5.954,0,3
346,403,31.5,82.1,1502,5.954,0,3
344,402,31.5,82.2,1502,5.954,0,3
346,403,31.5,82.4,1502,5.954,0,3
344,400,31.5,82.4,1502,5.954,0,3
345,396,31.5,82.4,1502,5.954,0,3
343,404,31.5,82.5,1502,5.954,0,3
346,403,31.5,82.4,1502,5.954,0,3
345,402,31.5,82.3,1503,5.954,0,3
342,403,31.5,82.3,1503,5.954,0,3
346,401,31.5,82.2,1503,5.954,0,3
342,401,31.5,82.1,1503,5.954,0,3
344,401,31.5,82.1,1503,5.954,0,3
345,401,31.5,81.9,1503,5.954,0,3
345,400,31.5,81.9,1503,5.954,0,3
345,395,31.5,81.9,1503,5.954,0,3
346,402,31.5,81.9,1503,5.954,0,3
344,400,31.5,81.9,1503,5.954,0,3
344,405,31.5,81.8,1503,5.954,0,3
345,400,31.5,81.9,1503,5.954,0,3
349,404,31.5,81.9,1504,5.954,0,3
347,401,31.5,81.9,1504,5.954,0,3
335,391,31.5,81.9,1504,5.954,0,3
334,390,31.5,81.8,1504,5.954,0,3
346,389,31.5,81.8,1504,5.954,0,3
345,390,31.5,81.8,1504,5.954,0,3
353,406,31.5,81.9,1504,5.954,0,3
357,409,31.5,82.0,1504,5.954,0,3
359,417,31.5,82.3,1504,5.954,0,3
358,419,31.5,82.4,1504,5.954,0,3
358,421,31.5,82.5,1504,5.954,0,3
347,409,31.5,82.6,1504,5.954,0,3
345,412,31.5,82.5,1505,5.954,0,3
366,425,31.5,82.5,1505,5.954,0,3
362,423,31.5,82.4,1505,5.954,0,3
358,421,31.5,82.4,1505,5.954,0,3
359,421,31.5,82.3,1505,5.954,0,3
359,421,31.5,82.3,1505,5.954,0,3
357,416,31.5,82.4,1505,5.954,0,3
357,421,31.5,82.3,1505,5.954,0,3
357,406,31.5,82.3,1505,5.954,0,3
357,406,31.5,82.3,1505,5.954,0,3
356,417,31.5,82.3,1505,5.954,0,3
354,415,31.5,82.3,1505,5.954,0,3
358,421,31.5,82.3,1506,5.954,0,3
355,418,31.6,82.3,1506,5.954,0,3
350,413,31.5,82.2,1506,5.954,0,3
350,413,31.5,82.2,1506,5.954,0,3
350,413,31.6,82.3,1506,5.954,0,3
350,413,31.5,82.3,1506,5.954,0,3
349,413,31.6,82.2,1506,5.954,0,3
350,413,31.5,82.3,1506,5.954,0,3
351,413,31.5,82.2,1506,5.954,0,3
350,411,31.5,82.2,1506,5.954,0,3
353,413,31.5,82.2,1506,5.954,0,3
355,412,31.6,82.1,1506,5.954,0,3
352,408,31.6,82.3,1507,5.954,0,3
349,409,31.6,82.2,1507,5.954,0,3
351,409,31.5,82.3,1507,5.954,0,3
349,410,31.5,82.3,1507,5.954,0,3
345,397,31.5,82.3,1507,5.954,0,3
353,401,31.6,82.3,1507,5.954,0,3
356,413,31.6,82.4,1507,5.954,0,3
354,412,31.6,82.4,1507,5.954,0,3
353,412,31.6,82.5,1507,5.954,0,3
350,411,31.5,82.6,1507,5.954,0,3
354,413,31.6,83.1,1507,5.954,0,3
354,413,31.6,83.2,1507,5.954,0,3
354,417,31.6,83.3,1508,5.954,0,3
356,420,31.6,83.3,1508,5.954,0,3
354,419,31.6,83.3,1508,5.954,0,3
341,404,31.5,83.3,1508,5.954,0,3
340,404,31.6,83.3,1508,5.954,0,3
354,417,31.6,83.4,1508,5.954,0,3
351,415,31.6,83.4,1508,5.954,0,3
351,415,31.6,83.4,1508,5.954,0,3
359,421,31.6,83.4,1508,5.954,0,3
358,421,31.6,83.4,1508,5.954,0,3
351,417,31.6,83.3,1508,5.954,0,3
351,421,31.6,83.3,1508,5.954,0,3
342,421,31.6,83.2,1509,5.954,0,3
343,418,31.6,83.1,1509,5.954,0,3
351,417,31.6,83.1,1509,5.954,0,3
359,416,31.6,83.0,1509,5.954,0,3
359,419,31.6,82.9,1509,5.954,0,3
348,405,31.6,82.8,1509,5.954,0,3
343,404,31.6,82.8,1509,5.954,0,3
354,415,31.6,82.7,1509,5.954,0,3
355,411,31.6,82.7,1509,5.954,0,3
355,411,31.6,82.7,1509,5.954,0,3
355,410,31.6,82.7,1509,5.954,0,3
356,412,31.6,82.7,1509,5.954,0,3
360,412,31.6,82.5,1510,5.954,0,3
359,415,31.6,82.5,1510,5.954,0,3
359,412,31.6,82.3,1510,5.954,0,3
356,411,31.6,82.2,1510,5.954,0,3
353,412,31.6,82.2,1510,5.954,0,3
355,411,31.6,82.2,1510,5.954,0,3
354,410,31.6,82.2,1510,5.954,0,3
354,396,31.6,82.2,1510,5.954,0,3
350,393,31.6,82.2,1510,5.954,0,3
348,397,31.6,82.2,1510,5.954,0,3
349,400,31.6,82.2,1510,5.954,0,3
352,404,31.6,82.2,1510,5.954,0,3
352,404,31.6,82.1,1511,5.954,0,3
354,408,31.6,82.1,1511,5.954,0,3
354,408,31.6,82.1,1511,5.954,0,3
354,408,31.6,82.2,1511,5.954,0,3
354,409,31.6,82.3,1511,5.954,0,3
359,411,31.6,82.3,1511,5.954,0,3
354,409,31.6,82.4,1511,5.954,0,3
358,409,31.6,82.5,1511,5.954,0,3
355,412,31.6,82.6,1511,5.954,0,3
354,410,31.6,82.6,1511,5.954,0,3
356,411,31.6,82.7,1511,5.954,0,3
354,410,31.6,82.8,1511,5.954,0,3
353,409,31.6,82.8,1512,5.954,0,3
352,414,31.6,82.9,1512,5.954,0,3
348,411,31.6,82.8,1512,5.954,0,3
354,411,31.6,82.9,1512,5.954,0,3
353,411,31.6,82.9,1512,5.954,0,3
354,416,31.6,82.9,1512,5.954,0,3
353,411,31.6,82.9,1512,5.954,0,3
354,412,31.6,82.8,1512,5.954,0,3
350,404,31.6,82.8,1512,5.954,0,3
346,402,31.6,82.7,1512,5.954,0,3
359,416,31.6,82.7,1512,5.954,0,3
354,413,31.6,82.8,1512,5.954,0,3
347,401,31.6,82.8,1513,5.954,0,3
349,402,31.6,82.7,1513,5.954,0,3
350,404,31.6,82.8,1513,5.954,0,3
352,409,31.6,82.7,1513,5.954,0,3
352,404,31.6,82.7,1513,5.954,0,3
343,404,31.6,82.7,1513,5.954,0,3
341,404,31.6,82.6,1513,5.954,0,3
359,404,31.6,82.5,1513,5.954,0,3
361,403,31.6,82.5,1513,5.954,0,3
357,401,31.6,82.5,1513,5.954,0,3
357,409,31.6,82.5,1513,5.954,0,3
358,413,31.6,82.6,1513,5.954,0,3
357,416,31.6,82.7,1514,5.954,0,3
357,413,31.6,82.8,1514,5.954,0,3
363,418,31.6,82.9,1514,5.954,0,3
362,419,31.6,82.9,1514,5.954,0,3
358,416,31.6,82.9,1514,5.954,0,3
359,417,31.6,82.9,1514,5.954,0,3
357,419,31.6,82.9,1514,5.954,0,3
358,416,31.6,82.8,1514,5.954,0,3
361,417,31.6,82.7,1514,5.954,0,3
362,417,31.6,82.7,1514,5.954,0,3
359,417,31.6,82.6,1514,5.954,0,3
358,419,31.6,82.6,1514,5.954,0,3
358,413,31.6,82.6,1515,5.954,0,3
358,413,31.6,82.6,1515,5.954,0,3
353,417,31.6,82.7,1515,5.954,0,3
359,417,31.6,82.7,1515,5.954,0,3
359,418,31.6,82.6,1515,5.954,0,3
359,418,31.6,82.5,1515,5.954,0,3
358,415,31.6,82.5,1515,5.954,0,3
356,412,31.6,82.5,1515,5.954,0,3
350,401,31.6,82.5,1515,5.954,0,3
353,397,31.6,82.4,1515,5.954,0,3
354,408,31.6,82.5,1515,5.954,0,3
359,417,31.6,82.5,1515,5.954,0,3
346,412,31.6,82.4,1516,5.954,0,3
350,404,31.6,82.3,1516,5.954,0,3
348,395,31.6,82.0,1516,5.954,0,3
352,394,31.6,81.8,1516,5.954,0,3
362,411,31.6,81.6,1516,5.954,0,3
359,409,31.6,81.5,1516,5.954,0,3
358,407,31.6,81.5,1516,5.954,0,3
361,402,31.6,81.7,1516,5.954,0,3
362,397,31.6,81.7,1516,5.954,0,3
359,407,31.6,81.8,1516,5.954,0,3
358,408,31.6,82.0,1516,5.954,0,3
359,407,31.6,82.3,1516,5.954,0,3
357,411,31.6,82.5,1517,5.954,0,3
362,415,31.6,82.6,1517,5.954,0,3
356,410,31.6,82.8,1517,5.954,0,3
361,410,31.6,83.0,1517,5.954,0,3
358,410,31.6,83.2,1517,5.954,0,3
358,421,31.6,83.4,1517,5.954,0,3
359,421,31.6,83.4,1517,5.954,0,3
360,405,31.6,83.4,1517,5.954,0,3
365,408,31.6,83.3,1517,5.954,0,3
359,411,31.6,83.2,1517,5.954,0,3
359,421,31.6,83.2,1517,5.954,0,3
360,421,31.6,83.3,1517,5.954,0,3
362,409,31.6,83.3,1518,5.954,0,3
365,410,31.6,83.4,1518,5.954,0,3
359,408,31.6,83.4,1518,5.954,0,3
364,421,31.6,83.3,1518,5.954,0,3
371,430,31.7,82.6,1518,5.954,0,3
371,430,31.6,82.6,1518,5.954,0,3
369,430,31.7,82.7,1518,5.954,0,3
366,424,31.7,82.8,1518,5.954,0,3
368,430,31.7,82.9,1518,5.954,0,3
368,427,31.7,82.8,1518,5.954,0,3
361,420,31.6,82.7,1518,5.954,0,3
358,419,31.7,82.7,1518,5.954,0,3
368,428,31.6,82.7,1519,5.954,0,3
365,426,31.6,82.6,1519,5.954,0,3
366,423,31.7,82.5,1519,5.954,0,3
360,412,31.7,82.5,1519,5.954,0,3
361,413,31.7,82.5,1519,5.954,0,3
359,413,31.6,82.5,1519,5.954,0,3
365,421,31.6,82.4,1519,5.954,0,3
366,421,31.6,82.3,1519,5.954,0,3
363,405,31.6,82.2,1519,5.954,0,3
369,409,31.6,82.2,1519,5.954,0,3
366,421,31.7,82.3,1519,5.954,0,3
365,421,31.6,82.3,1519,5.954,0,3
365,421,31.6,82.4,1520,5.954,0,3
364,421,31.7,82.6,1520,5.954,0,3
365,421,31.6,82.5,1520,5.954,0,3
365,421,31.7,82.6,1520,5.954,0,3
359,409,31.7,82.6,1520,5.954,0,3
358,409,31.6,82.6,1520,5.954,0,3
365,421,31.7,82.7,1520,5.954,0,3
366,421,31.7,82.7,1520,5.954,0,3
366,421,31.7,82.7,1520,5.954,0,3
369,421,31.7,82.7,1520,5.954,0,3
371,421,31.6,82.7,1520,5.954,0,3
369,422,31.7,82.9,1520,5.954,0,3
366,422,31.7,82.9,1521,5.965,0,3
365,421,31.7,83.1,1521,5.965,0,3
366,422,31.7,83.1,1521,5.965,0,3
367,422,31.7,83.2,1521,5.965,0,3
366,422,31.7,83.2,1521,5.965,0,3
368,422,31.7,83.1,1521,5.965,0,3
368,422,31.7,83.1,1521,5.965,0,3
364,423,31.7,83.1,1521,5.965,0,3
364,421,31.6,83.1,1521,5.965,0,3
367,421,31.7,83.0,1521,5.965,0,3
367,421,31.7,82.9,1521,5.965,0,3
366,423,31.7,82.8,1521,5.965,0,3
369,421,31.6,82.8,1522,5.965,0,3
369,421,31.7,82.7,1522,5.965,0,3
366,421,31.7,82.8,1522,5.965,0,3
368,421,31.7,82.8,1522,5.965,0,3
368,421,31.7,82.7,1522,5.965,0,3
369,413,31.6,82.7,1522,5.965,0,3
375,416,31.7,82.7,1522,5.965,0,3
372,422,31.7,82.7,1522,5.965,0,3
371,417,31.7,82.7,1522,5.965,0,3
371,417,31.7,82.7,1522,5.965,0,3
374,422,31.7,82.7,1522,5.965,0,3
371,424,31.7,82.7,1522,5.965,0,3
364,415,31.7,82.6,1523,5.965,0,3
359,411,31.7,82.7,1523,5.965,0,3
371,421,31.7,82.7,1523,5.965,0,3
371,417,31.7,82.7,1523,5.965,0,3
374,413,31.7,82.8,1523,5.965,0,3
370,419,31.7,82.9,1523,5.965,0,3
374,422,31.7,82.8,1523,5.965,0,3
377,424,31.7,82.7,1523,5.965,0,3
377,424,31.7,82.7,1523,5.965,0,3
377,436,31.7,82.7,1523,5.965,0,3
376,441,31.7,82.5,1523,5.965,0,3
377,424,31.7,82.5,1523,5.965,0,3
377,419,31.7,82.3,1524,5.965,0,3
373,421,31.7,82.2,1524,5.965,0,3
372,422,31.7,82.0,1524,5.965,0,3
375,421,31.7,81.7,1524,5.965,0,3
375,421,31.7,81.6,1524,5.965,0,3
360,408,31.7,81.5,1524,5.965,0,3
359,405,31.7,81.5,1524,5.965,0,3
372,417,31.7,81.5,1524,5.965,0,3
372,417,31.7,81.4,1524,5.965,0,3
371,416,31.7,81.5,1524,5.965,0,3
374,415,31.7,81.5,1524,5.965,0,3
372,419,31.7,81.5,1524,5.965,0,3
372,421,31.7,81.6,1525,5.965,0,3
370,417,31.7,81.6,1525,5.965,0,3
367,415,31.7,81.7,1525,5.965,0,3
370,417,31.7,81.8,1525,5.965,0,3
370,406,31.7,81.9,1525,5.965,0,3
373,408,31.7,82.2,1525,5.965,0,3
372,416,31.7,82.4,1525,5.965,0,3
370,416,31.7,82.5,1525,5.965,0,3
369,421,31.7,82.7,1525,5.965,0,3
370,421,31.7,82.8,1525,5.965,0,3
370,416,31.7,82.7,1525,5.965,0,3
373,421,31.7,82.5,1525,5.965,0,3
372,421,31.7,82.4,1526,5.965,0,3
360,416,31.7,82.4,1526,5.965,0,3
364,416,31.7,82.4,1526,5.965,0,3
367,415,31.7,82.5,1526,5.965,0,3
370,409,31.7,82.6,1526,5.965,0,3
370,411,31.7,82.8,1526,5.965,0,3
373,423,31.7,82.9,1526,5.965,0,3
369,418,31.7,83.0,1526,5.965,0,3
374,424,31.7,83.0,1526,5.965,0,3
372,423,31.7,83.0,1526,5.965,0,3
371,423,31.7,83.0,1526,5.965,0,3
371,423,31.7,83.0,1526,5.965,0,3
375,425,31.7,83.1,1527,5.965,0,3
373,426,31.7,83.1,1527,5.965,0,3
369,424,31.7,83.2,1527,5.965,0,3
359,418,31.7,83.1,1527,5.965,0,3
359,414,31.7,83.1,1527,5.965,0,3
369,425,31.7,83.0,1527,5.965,0,3
374,423,31.7,83.0,1527,5.965,0,3
374,426,31.7,83.0,1527,5.965,0,3
373,422,31.7,82.9,1527,5.965,0,3
374,425,31.7,82.8,1527,5.965,0,3
372,422,31.7,82.7,1527,5.965,0,3
370,422,31.7,82.6,1527,5.965,0,3
370,421,31.7,82.5,1528,5.965,0,3
371,422,31.7,82.5,1528,5.965,0,3
374,422,31.7,82.6,1528,5.965,0,3
373,426,31.7,82.7,1528,5.965,0,3
371,423,31.7,82.8,1528,5.965,0,3
372,424,31.7,82.8,1528,5.965,0,3
369,427,31.7,82.9,1528,5.965,0,3
375,428,31.7,83.2,1528,5.965,0,3
374,428,31.7,83.4,1528,5.965,0,3
372,433,31.7,83.8,1528,5.965,0,3
373,436,31.7,84.0,1528,5.965,0,3
372,435,31.7,84.1,1528,5.965,0,3
374,435,31.7,83.9,1529,5.965,0,3
377,434,31.7,83.8,1529,5.965,0,3
375,436,31.7,83.7,1529,5.965,0,3
375,435,31.7,83.6,1529,5.965,0,3
371,435,31.7,83.5,1529,5.965,0,3
372,421,31.7,83.5,1529,5.965,0,3
369,422,31.7,83.5,1529,5.965,0,3
372,421,31.7,83.5,1529,5.965,0,3
370,421,31.7,83.5,1529,5.965,0,3
374,433,31.7,83.5,1529,5.965,0,3
372,431,31.7,83.4,1529,5.965,0,3
366,426,31.7,83.3,1529,5.965,0,3
364,428,31.7,82.6,1530,5.965,0,3
359,428,31.7,81.5,1530,5.965,0,3
355,429,31.7,79.6,1530,5.965,0,3
362,429,31.7,79.7,1530,5.965,0,3
360,427,31.7,79.9,1530,5.965,0,3
350,412,31.7,80.1,1530,5.965,0,3
350,415,31.7,80.0,1530,5.965,0,3
361,418,31.7,79.9,1530,5.965,0,3
361,416,31.7,79.8,1530,5.965,0,3
361,414,31.7,79.5,1530,5.965,0,3
357,408,31.7,79.4,1530,5.965,0,3
359,406,31.7,79.4,1530,5.965,0,3
363,416,31.7,79.4,1531,5.965,0,3
362,416,31.7,79.7,1531,5.965,0,3
364,416,31.7,80.5,1531,5.965,0,3
365,424,31.7,80.7,1531,5.965,0,3
366,424,31.7,81.2,1531,5.965,0,3
365,425,31.7,81.5,1531,5.965,0,3
369,424,31.7,81.8,1531,5.965,0,3
369,425,31.7,82.0,1531,5.965,0,3
370,426,31.7,82.1,1531,5.965,0,3
370,426,31.7,82.5,1531,5.965,0,3
371,427,31.7,82.6,1531,5.965,0,3
371,437,31.7,82.5,1531,5.965,0,3
374,436,31.7,82.3,1532,5.965,0,3
372,432,31.7,82.1,1532,5.965,0,3
370,432,31.7,82.0,1532,5.965,0,3
370,432,31.7,81.9,1532,5.965,0,3
373,431,31.7,82.0,1532,5.965,0,3
373,434,31.7,82.3,1532,5.965,0,3
372,433,31.7,82.5,1532,5.965,0,3
372,434,31.7,82.6,1532,5.965,0,3
372,436,31.8,82.7,1532,5.965,0,3
373,437,31.7,82.9,1532,5.965,0,3
372,439,31.7,82.9,1532,5.965,0,3
372,438,31.8,83.0,1532,5.965,0,3
359,422,31.7,83.0,1533,5.965,0,3
361,427,31.8,83.3,1533,5.965,0,3
375,442,31.7,83.3,1533,5.965,0,3
374,440,31.8,83.3,1533,5.965,0,3
373,437,31.8,83.0,1533,5.965,0,3
378,436,31.7,82.7,1533,5.965,0,3
380,437,31.8,82.6,1533,5.965,0,3
375,437,31.8,82.6,1533,5.965,0,3
375,437,31.8,82.5,1533,5.965,0,3
374,437,31.8,82.7,1533,5.965,0,3
376,437,31.7,82.9,1533,5.965,0,3
385,439,31.8,83.0,1533,5.965,0,3
385,444,31.8,83.0,1534,5.965,0,3
375,447,31.8,83.2,1534,5.965,0,3
378,450,31.8,83.2,1534,5.965,0,3
388,463,31.8,83.4,1534,5.965,0,3
383,462,31.8,83.7,1534,5.965,0,3
385,453,31.8,83.9,1534,5.965,0,3
375,455,31.8,84.1,1534,5.965,0,3
376,453,31.7,83.8,1534,5.965,0,3
382,453,31.8,83.6,1534,5.965,0,3
381,452,31.8,83.4,1534,5.965,0,3
385,462,31.8,83.3,1534,5.965,0,3
380,459,31.8,83.2,1534,5.965,0,3
381,457,31.8,83.1,1535,5.965,0,3
379,457,31.8,83.1,1535,5.965,0,3
374,455,31.8,83.0,1535,5.965,0,3
381,443,31.8,83.1,1535,5.965,0,3
385,446,31.8,83.3,1535,5.965,0,3
380,448,31.8,83.4,1535,5.965,0,3
385,457,31.8,83.4,1535,5.965,0,3
385,456,31.8,83.4,1535,5.965,0,3
381,453,31.8,83.3,1535,5.965,0,3
373,446,31.8,83.3,1535,5.965,0,3
374,444,31.8,83.6,1535,5.965,0,3
381,447,31.8,83.7,1535,5.965,0,3
381,444,31.8,84.0,1536,5.965,0,3
381,459,31.8,84.2,1536,5.965,0,3
381,458,31.8,84.4,1536,5.965,0,3
380,459,31.8,84.5,1536,5.965,0,3
384,460,31.8,84.5,1536,5.965,0,3
382,459,31.8,84.2,1536,5.965,0,3
381,457,31.8,83.9,1536,5.965,0,3
371,443,31.8,83.7,1536,5.965,0,3
369,442,31.8,83.5,1536,5.965,0,3
379,452,31.8,83.5,1536,5.965,0,3
379,452,31.8,83.6,1536,5.965,0,3
379,452,31.8,83.6,1536,5.965,0,3
377,452,31.8,83.3,1537,5.965,0,3
379,454,31.8,83.0,1537,5.965,0,3
378,456,31.8,82.9,1537,5.965,0,3
376,453,31.8,83.0,1537,5.965,0,3
375,455,31.8,83.0,1537,5.965,0,3
381,453,31.8,82.8,1537,5.965,0,3
378,452,31.8,82.6,1537,5.965,0,3
375,450,31.8,82.5,1537,5.965,0,3
378,451,31.8,82.4,1537,5.965,0,3
378,444,31.8,82.3,1537,5.965,0,3
376,442,31.8,82.1,1537,5.965,0,3
378,446,31.8,82.0,1537,5.965,0,3
377,443,31.8,82.0,1538,5.965,0,3
375,440,31.8,82.0,1538,5.965,0,3
375,438,31.8,82.1,1538,5.965,0,3
375,438,31.8,81.7,1538,5.965,0,3
374,437,31.8,80.5,1538,5.965,0,3
375,437,31.8,79.9,1538,5.965,0,3
359,437,31.8,79.2,1538,5.965,0,3
359,423,31.8,79.2,1538,5.965,0,3
359,421,31.8,79.4,1538,5.965,0,3
370,422,31.8,79.1,1538,5.965,0,3
374,421,31.8,79.0,1538,5.965,0,3
368,421,31.8,79.1,1538,5.965,0,3
368,421,31.8,79.3,1539,5.965,0,3
372,421,31.8,79.5,1539,5.965,0,3
368,421,31.8,79.6,1539,5.965,0,3
368,421,31.8,79.0,1539,5.965,0,3
366,421,31.8,77.7,1539,5.965,0,3
364,417,31.8,77.0,1539,5.965,0,3
363,421,31.8,76.3,1539,5.965,0,3
362,421,31.8,76.5,1539,5.965,0,3
355,408,31.8,76.8,1539,5.965,0,3
359,409,31.8,77.2,1539,5.965,0,3
364,421,31.8,77.4,1539,5.965,0,3
365,418,31.8,77.6,1539,5.965,0,3
369,416,31.8,77.9,1540,5.965,0,3
366,417,31.8,78.2,1540,5.965,0,3
365,406,31.8,78.5,1540,5.965,0,3
366,407,31.8,78.7,1540,5.965,0,3
359,406,31.8,78.8,1540,5.965,0,3
359,409,31.8,79.0,1540,5.965,0,3
364,421,31.8,79.3,1540,5.965,0,3
365,422,31.8,79.7,1540,5.965,0,3
365,417,31.8,80.4,1540,5.965,0,3
372,430,31.8,81.0,1540,5.965,0,3
370,430,31.8,81.1,1540,5.965,0,3
366,421,31.8,80.9,1540,5.965,0,3
362,419,31.8,80.7,1541,5.965,0,3
370,427,31.8,80.7,1541,5.965,0,3
376,432,31.8,80.3,1541,5.965,0,3
376,431,31.8,80.2,1541,5.965,0,3
375,428,31.8,80.1,1541,5.965,0,3
373,422,31.8,80.1,1541,5.965,0,3
376,419,31.8,80.2,1541,5.965,0,3
376,419,31.8,80.4,1541,5.965,0,3
376,422,31.8,80.8,1541,5.965,0,3
376,421,31.8,81.0,1541,5.965,0,3
378,422,31.8,81.3,1541,5.965,0,3
376,425,31.8,81.3,1541,5.965,0,3
378,436,31.8,81.1,1542,5.965,0,3
376,438,31.8,81.1,1542,5.965,0,3
376,430,31.8,81.1,1542,5.965,0,3
376,431,31.9,81.3,1542,5.965,0,3
369,428,31.8,81.3,1542,5.965,0,3
372,428,31.8,81.1,1542,5.965,0,3
376,432,31.8,80.7,1542,5.965,0,3
377,429,31.8,80.6,1542,5.965,0,3
373,427,31.8,80.6,1542,5.965,0,3
376,431,31.8,80.7,1542,5.965,0,3
376,432,31.8,81.1,1542,5.965,0,3
376,436,31.8,81.3,1542,5.965,0,3
378,437,31.8,81.6,1543,5.965,0,3
378,437,31.8,81.7,1543,5.965,0,3
376,437,31.8,81.7,1543,5.965,0,3
375,437,31.8,81.5,1543,5.965,0,3
376,437,31.8,81.4,1543,5.965,0,3
375,436,31.9,81.2,1543,5.965,0,3
375,432,31.8,81.2,1543,5.965,0,3
376,437,31.8,81.2,1543,5.965,0,3
382,451,31.8,81.3,1543,5.965,0,3
396,453,31.9,81.4,1543,5.965,0,3
393,450,31.8,81.6,1543,5.965,0,3
388,450,31.8,81.9,1543,5.965,0,3
408,456,31.8,82.0,1544,5.965,0,3
404,455,31.9,81.9,1544,5.965,0,3
389,451,31.9,81.9,1544,5.965,0,3
390,450,31.9,82.0,1544,5.965,0,3
390,451,31.8,82.3,1544,5.965,0,3
390,450,31.8,82.4,1544,5.965,0,3
389,451,31.9,82.2,1544,5.965,0,3
390,451,31.9,82.0,1544,5.965,0,3
385,451,31.8,82.0,1544,5.965,0,3
380,451,31.8,82.1,1544,5.965,0,3
389,456,31.8,82.0,1544,5.965,0,3
387,454,31.8,81.9,1544,5.965,0,3
386,453,31.8,81.8,1545,5.965,0,3
386,451,31.9,81.8,1545,5.965,0,3
381,453,31.9,82.0,1545,5.965,0,3
383,453,31.9,82.2,1545,5.965,0,3
393,454,31.9,82.6,1545,5.965,0,3
390,452,31.9,82.7,1545,5.965,0,3
393,460,31.9,82.8,1545,5.965,0,3
391,462,31.8,82.7,1545,5.965,0,3
390,456,31.8,82.7,1545,5.965,0,3
390,457,31.9,82.8,1545,5.965,0,3
389,458,31.9,82.9,1545,5.965,0,3
385,457,31.9,83.0,1545,5.965,0,3
386,457,31.9,83.1,1546,5.965,0,3
381,457,31.9,83.0,1546,5.965,0,3
387,458,31.9,83.0,1546,5.965,0,3
390,458,31.9,82.8,1546,5.965,0,3
395,463,31.9,82.9,1546,5.965,0,3
393,458,31.9,82.9,1546,5.965,0,3
390,460,31.9,82.9,1546,5.965,0,3
388,455,31.9,82.7,1546,5.965,0,3
388,455,31.9,82.6,1546,5.965,0,3
387,455,31.9,82.4,1546,5.965,0,3
383,452,31.9,82.3,1546,5.965,0,3
388,453,31.9,82.2,1546,5.965,0,3
386,450,31.9,82.1,1547,5.965,0,3
388,450,31.8,82.2,1547,5.965,0,3
388,447,31.9,82.2,1547,5.965,0,3
387,450,31.9,82.2,1547,5.965,0,3
399,450,31.9,82.3,1547,5.965,0,3
394,453,31.9,82.3,1547,5.965,0,3
391,453,31.8,82.3,1547,5.965,0,3
389,446,31.9,82.2,1547,5.965,0,3
389,446,31.9,82.3,1547,5.965,0,3
388,438,31.9,82.3,1547,5.965,0,3
387,434,31.9,82.3,1547,5.965,0,3
386,444,31.9,82.3,1547,5.965,0,3
388,447,31.9,82.5,1548,5.965,0,3
388,444,31.9,82.6,1548,5.965,0,3
384,444,31.9,82.7,1548,5.965,0,3
389,446,31.9,82.7,1548,5.965,0,3
390,449,31.9,82.7,1548,5.965,0,3
393,453,31.9,82.8,1548,5.965,0,3
390,453,31.8,82.8,1548,5.965,0,3
390,453,31.9,82.8,1548,5.965,0,3
390,452,31.9,82.9,1548,5.965,0,3
386,453,31.9,82.9,1548,5.965,0,3
390,453,31.9,82.9,1548,5.965,0,3
400,465,31.9,82.9,1548,5.965,0,3
399,468,31.9,83.0,1549,5.965,0,3
399,468,31.9,83.0,1549,5.965,0,3
399,468,31.9,83.0,1549,5.965,0,3
399,468,31.9,83.0,1549,5.965,0,3
399,468,31.9,83.0,1549,5.965,0,3
399,468,31.9,83.0,1549,5.965,0,3
399,468,31.9,83.0,1549,5.965,0,3
399,468,31.9,83.0,1549,5.965,0,3
399,468,31.9,83.0,1549,5.965,0,3
399,468,31.9,82.9,1549,5.965,0,3
399,468,31.9,82.9,1549,5.965,0,3
399,468,31.9,82.9,1549,5.965,0,3
399,468,31.9,82.9,1550,5.965,0,3
399,468,31.9,82.9,1550,5.965,0,3
399,468,31.9,82.9,1550,5.965,0,3
399,468,31.9,82.9,1550,5.965,0,3
399,468,31.9,82.9,1550,5.965,0,3
399,468,31.9,82.9,1550,5.965,0,3
399,468,31.9,82.9,1550,5.965,0,3
399,468,31.9,82.9,1550,5.965,0,3
399,468,31.9,82.9,1550,5.965,0,3
399,468,31.9,82.9,1550,5.965,0,3
399,468,31.9,82.9,1550,5.965,0,3
399,468,31.9,82.9,1550,5.965,0,3
399,468,31.9,82.9,1551,5.977,0,3
399,468,31.9,82.9,1551,5.977,0,3
399,468,31.9,82.9,1551,5.977,0,3
399,468,31.9,82.9,1551,5.977,0,3
399,468,31.9,82.9,1551,5.977,0,3
399,468,31.9,82.9,1551,5.977,0,3
399,468,31.9,82.9,1551,5.977,0,3
399,468,31.9,82.9,1551,5.977,0,3
399,468,31.9,82.9,1551,5.977,0,3
399,468,31.9,82.9,1551,5.977,0,3
399,468,31.9,82.9,1551,5.977,0,3
399,468,31.9,82.9,1551,5.977,0,3
399,468,31.9,82.9,1552,5.977,0,3
399,468,31.9,82.9,1552,5.977,0,3
399,468,31.9,82.9,1552,5.977,0,3
399,468,31.9,82.9,1552,5.977,0,3
399,468,31.9,82.9,1552,5.977,0,3
399,468,31.9,82.9,1552,5.977,0,3
399,468,31.9,82.9,1552,5.977,0,3
399,468,31.9,82.9,1552,5.977,0,3
399,468,31.9,82.8,1552,5.977,0,3
399,468,31.9,82.8,1552,5.977,0,3
399,468,31.9,82.8,1552,5.977,0,3
399,468,31.9,82.8,1552,5.977,0,3
399,468,31.9,82.8,1553,5.977,0,3
399,468,31.9,82.8,1553,5.977,0,3
399,468,31.9,82.8,1553,5.977,0,3
399,468,31.9,82.8,1553,5.977,0,3
399,468,31.9,82.8,1553,5.977,0,3
399,468,31.9,82.8,1553,5.977,0,3
399,468,31.9,82.8,1553,5.977,0,3
398,468,31.9,82.8,1553,5.977,0,3
398,468,31.9,82.8,1553,5.977,0,3
398,468,31.9,82.8,1553,5.977,0,3
398,468,31.9,82.8,1553,5.977,0,3
398,468,31.9,82.8,1553,5.977,0,3
398,468,31.9,82.8,1554,5.977,0,3
398,468,31.8,82.8,1554,5.977,0,3
398,468,31.8,82.8,1554,5.977,0,3
398,468,31.8,82.8,1554,5.977,0,3
398,468,31.8,82.8,1554,5.977,0,3
398,468,31.8,82.8,1554,5.977,0,3
398,468,31.8,82.8,1554,5.977,0,3
398,468,31.8,82.8,1554,5.977,0,3
398,468,31.8,82.8,1554,5.977,0,3
398,468,31.8,82.8,1554,5.977,0,3
398,468,31.8,82.8,1554,5.977,0,3
398,468,31.8,82.8,1554,5.977,0,3
398,468,31.8,82.8,1555,5.977,0,3
398,468,31.8,82.8,1555,5.977,0,3
398,468,31.8,82.8,1555,5.977,0,3
398,468,31.8,82.8,1555,5.977,0,3
398,468,31.8,82.8,1555,5.977,0,3
398,468,31.8,82.8,1555,5.977,0,3
398,468,31.8,82.8,1555,5.977,0,3
398,468,31.8,82.7,1555,5.977,0,3
398,468,31.8,82.7,1555,5.977,0,3
398,468,31.8,82.7,1555,5.977,0,3
398,468,31.8,82.7,1555,5.977,0,3
398,468,31.8,82.7,1555,5.977,0,3
398,468,31.8,82.7,1556,5.977,0,3
398,468,31.8,82.7,1556,5.977,0,3
398,468,31.8,82.7,1556,5.977,0,3
398,467,31.8,82.7,1556,5.977,0,3
398,467,31.8,82.7,1556,5.977,0,3
398,467,31.8,82.7,1556,5.977,0,3
398,467,31.8,82.7,1556,5.977,0,3
398,467,31.8,82.7,1556,5.977,0,3
398,467,31.8,82.7,1556,5.977,0,3
398,467,31.8,82.7,1556,5.977,0,3
398,467,31.8,82.7,1556,5.977,0,3
398,467,31.8,82.7,1556,5.977,0,3
398,467,31.8,82.7,1557,5.977,0,3
398,467,31.8,82.7,1557,5.977,0,3
398,467,31.8,82.7,1557,5.977,0,3
398,467,31.8,82.7,1557,5.977,0,3
398,467,31.8,82.7,1557,5.977,0,3
398,467,31.8,82.7,1557,5.977,0,3
398,467,31.8,82.7,1557,5.977,0,3
398,467,31.8,82.7,1557,5.977,0,3
398,467,31.8,82.7,1557,5.977,0,3
398,467,31.8,82.7,1557,5.977,0,3
398,467,31.8,82.7,1557,5.977,0,3
398,467,31.8,82.7,1557,5.977,0,3
398,467,31.8,82.7,1558,5.977,0,3
398,467,31.8,82.7,1558,5.977,0,3
398,467,31.8,82.7,1558,5.977,0,3
398,467,31.8,82.7,1558,5.977,0,3
398,467,31.8,82.7,1558,5.977,0,3
398,467,31.8,82.7,1558,5.977,0,3
398,467,31.8,82.7,1558,5.977,0,3
398,467,31.8,82.6,1558,5.977,0,3
398,467,31.8,82.6,1558,5.977,0,3
398,467,31.8,82.6,1558,5.977,0,3
398,467,31.8,82.6,1558,5.977,0,3
398,467,31.8,82.6,1558,5.977,0,3
398,467,31.8,82.6,1559,5.977,0,3
398,467,31.8,82.6,1559,5.977,0,3
398,467,31.8,82.6,1559,5.977,0,3
398,467,31.8,82.6,1559,5.977,0,3
398,467,31.8,82.6,1559,5.977,0,3
398,467,31.8,82.6,1559,5.977,0,3
398,467,31.8,82.6,1559,5.977,0,3
398,467,31.8,82.6,1559,5.977,0,3
398,467,31.8,82.6,1559,5.977,0,3
398,467,31.8,82.6,1559,5.977,0,3
398,467,31.8,82.6,1559,5.977,0,3
398,467,31.8,82.6,1559,5.977,0,3
398,467,31.8,82.6,1560,5.977,0,3
398,467,31.8,82.6,1560,5.977,0,3
398,467,31.8,82.6,1560,5.977,0,3
398,467,31.8,82.6,1560,5.977,0,3
398,467,31.8,82.6,1560,5.977,0,3
398,467,31.8,82.6,1560,5.977,0,3
398,467,31.8,82.6,1560,5.977,0,3
398,467,31.8,82.6,1560,5.977,0,3
398,467,31.8,82.6,1560,5.977,0,3
398,467,31.8,82.6,1560,5.977,0,3
398,467,31.8,82.6,1560,5.977,0,3
398,467,31.8,82.6,1560,5.977,0,3
398,467,31.8,82.6,1561,5.977,0,3
398,467,31.8,82.6,1561,5.977,0,3
398,467,31.8,82.6,1561,5.977,0,3
398,467,31.8,82.6,1561,5.977,0,3
398,467,31.8,82.6,1561,5.977,0,3
398,467,31.8,82.6,1561,5.977,0,3
398,467,31.8,82.5,1561,5.977,0,3
398,467,31.8,82.5,1561,5.977,0,3
398,467,31.8,82.5,1561,5.977,0,3
398,467,31.8,82.5,1561,5.977,0,3
398,467,31.8,82.5,1561,5.977,0,3
398,467,31.8,82.5,1561,5.977,0,3
398,467,31.8,82.5,1562,5.977,0,3
398,467,31.8,82.5,1562,5.977,0,3
398,467,31.8,82.5,1562,5.977,0,3
398,467,31.8,82.5,1562,5.977,0,3
398,467,31.8,82.5,1562,5.977,0,3
398,467,31.8,82.5,1562,5.977,0,3
398,467,31.8,82.5,1562,5.977,0,3
398,467,31.8,82.5,1562,5.977,0,3
398,467,31.8,82.5,1562,5.977,0,3
398,467,31.8,82.5,1562,5.977,0,3
398,467,31.8,82.5,1562,5.977,0,3
398,467,31.8,82.5,1562,5.977,0,3
398,467,31.8,82.5,1563,5.977,0,3
398,467,31.8,82.5,1563,5.977,0,3
398,467,31.8,82.5,1563,5.977,0,3
398,467,31.8,82.5,1563,5.977,0,3
398,467,31.8,82.5,1563,5.977,0,3
398,467,31.8,82.5,1563,5.977,0,3
398,467,31.8,82.5,1563,5.977,0,3
398,467,31.8,82.5,1563,5.977,0,3
398,467,31.8,82.5,1563,5.977,0,3
398,467,31.8,82.5,1563,5.977,0,3
398,467,31.8,82.5,1563,5.977,0,3
398,467,31.8,82.5,1563,5.977,0,3
398,467,31.8,82.5,1564,5.977,0,3
398,467,31.8,82.5,1564,5.977,0,3
398,467,31.8,82.5,1564,5.977,0,3
398,467,31.8,82.5,1564,5.977,0,3
397,467,31.8,82.5,1564,5.977,0,3
397,467,31.8,82.4,1564,5.977,0,3
397,467,31.8,82.4,1564,5.977,0,3
397,467,31.8,82.4,1564,5.977,0,3
397,467,31.8,82.4,1564,5.977,0,3
397,467,31.8,82.4,1564,5.977,0,3
397,467,31.7,82.4,1564,5.977,0,3
397,467,31.7,82.4,1564,5.977,0,3
397,467,31.7,82.4,1565,5.977,0,3
397,467,31.7,82.4,1565,5.977,0,3
397,467,31.7,82.4,1565,5.977,0,3
397,467,31.7,82.4,1565,5.977,0,3
397,467,31.7,82.4,1565,5.977,0,3
397,467,31.7,82.4,1565,5.977,0,3
397,467,31.7,82.4,1565,5.977,0,3
397,467,31.7,82.4,1565,5.977,0,3
397,467,31.7,82.4,1565,5.977,0,3
397,467,31.7,82.4,1565,5.977,0,3
397,467,31.7,82.4,1565,5.977,0,3
397,467,31.7,82.4,1565,5.977,0,3
397,467,31.7,82.4,1566,5.977,0,3
397,467,31.7,82.4,1566,5.977,0,3
397,467,31.7,82.4,1566,5.977,0,3
397,467,31.7,82.4,1566,5.977,0,3
397,467,31.7,82.4,1566,5.977,0,3
397,467,31.7,82.4,1566,5.977,0,3
397,467,31.7,82.4,1566,5.977,0,3
397,467,31.7,82.4,1566,5.977,0,3
397,467,31.7,82.4,1566,5.977,0,3
397,467,31.7,82.4,1566,5.977,0,3
397,467,31.7,82.4,1566,5.977,0,3
397,467,31.7,82.4,1566,5.977,0,3
397,467,31.7,82.4,1567,5.977,0,3
397,467,31.7,82.4,1567,5.977,0,3
397,467,31.7,82.4,1567,5.977,0,3
397,467,31.7,82.4,1567,5.977,0,3
397,467,31.7,82.4,1567,5.977,0,3
397,467,31.7,82.3,1567,5.977,0,3
397,467,31.7,82.3,1567,5.977,0,3
397,467,31.7,82.3,1567,5.977,0,3
397,467,31.7,82.3,1567,5.977,0,3
397,467,31.7,82.3,1567,5.977,0,3
397,467,31.7,82.3,1567,5.977,0,3
397,467,31.7,82.3,1567,5.977,0,3
397,467,31.7,82.3,1568,5.977,0,3
397,467,31.7,82.3,1568,5.977,0,3
397,467,31.7,82.3,1568,5.977,0,3
397,467,31.7,82.3,1568,5.977,0,3
397,467,31.7,82.3,1568,5.977,0,3
397,467,31.7,82.3,1568,5.977,0,3
397,467,31.7,82.3,1568,5.977,0,3
397,467,31.7,82.3,1568,5.977,0,3
397,467,31.7,82.3,1568,5.977,0,3
397,467,31.7,82.3,1568,5.977,0,3
397,467,31.7,82.3,1568,5.977,0,3
397,467,31.7,82.3,1568,5.977,0,3
397,467,31.7,82.3,1569,5.977,0,3
397,467,31.7,82.3,1569,5.977,0,3
397,467,31.7,82.3,1569,5.977,0,3
397,467,31.7,82.3,1569,5.977,0,3
397,467,31.7,82.3,1569,5.977,0,3
397,467,31.7,82.3,1569,5.977,0,3
397,467,31.7,82.3,1569,5.977,0,3
397,467,31.7,82.3,1569,5.977,0,3
397,467,31.7,82.3,1569,5.977,0,3
397,467,31.7,82.3,1569,5.977,0,3
397,467,31.7,82.3,1569,5.977,0,3
397,467,31.7,82.3,1569,5.977,0,3
397,467,31.7,82.3,1570,5.977,0,3
397,467,31.7,82.3,1570,5.977,0,3
397,467,31.7,82.3,1570,5.977,0,3
397,467,31.7,82.3,1570,5.977,0,3
397,467,31.7,82.2,1570,5.977,0,3
397,467,31.7,82.2,1570,5.977,0,3
397,467,31.7,82.2,1570,5.977,0,3
397,467,31.7,82.2,1570,5.977,0,3
397,467,31.7,82.2,1570,5.977,0,3
397,467,31.7,82.2,1570,5.977,0,3
397,467,31.7,82.2,1570,5.977,0,3
397,467,31.7,82.2,1570,5.977,0,3
397,467,31.7,82.2,1571,5.985,0,3
397,467,31.7,82.2,1571,5.985,0,3
397,467,31.7,82.2,1571,5.985,0,3
397,467,31.7,82.2,1571,5.985,0,3
397,467,31.7,82.2,1571,5.985,0,3
397,467,31.7,82.2,1571,5.985,0,3
397,467,31.7,82.2,1571,5.985,0,3
397,467,31.7,82.2,1571,5.985,0,3
397,467,31.7,82.2,1571,5.985,0,3
397,467,31.7,82.2,1571,5.985,0,3
397,467,31.7,82.2,1571,5.985,0,3
397,467,31.7,82.2,1571,5.985,0,3
397,467,31.7,82.2,1572,5.985,0,3
397,467,31.7,82.2,1572,5.985,0,3
397,467,31.7,82.2,1572,5.985,0,3
397,467,31.7,82.2,1572,5.985,0,3
397,467,31.7,82.2,1572,5.985,0,3
397,466,31.7,82.2,1572,5.985,0,3
397,466,31.7,82.2,1572,5.985,0,3
397,466,31.7,82.2,1572,5.985,0,3
397,466,31.7,82.2,1572,5.985,0,3
397,466,31.7,82.2,1572,5.985,0,3
397,466,31.7,82.2,1572,5.985,0,3
397,466,31.7,82.2,1572,5.985,0,3
397,466,31.7,82.2,1573,5.985,0,3
397,466,31.7,82.2,1573,5.985,0,3
397,466,31.7,82.2,1573,5.985,0,3
397,466,31.7,82.1,1573,5.985,0,3
397,466,31.7,82.1,1573,5.985,0,3
397,466,31.7,82.1,1573,5.985,0,3
397,466,31.7,82.1,1573,5.985,0,3
397,466,31.7,82.1,1573,5.985,0,3
397,466,31.7,82.1,1573,5.985,0,3
397,466,31.7,82.1,1573,5.985,0,3
397,466,31.7,82.1,1573,5.985,0,3
397,466,31.7,82.1,1573,5.985,0,3
397,466,31.7,82.1,1574,5.985,0,3
397,466,31.7,82.1,1574,5.985,0,3
397,466,31.7,82.1,1574,5.985,0,3
397,466,31.7,82.1,1574,5.985,0,3
397,466,31.7,82.1,1574,5.985,0,3
397,466,31.7,82.1,1574,5.985,0,3
397,466,31.7,82.1,1574,5.985,0,3
397,466,31.7,82.1,1574,5.985,0,3
397,466,31.7,82.1,1574,5.985,0,3
397,466,31.7,82.1,1574,5.985,0,3
397,466,31.7,82.1,1574,5.985,0,3
397,466,31.7,82.1,1574,5.985,0,3
397,466,31.7,82.1,1575,5.985,0,3
396,466,31.7,82.1,1575,5.985,0,3
396,466,31.7,82.1,1575,5.985,0,3
396,466,31.7,82.1,1575,5.985,0,3
396,466,31.7,82.1,1575,5.985,0,3
396,466,31.7,82.1,1575,5.985,0,3
396,466,31.7,82.1,1575,5.985,0,3
396,466,31.6,82.1,1575,5.985,0,3
396,466,31.6,82.1,1575,5.985,0,3
396,466,31.6,82.1,1575,5.985,0,3
396,466,31.6,82.1,1575,5.985,0,3
396,466,31.6,82.1,1575,5.985,0,3
396,466,31.6,82.1,1576,5.985,0,3
396,466,31.6,82.1,1576,5.985,0,3
396,466,31.6,82.0,1576,5.985,0,3
396,466,31.6,82.0,1576,5.985,0,3
396,466,31.6,82.0,1576,5.985,0,3
396,466,31.6,82.0,1576,5.985,0,3
396,466,31.6,82.0,1576,5.985,0,3
396,466,31.6,82.0,1576,5.985,0,3
396,466,31.6,82.0,1576,5.985,0,3
396,466,31.6,82.0,1576,5.985,0,3
396,466,31.6,82.0,1576,5.985,0,3
396,466,31.6,82.0,1576,5.985,0,3
396,466,31.6,82.0,1577,5.985,0,3
396,466,31.6,82.0,1577,5.985,0,3
396,466,31.6,82.0,1577,5.985,0,3
396,466,31.6,82.0,1577,5.985,0,3
396,466,31.6,82.0,1577,5.985,0,3
396,466,31.6,82.0,1577,5.985,0,3
396,466,31.6,82.0,1577,5.985,0,3
396,466,31.6,82.0,1577,5.985,0,3
396,466,31.6,82.0,1577,5.985,0,3
396,466,31.6,82.0,1577,5.985,0,3
396,466,31.6,82.0,1577,5.985,0,3
396,466,31.6,82.0,1577,5.985,0,3
396,466,31.6,82.0,1578,5.985,0,3
396,466,31.6,82.0,1578,5.985,0,3
396,466,31.6,82.0,1578,5.985,0,3
396,466,31.6,82.0,1578,5.985,0,3
396,466,31.6,82.0,1578,5.985,0,3
396,466,31.6,82.0,1578,5.985,0,3
396,466,31.6,82.0,1578,5.985,0,3
396,466,31.6,82.0,1578,5.985,0,3
396,466,31.6,82.0,1578,5.985,0,3
396,466,31.6,82.0,1578,5.985,0,3
396,466,31.6,82.0,1578,5.985,0,3
396,466,31.6,82.0,1578,5.985,0,3
396,466,31.6,82.0,1579,5.985,0,3
396,466,31.6,82.0,1579,5.985,0,3
396,466,31.6,81.9,1579,5.985,0,3
396,466,31.6,81.9,1579,5.985,0,3
396,466,31.6,81.9,1579,5.985,0,3
396,466,31.6,81.9,1579,5.985,0,3
396,466,31.6,81.9,1579,5.985,0,3
396,466,31.6,81.9,1579,5.985,0,3
396,466,31.6,81.9,1579,5.985,0,3
396,466,31.6,81.9,1579,5.985,0,3
396,466,31.6,81.9,1579,5.985,0,3
396,466,31.6,81.9,1579,5.985,0,3
396,466,31.6,81.9,1580,5.985,0,3
396,466,31.6,81.9,1580,5.985,0,3
396,466,31.6,81.9,1580,5.985,0,3
396,466,31.6,81.9,1580,5.985,0,3
396,466,31.6,81.9,1580,5.985,0,3
396,466,31.6,81.9,1580,5.985,0,3
396,466,31.6,81.9,1580,5.985,0,3
396,466,31.6,81.9,1580,5.985,0,3
396,466,31.6,81.9,1580,5.985,0,3
396,466,31.6,81.9,1580,5.985,0,3
396,466,31.6,81.9,1580,5.985,0,3
396,466,31.6,81.9,1580,5.985,0,3
396,466,31.6,81.9,1581,5.985,0,3
396,466,31.6,81.9,1581,5.985,0,3
396,466,31.6,81.9,1581,5.985,0,3
396,466,31.6,81.9,1581,5.985,0,3
396,466,31.6,81.9,1581,5.985,0,3
396,466,31.6,81.9,1581,5.985,0,3
396,466,31.6,81.9,1581,5.985,0,3
396,466,31.6,81.9,1581,5.985,0,3
396,466,31.6,81.9,1581,5.985,0,3
396,466,31.6,81.9,1581,5.985,0,3
396,466,31.6,81.9,1581,5.985,0,3
396,466,31.6,81.9,1581,5.985,0,3
396,466,31.6,81.9,1582,5.985,0,3
396,466,31.6,81.8,1582,5.985,0,3
396,466,31.6,81.8,1582,5.985,0,3
396,466,31.6,81.8,1582,5.985,0,3
396,466,31.6,81.8,1582,5.985,0,3
396,466,31.6,81.8,1582,5.985,0,3
396,466,31.6,81.8,1582,5.985,0,3
396,466,31.6,81.8,1582,5.985,0,3
396,466,31.6,81.8,1582,5.985,0,3
396,466,31.6,81.8,1582,5.985,0,3
396,466,31.6,81.8,1582,5.985,0,3
396,466,31.6,81.8,1582,5.985,0,3
396,466,31.6,81.8,1583,5.985,0,3
396,466,31.6,81.8,1583,5.985,0,3
396,466,31.6,81.8,1583,5.985,0,3
396,466,31.6,81.8,1583,5.985,0,3
396,466,31.6,81.8,1583,5.985,0,3
396,466,31.6,81.8,1583,5.985,0,3
396,466,31.6,81.8,1583,5.985,0,3
396,466,31.6,81.8,1583,5.985,0,3
396,466,31.6,81.8,1583,5.985,0,3
396,466,31.6,81.8,1583,5.985,0,3
396,466,31.6,81.8,1583,5.985,0,3
396,466,31.6,81.8,1583,5.985,0,3
396,466,31.6,81.8,1584,5.985,0,3
396,466,31.6,81.8,1584,5.985,0,3
396,466,31.6,81.8,1584,5.985,0,3
396,466,31.6,81.8,1584,5.985,0,3
396,466,31.6,81.8,1584,5.985,0,3
396,466,31.6,81.8,1584,5.985,0,3
396,466,31.6,81.8,1584,5.985,0,3
396,466,31.6,81.8,1584,5.985,0,3
396,466,31.6,81.8,1584,5.985,0,3
396,466,31.6,81.8,1584,5.985,0,3
396,466,31.6,81.8,1584,5.985,0,3
396,466,31.6,81.8,1584,5.985,0,3
396,466,31.6,81.7,1585,5.985,0,3
396,466,31.6,81.7,1585,5.985,0,3
396,466,31.6,81.7,1585,5.985,0,3
396,466,31.6,81.7,1585,5.985,0,3
396,466,31.6,81.7,1585,5.985,0,3
396,466,31.6,81.7,1585,5.985,0,3
396,466,31.6,81.7,1585,5.985,0,3
396,466,31.6,81.7,1585,5.985,0,3
396,466,31.6,81.7,1585,5.985,0,3
396,466,31.6,81.7,1585,5.985,0,3
396,466,31.6,81.7,1585,5.985,0,3
395,466,31.6,81.7,1585,5.985,0,3
395,466,31.6,81.7,1586,5.985,0,3
395,466,31.6,81.7,1586,5.985,0,3
395,466,31.6,81.7,1586,5.985,0,3
395,466,31.6,81.7,1586,5.985,0,3
395,466,31.6,81.7,1586,5.985,0,3
395,466,31.5,81.7,1586,5.985,0,3
395,466,31.5,81.7,1586,5.985,0,3
395,466,31.5,81.7,1586,5.985,0,3
395,466,31.5,81.7,1586,5.985,0,3
395,466,31.5,81.7,1586,5.985,0,3
395,466,31.5,81.7,1586,5.985,0,3
395,466,31.5,81.7,1586,5.985,0,3
395,466,31.5,81.7,1587,5.985,0,3
395,466,31.5,81.7,1587,5.985,0,3
395,466,31.5,81.7,1587,5.985,0,3
395,466,31.5,81.7,1587,5.985,0,3
395,466,31.5,81.7,1587,5.985,0,3
395,466,31.5,81.7,1587,5.985,0,3
395,466,31.5,81.7,1587,5.985,0,3
395,466,31.5,81.7,1587,5.985,0,3
395,466,31.5,81.7,1587,5.985,0,3
395,466,31.5,81.7,1587,5.985,0,3
395,466,31.5,81.7,1587,5.985,0,3
395,466,31.5,81.6,1587,5.985,0,3
395,466,31.5,81.6,1588,5.985,0,3
395,466,31.5,81.6,1588,5.985,0,3
395,466,31.5,81.6,1588,5.985,0,3
395,466,31.5,81.6,1588,5.985,0,3
395,466,31.5,81.6,1588,5.985,0,3
395,466,31.5,81.6,1588,5.985,0,3
395,466,31.5,81.6,1588,5.985,0,3
395,465,31.5,81.6,1588,5.985,0,3
395,465,31.5,81.6,1588,5.985,0,3
395,465,31.5,81.6,1588,5.985,0,3
395,465,31.5,81.6,1588,5.985,0,3
395,465,31.5,81.6,1588,5.985,0,3
395,465,31.5,81.6,1589,5.985,0,3
395,465,31.5,81.6,1589,5.985,0,3
395,465,31.5,81.6,1589,5.985,0,3
395,465,31.5,81.6,1589,5.985,0,3
395,465,31.5,81.6,1589,5.985,0,3
395,465,31.5,81.6,1589,5.985,0,3
395,465,31.5,81.6,1589,5.985,0,3
395,465,31.5,81.6,1589,5.985,0,3
395,465,31.5,81.6,1589,5.985,0,3
395,465,31.5,81.6,1589,5.985,0,3
395,465,31.5,81.6,1589,5.985,0,3
395,465,31.5,81.6,1589,5.985,0,3
395,465,31.5,81.6,1590,5.985,0,3
395,465,31.5,81.6,1590,5.985,0,3
395,465,31.5,81.6,1590,5.985,0,3
395,465,31.5,81.6,1590,5.985,0,3
395,465,31.5,81.6,1590,5.985,0,3
395,465,31.5,81.6,1590,5.985,0,3
395,465,31.5,81.6,1590,5.985,0,3
395,465,31.5,81.6,1590,5.985,0,3
395,465,31.5,81.6,1590,5.985,0,3
395,465,31.5,81.6,1590,5.985,0,3
395,465,31.5,81.6,1590,5.985,0,3
395,465,31.5,81.5,1590,5.985,0,3
395,465,31.5,81.5,1591,5.985,0,3
395,465,31.5,81.5,1591,5.985,0,3
395,465,31.5,81.5,1591,5.985,0,3
395,465,31.5,81.5,1591,5.985,0,3
395,465,31.5,81.5,1591,5.985,0,3
395,465,31.5,81.5,1591,5.985,0,3
395,465,31.5,81.5,1591,5.985,0,3
395,465,31.5,81.5,1591,5.985,0,3
395,465,31.5,81.5,1591,5.985,0,3
395,465,31.5,81.5,1591,5.985,0,3
395,465,31.5,81.5,1591,5.985,0,3
395,465,31.5,81.5,1591,5.985,0,3
395,465,31.5,81.5,1592,5.985,0,3
395,465,31.5,81.5,1592,5.985,0,3
395,465,31.5,81.5,1592,5.985,0,3
395,465,31.5,81.5,1592,5.985,0,3
395,465,31.5,81.5,1592,5.985,0,3
395,465,31.5,81.5,1592,5.985,0,3
395,465,31.5,81.5,1592,5.985,0,3
395,465,31.5,81.5,1592,5.985,0,3
395,465,31.5,81.5,1592,5.985,0,3
395,465,31.5,81.5,1592,5.985,0,3
395,465,31.5,81.5,1592,5.985,0,3
395,465,31.5,81.5,1592,5.985,0,3
395,465,31.5,81.5,1593,5.985,0,3
395,465,31.5,81.5,1593,5.985,0,3
395,465,31.5,81.5,1593,5.985,0,3
395,465,31.5,81.5,1593,5.985,0,3
395,465,31.5,81.5,1593,5.985,0,3
395,465,31.5,81.5,1593,5.985,0,3
395,465,31.5,81.5,1593,5.985,0,3
395,465,31.5,81.5,1593,5.985,0,3
395,465,31.5,81.5,1593,5.985,0,3
395,465,31.5,81.5,1593,5.985,0,3
395,465,31.5,81.4,1593,5.985,0,3
395,465,31.5,81.4,1593,5.985,0,3
395,465,31.5,81.4,1594,5.985,0,3
395,465,31.5,81.4,1594,5.985,0,3
395,465,31.5,81.4,1594,5.985,0,3
395,465,31.5,81.4,1594,5.985,0,3
395,465,31.5,81.4,1594,5.985,0,3
395,465,31.5,81.4,1594,5.985,0,3
395,465,31.5,81.4,1594,5.985,0,3
395,465,31.5,81.4,1594,5.985,0,3
395,465,31.5,81.4,1594,5.985,0,3
395,465,31.5,81.4,1594,5.985,0,3
395,465,31.5,81.4,1594,5.985,0,3
395,465,31.5,81.4,1594,5.985,0,3
395,465,31.5,81.4,1595,5.985,0,3
395,465,31.5,81.4,1595,5.985,0,3
395,465,31.5,81.4,1595,5.985,0,3
395,465,31.5,81.4,1595,5.985,0,3
395,465,31.5,81.4,1595,5.985,0,3
395,465,31.5,81.4,1595,5.985,0,3
395,465,31.5,81.4,1595,5.985,0,3
395,465,31.5,81.4,1595,5.985,0,3
395,465,31.5,81.4,1595,5.985,0,3
395,465,31.5,81.4,1595,5.985,0,3
395,465,31.5,81.4,1595,5.985,0,3
395,465,31.5,81.4,1595,5.985,0,3
395,465,31.5,81.4,1596,5.985,0,3
395,465,31.5,81.4,1596,5.985,0,3
395,465,31.5,81.4,1596,5.985,0,3
395,465,31.5,81.4,1596,5.985,0,3
395,465,31.5,81.4,1596,5.985,0,3
395,465,31.5,81.4,1596,5.985,0,3
395,465,31.5,81.4,1596,5.985,0,3
395,465,31.5,81.4,1596,5.985,0,3
394,465,31.5,81.4,1596,5.985,0,3
394,465,31.5,81.3,1596,5.985,0,3
394,465,31.5,81.3,1596,5.985,0,3
394,465,31.5,81.3,1596,5.985,0,3
394,465,31.5,81.3,1597,5.985,0,3
394,465,31.5,81.3,1597,5.985,0,3
394,465,31.4,81.3,1597,5.985,0,3
394,465,31.4,81.3,1597,5.985,0,3
394,465,31.4,81.3,1597,5.985,0,3
394,465,31.4,81.3,1597,5.985,0,3
394,465,31.4,81.3,1597,5.985,0,3
394,465,31.4,81.3,1597,5.985,0,3
394,465,31.4,81.3,1597,5.985,0,3
394,465,31.4,81.3,1597,5.985,0,3
394,465,31.4,81.3,1597,5.985,0,3
394,465,31.4,81.3,1597,5.985,0,3
394,465,31.4,81.3,1598,5.985,0,3
394,465,31.4,81.3,1598,5.985,0,3
394,465,31.4,81.3,1598,5.985,0,3
394,465,31.4,81.3,1598,5.985,0,3
394,465,31.4,81.3,1598,5.985,0,3
394,465,31.4,81.3,1598,5.985,0,3
394,465,31.4,81.3,1598,5.985,0,3
394,465,31.4,81.3,1598,5.985,0,3
394,465,31.4,81.3,1598,5.985,0,3
394,465,31.4,81.3,1598,5.985,0,3
394,465,31.4,81.3,1598,5.985,0,3
394,465,31.4,81.3,1598,5.985,0,3
394,465,31.4,81.3,1599,5.985,0,3
394,465,31.4,81.3,1599,5.985,0,3
394,465,31.4,81.3,1599,5.985,0,3
394,465,31.4,81.3,1599,5.985,0,3
394,465,31.4,81.3,1599,5.985,0,3
394,465,31.4,81.3,1599,5.985,0,3
394,465,31.4,81.3,1599,5.985,0,3
394,465,31.4,81.3,1599,5.985,0,3
394,465,31.4,81.3,1599,5.985,0,3
394,465,31.4,81.2,1599,5.985,0,3
394,465,31.4,81.2,1599,5.985,0,3
394,465,31.4,81.2,1599,5.985,0,3
394,465,31.4,81.2,1600,5.985,0,3
394,465,31.4,81.2,1600,5.985,0,3
394,465,31.4,81.2,1600,5.985,0,3
394,465,31.4,81.2,1600,5.985,0,3
394,465,31.4,81.2,1600,5.985,0,3
394,465,31.4,81.2,1600,5.985,0,3
394,465,31.4,81.2,1600,5.985,0,3
394,465,31.4,81.2,1600,5.985,0,3
394,465,31.4,81.2,1600,5.985,0,3
394,465,31.4,81.2,1600,5.985,0,3
394,465,31.4,81.2,1600,5.985,0,3
394,465,31.4,81.2,1600,5.985,0,3
394,465,31.4,81.2,1601,5.992,0,3
394,465,31.4,81.2,1601,5.992,0,3
394,465,31.4,81.2,1601,5.992,0,3
394,465,31.4,81.2,1601,5.992,0,3
394,465,31.4,81.2,1601,5.992,0,3
394,465,31.4,81.2,1601,5.992,0,3
394,465,31.4,81.2,1601,5.992,0,3
394,465,31.4,81.2,1601,5.992,0,3
394,465,31.4,81.2,1601,5.992,0,3
394,465,31.4,81.2,1601,5.992,0,3
394,465,31.4,81.2,1601,5.992,0,3
394,465,31.4,81.2,1601,5.992,0,3
394,465,31.4,81.2,1602,5.992,0,3
394,465,31.4,81.2,1602,5.992,0,3
394,465,31.4,81.2,1602,5.992,0,3
394,465,31.4,81.2,1602,5.992,0,3
394,465,31.4,81.2,1602,5.992,0,3
394,465,31.4,81.2,1602,5.992,0,3
394,465,31.4,81.2,1602,5.992,0,3
394,465,31.4,81.2,1602,5.992,0,3
394,465,31.4,81.1,1602,5.992,0,3
394,465,31.4,81.1,1602,5.992,0,3
394,465,31.4,81.1,1602,5.992,0,3
394,465,31.4,81.1,1602,5.992,0,3
394,465,31.4,81.1,1603,5.992,0,3
394,465,31.4,81.1,1603,5.992,0,3
394,465,31.4,81.1,1603,5.992,0,3
394,465,31.4,81.1,1603,5.992,0,3
394,465,31.4,81.1,1603,5.992,0,3
394,465,31.4,81.1,1603,5.992,0,3
394,465,31.4,81.1,1603,5.992,0,3
394,465,31.4,81.1,1603,5.992,0,3
394,465,31.4,81.1,1603,5.992,0,3
394,465,31.4,81.1,1603,5.992,0,3
394,465,31.4,81.1,1603,5.992,0,3
394,465,31.4,81.1,1603,5.992,0,3
394,465,31.4,81.1,1604,5.992,0,3
394,465,31.4,81.1,1604,5.992,0,3
394,465,31.4,81.1,1604,5.992,0,3
394,465,31.4,81.1,1604,5.992,0,3
394,465,31.4,81.1,1604,5.992,0,3
394,465,31.4,81.1,1604,5.992,0,3
394,465,31.4,81.1,1604,5.992,0,3
394,465,31.4,81.1,1604,5.992,0,3
394,465,31.4,81.1,1604,5.992,0,3
394,464,31.4,81.1,1604,5.992,0,3
394,464,31.4,81.1,1604,5.992,0,3
394,464,31.4,81.1,1604,5.992,0,3
394,464,31.4,81.1,1605,5.992,0,3
394,464,31.4,81.1,1605,5.992,0,3
394,464,31.4,81.1,1605,5.992,0,3
394,464,31.4,81.1,1605,5.992,0,3
394,464,31.4,81.1,1605,5.992,0,3
394,464,31.4,81.1,1605,5.992,0,3
394,464,31.4,81.1,1605,5.992,0,3
394,464,31.4,81.0,1605,5.992,0,3
394,464,31.4,81.0,1605,5.992,0,3
394,464,31.4,81.0,1605,5.992,0,3
394,464,31.4,81.0,1605,5.992,0,3
394,464,31.4,81.0,1605,5.992,0,3
394,464,31.4,81.0,1606,5.992,0,3
394,464,31.4,81.0,1606,5.992,0,3
394,464,31.4,81.0,1606,5.992,0,3
394,464,31.4,81.0,1606,5.992,0,3
394,464,31.4,81.0,1606,5.992,0,3
394,464,31.4,81.0,1606,5.992,0,3
394,464,31.4,81.0,1606,5.992,0,3
394,464,31.4,81.0,1606,5.992,0,3
394,464,31.4,81.0,1606,5.992,0,3
394,464,31.4,81.0,1606,5.992,0,3
394,464,31.4,81.0,1606,5.992,0,3
394,464,31.4,81.0,1606,5.992,0,3
394,464,31.4,81.0,1607,5.992,0,3
394,464,31.4,81.0,1607,5.992,0,3
394,464,31.4,81.0,1607,5.992,0,3
394,464,31.4,81.0,1607,5.992,0,3
394,464,31.4,81.0,1607,5.992,0,3
393,464,31.4,81.0,1607,5.992,0,3
393,464,31.4,81.0,1607,5.992,0,3
393,464,31.4,81.0,1607,5.992,0,3
393,464,31.4,81.0,1607,5.992,0,3
393,464,31.4,81.0,1607,5.992,0,3
393,464,31.4,81.0,1607,5.992,0,3
393,464,31.3,81.0,1607,5.992,0,3
393,464,31.3,81.0,1608,5.992,0,3
393,464,31.3,81.0,1608,5.992,0,3
393,464,31.3,81.0,1608,5.992,0,3
393,464,31.3,81.0,1608,5.992,0,3
393,464,31.3,81.0,1608,5.992,0,3
393,464,31.3,81.0,1608,5.992,0,3
393,464,31.3,80.9,1608,5.992,0,3
393,464,31.3,80.9,1608,5.992,0,3
393,464,31.3,80.9,1608,5.992,0,3
393,464,31.3,80.9,1608,5.992,0,3
393,464,31.3,80.9,1608,5.992,0,3
393,464,31.3,80.9,1608,5.992,0,3
393,464,31.3,80.9,1609,5.992,0,3
393,464,31.3,80.9,1609,5.992,0,3
393,464,31.3,80.9,1609,5.992,0,3
393,464,31.3,80.9,1609,5.992,0,3
393,464,31.3,80.9,1609,5.992,0,3
393,464,31.3,80.9,1609,5.992,0,3
393,464,31.3,80.9,1609,5.992,0,3
393,464,31.3,80.9,1609,5.992,0,3
393,464,31.3,80.9,1609,5.992,0,3
393,464,31.3,80.9,1609,5.992,0,3
393,464,31.3,80.9,1609,5.992,0,3
393,464,31.3,80.9,1609,5.992,0,3
393,464,31.3,80.9,1610,5.992,0,3
393,464,31.3,80.9,1610,5.992,0,3
393,464,31.3,80.9,1610,5.992,0,3
393,464,31.3,80.9,1610,5.992,0,3
393,464,31.3,80.9,1610,5.992,0,3
393,464,31.3,80.9,1610,5.992,0,3
393,464,31.3,80.9,1610,5.992,0,3
393,464,31.3,80.9,1610,5.992,0,3
393,464,31.3,80.9,1610,5.992,0,3
393,464,31.3,80.9,1610,5.992,0,3
393,464,31.3,80.9,1610,5.992,0,3
393,464,31.3,80.9,1610,5.992,0,3
393,464,31.3,80.9,1611,5.992,0,3
393,464,31.3,80.9,1611,5.992,0,3
393,464,31.3,80.9,1611,5.992,0,3
393,464,31.3,80.9,1611,5.992,0,3
393,464,31.3,80.9,1611,5.992,0,3
393,464,31.3,80.9,1611,5.992,0,3
393,464,31.3,80.8,1611,5.992,0,3
393,464,31.3,80.8,1611,5.992,0,3
393,464,31.3,80.8,1611,5.992,0,3
393,464,31.3,80.8,1611,5.992,0,3
393,464,31.3,80.8,1611,5.992,0,3
393,464,31.3,80.8,1611,5.992,0,3
393,464,31.3,80.8,1612,5.992,0,3
393,464,31.3,80.8,1612,5.992,0,3
393,464,31.3,80.8,1612,5.992,0,3
393,464,31.3,80.8,1612,5.992,0,3
393,464,31.3,80.8,1612,5.992,0,3
393,464,31.3,80.8,1612,5.992,0,3
393,464,31.3,80.8,1612,5.992,0,3
393,464,31.3,80.8,1612,5.992,0,3
393,464,31.3,80.8,1612,5.992,0,3
393,464,31.3,80.8,1612,5.992,0,3
393,464,31.3,80.8,1612,5.992,0,3
393,464,31.3,80.8,1612,5.992,0,3
393,464,31.3,80.8,1613,5.992,0,3
393,464,31.3,80.8,1613,5.992,0,3
393,464,31.3,80.8,1613,5.992,0,3
393,464,31.3,80.8,1613,5.992,0,3
393,464,31.3,80.8,1613,5.992,0,3
393,464,31.3,80.8,1613,5.992,0,3
393,464,31.3,80.8,1613,5.992,0,3
393,464,31.3,80.8,1613,5.992,0,3
393,464,31.3,80.8,1613,5.992,0,3
393,464,31.3,80.8,1613,5.992,0,3
393,464,31.3,80.8,1613,5.992,0,3
393,464,31.3,80.8,1613,5.992,0,3
393,464,31.3,80.8,1614,5.992,0,3
393,464,31.3,80.8,1614,5.992,0,3
393,464,31.3,80.8,1614,5.992,0,3
393,464,31.3,80.8,1614,5.992,0,3
393,464,31.3,80.8,1614,5.992,0,3
393,464,31.3,80.7,1614,5.992,0,3
393,464,31.3,80.7,1614,5.992,0,3
393,464,31.3,80.7,1614,5.992,0,3
393,464,31.3,80.7,1614,5.992,0,3
393,464,31.3,80.7,1614,5.992,0,3
393,464,31.3,80.7,1614,5.992,0,3
393,464,31.3,80.7,1614,5.992,0,3
393,464,31.3,80.7,1615,5.992,0,3
393,464,31.3,80.7,1615,5.992,0,3
393,464,31.3,80.7,1615,5.992,0,3
393,464,31.3,80.7,1615,5.992,0,3
393,464,31.3,80.7,1615,5.992,0,3
393,464,31.3,80.7,1615,5.992,0,3
393,464,31.3,80.7,1615,5.992,0,3
393,464,31.3,80.7,1615,5.992,0,3
393,464,31.3,80.7,1615,5.992,0,3
393,464,31.3,80.7,1615,5.992,0,3
393,464,31.3,80.7,1615,5.992,0,3
393,464,31.3,80.7,1615,5.992,0,3
393,464,31.3,80.7,1616,5.992,0,3
393,464,31.3,80.7,1616,5.992,0,3
393,464,31.3,80.7,1616,5.992,0,3
393,464,31.3,80.7,1616,5.992,0,3
393,464,31.3,80.7,1616,5.992,0,3
393,464,31.3,80.7,1616,5.992,0,3
393,464,31.3,80.7,1616,5.992,0,3
393,464,31.3,80.7,1616,5.992,0,3
393,464,31.3,80.7,1616,5.992,0,3
393,464,31.3,80.7,1616,5.992,0,3
393,464,31.3,80.7,1616,5.992,0,3
393,464,31.3,80.7,1616,5.992,0,3
393,464,31.3,80.7,1617,5.992,0,3
393,464,31.3,80.7,1617,5.992,0,3
393,464,31.3,80.7,1617,5.992,0,3
393,464,31.3,80.7,1617,5.992,0,3
393,464,31.3,80.6,1617,5.992,0,3
393,464,31.3,80.6,1617,5.992,0,3
393,464,31.3,80.6,1617,5.992,0,3
393,464,31.3,80.6,1617,5.992,0,3
393,464,31.3,80.6,1617,5.992,0,3
393,464,31.3,80.6,1617,5.992,0,3
393,464,31.3,80.6,1617,5.992,0,3
393,464,31.3,80.6,1617,5.992,0,3
393,464,31.3,80.6,1618,5.992,0,3
393,464,31.3,80.6,1618,5.992,0,3
393,464,31.3,80.6,1618,5.992,0,3
392,464,31.3,80.6,1618,5.992,0,3
392,464,31.3,80.6,1618,5.992,0,3
392,464,31.3,80.6,1618,5.992,0,3
392,464,31.3,80.6,1618,5.992,0,3
392,464,31.3,80.6,1618,5.992,0,3
392,464,31.3,80.6,1618,5.992,0,3
392,464,31.2,80.6,1618,5.992,0,3
392,464,31.2,80.6,1618,5.992,0,3
392,464,31.2,80.6,1618,5.992,0,3
392,464,31.2,80.6,1619,5.992,0,3
392,464,31.2,80.6,1619,5.992,0,3
392,464,31.2,80.6,1619,5.992,0,3
392,464,31.2,80.6,1619,5.992,0,3
392,464,31.2,80.6,1619,5.992,0,3
392,464,31.2,80.6,1619,5.992,0,3
392,464,31.2,80.6,1619,5.992,0,3
392,464,31.2,80.6,1619,5.992,0,3
392,464,31.2,80.6,1619,5.992,0,3
392,464,31.2,80.6,1619,5.992,0,3
392,464,31.2,80.6,1619,5.992,0,3
392,464,31.2,80.6,1619,5.992,0,3
392,464,31.2,80.6,1620,5.992,0,3
392,464,31.2,80.6,1620,5.992,0,3
392,464,31.2,80.6,1620,5.992,0,3
392,464,31.2,80.5,1620,5.992,0,3
392,464,31.2,80.5,1620,5.992,0,3
392,464,31.2,80.5,1620,5.992,0,3
392,464,31.2,80.5,1620,5.992,0,3
392,464,31.2,80.5,1620,5.992,0,3
392,464,31.2,80.5,1620,5.992,0,3
392,464,31.2,80.5,1620,5.992,0,3
392,464,31.2,80.5,1620,5.992,0,3
392,463,31.2,80.5,1620,5.992,0,3
392,463,31.2,80.5,1621,5.992,0,3
392,463,31.2,80.5,1621,5.992,0,3
392,463,31.2,80.5,1621,5.992,0,3
392,463,31.2,80.5,1621,5.992,0,3
392,463,31.2,80.5,1621,5.992,0,3
392,463,31.2,80.5,1621,5.992,0,3
392,463,31.2,80.5,1621,5.992,0,3
392,463,31.2,80.5,1621,5.992,0,3
392,463,31.2,80.5,1621,5.992,0,3
392,463,31.2,80.5,1621,5.992,0,3
392,463,31.2,80.5,1621,5.992,0,3
392,463,31.2,80.5,1621,5.992,0,3
392,463,31.2,80.5,1622,5.992,0,3
392,463,31.2,80.5,1622,5.992,0,3
392,463,31.2,80.5,1622,5.992,0,3
392,463,31.2,80.5,1622,5.992,0,3
392,463,31.2,80.5,1622,5.992,0,3
392,463,31.2,80.5,1622,5.992,0,3
392,463,31.2,80.5,1622,5.992,0,3
392,463,31.2,80.5,1622,5.992,0,3
392,463,31.2,80.5,1622,5.992,0,3
392,463,31.2,80.5,1622,5.992,0,3
392,463,31.2,80.5,1622,5.992,0,3
392,463,31.2,80.5,1622,5.992,0,3
392,463,31.2,80.5,1623,5.992,0,3
392,463,31.2,80.5,1623,5.992,0,3
392,463,31.2,80.5,1623,5.992,0,3
392,463,31.2,80.4,1623,5.992,0,3
392,463,31.2,80.4,1623,5.992,0,3
392,463,31.2,80.4,1623,5.992,0,3
392,463,31.2,80.4,1623,5.992,0,3
392,463,31.2,80.4,1623,5.992,0,3
392,463,31.2,80.4,1623,5.992,0,3
392,463,31.2,80.4,1623,5.992,0,3
392,463,31.2,80.4,1623,5.992,0,3
392,463,31.2,80.4,1623,5.992,0,3
392,463,31.2,80.4,1624,5.992,0,3
392,463,31.2,80.4,1624,5.992,0,3
392,463,31.2,80.4,1624,5.992,0,3
392,463,31.2,80.4,1624,5.992,0,3
392,463,31.2,80.4,1624,5.992,0,3
392,463,31.2,80.4,1624,5.992,0,3
392,463,31.2,80.4,1624,5.992,0,3
392,463,31.2,80.4,1624,5.992,0,3
392,463,31.2,80.4,1624,5.992,0,3
392,463,31.2,80.4,1624,5.992,0,3
392,463,31.2,80.4,1624,5.992,0,3
392,463,31.2,80.4,1624,5.992,0,3
392,463,31.2,80.4,1625,5.992,0,3
392,463,31.2,80.4,1625,5.992,0,3
392,463,31.2,80.4,1625,5.992,0,3
392,463,31.2,80.4,1625,5.992,0,3
392,463,31.2,80.4,1625,5.992,0,3
392,463,31.2,80.4,1625,5.992,0,3
392,463,31.2,80.4,1625,5.992,0,3
392,463,31.2,80.4,1625,5.992,0,3
392,463,31.2,80.4,1625,5.992,0,3
392,463,31.2,80.4,1625,5.992,0,3
392,463,31.2,80.4,1625,5.992,0,3
392,463,31.2,80.4,1625,5.992,0,3
392,463,31.2,80.4,1626,5.998,0,3
392,463,31.2,80.4,1626,5.998,0,3
392,463,31.2,80.3,1626,5.998,0,3
392,463,31.2,80.3,1626,5.998,0,3
392,463,31.2,80.3,1626,5.998,0,3
392,463,31.2,80.3,1626,5.998,0,3
392,463,31.2,80.3,1626,5.998,0,3
392,463,31.2,80.3,1626,5.998,0,3
392,463,31.2,80.3,1626,5.998,0,3
392,463,31.2,80.3,1626,5.998,0,3
392,463,31.2,80.3,1626,5.998,0,3
392,463,31.2,80.3,1626,5.998,0,3
392,463,31.2,80.3,1627,5.998,0,3
392,463,31.2,80.3,1627,5.998,0,3
392,463,31.2,80.3,1627,5.998,0,3
392,463,31.2,80.3,1627,5.998,0,3
392,463,31.2,80.3,1627,5.998,0,3
392,463,31.2,80.3,1627,5.998,0,3
392,463,31.2,80.3,1627,5.998,0,3
392,463,31.2,80.3,1627,5.998,0,3
392,463,31.2,80.3,1627,5.998,0,3
392,463,31.2,80.3,1627,5.998,0,3
392,463,31.2,80.3,1627,5.998,0,3
392,463,31.2,80.3,1627,5.998,0,3
392,463,31.2,80.3,1628,5.998,0,3
392,463,31.2,80.3,1628,5.998,0,3
392,463,31.2,80.3,1628,5.998,0,3
392,463,31.2,80.3,1628,5.998,0,3
392,463,31.2,80.3,1628,5.998,0,3
392,463,31.2,80.3,1628,5.998,0,3
392,463,31.2,80.3,1628,5.998,0,3
392,463,31.2,80.3,1628,5.998,0,3
392,463,31.2,80.3,1628,5.998,0,3
392,463,31.2,80.3,1628,5.998,0,3
392,463,31.2,80.3,1628,5.998,0,3
392,463,31.2,80.3,1628,5.998,0,3
391,463,31.2,80.3,1629,5.998,0,3
391,463,31.2,80.2,1629,5.998,0,3
391,463,31.2,80.2,1629,5.998,0,3
391,463,31.2,80.2,1629,5.998,0,3
391,463,31.2,80.2,1629,5.998,0,3
391,463,31.2,80.2,1629,5.998,0,3
391,463,31.1,80.2,1629,5.998,0,3
391,463,31.1,80.2,1629,5.998,0,3
391,463,31.1,80.2,1629,5.998,0,3
391,463,31.1,80.2,1629,5.998,0,3
391,463,31.1,80.2,1629,5.998,0,3
391,463,31.1,80.2,1629,5.998,0,3
391,463,31.1,80.2,1630,5.998,0,3
391,463,31.1,80.2,1630,5.998,0,3
391,463,31.1,80.2,1630,5.998,0,3
391,463,31.1,80.2,1630,5.998,0,3
391,463,31.1,80.2,1630,5.998,0,3
391,463,31.1,80.2,1630,5.998,0,3
391,463,31.1,80.2,1630,5.998,0,3
391,463,31.1,80.2,1630,5.998,0,3
391,463,31.1,80.2,1630,5.998,0,3
391,463,31.1,80.2,1630,5.998,0,3
391,463,31.1,80.2,1630,5.998,0,3
391,463,31.1,80.2,1630,5.998,0,3
391,463,31.1,80.2,1631,5.998,0,3
391,463,31.1,80.2,1631,5.998,0,3
391,463,31.1,80.2,1631,5.998,0,3
391,463,31.1,80.2,1631,5.998,0,3
391,463,31.1,80.2,1631,5.998,0,3
391,463,31.1,80.2,1631,5.998,0,3
391,463,31.1,80.2,1631,5.998,0,3
391,463,31.1,80.2,1631,5.998,0,3
391,463,31.1,80.2,1631,5.998,0,3
391,463,31.1,80.2,1631,5.998,0,3
391,463,31.1,80.2,1631,5.998,0,3
391,463,31.1,80.2,1631,5.998,0,3
391,463,31.1,80.2,1632,5.998,0,3
391,463,31.1,80.1,1632,5.998,0,3
391,463,31.1,80.1,1632,5.998,0,3
391,463,31.1,80.1,1632,5.998,0,3
391,463,31.1,80.1,1632,5.998,0,3
391,463,31.1,80.1,1632,5.998,0,3
391,463,31.1,80.1,1632,5.998,0,3
391,463,31.1,80.1,1632,5.998,0,3
391,463,31.1,80.1,1632,5.998,0,3
391,463,31.1,80.1,1632,5.998,0,3
391,463,31.1,80.1,1632,5.998,0,3
391,463,31.1,80.1,1632,5.998,0,3
391,463,31.1,80.1,1633,5.998,0,3
391,463,31.1,80.1,1633,5.998,0,3
391,463,31.1,80.1,1633,5.998,0,3
391,463,31.1,80.1,1633,5.998,0,3
391,463,31.1,80.1,1633,5.998,0,3
391,463,31.1,80.1,1633,5.998,0,3
391,463,31.1,80.1,1633,5.998,0,3
391,463,31.1,80.1,1633,5.998,0,3
391,463,31.1,80.1,1633,5.998,0,3
391,463,31.1,80.1,1633,5.998,0,3
391,463,31.1,80.1,1633,5.998,0,3
391,463,31.1,80.1,1633,5.998,0,3
391,463,31.1,80.1,1634,5.998,0,3
391,463,31.1,80.1,1634,5.998,0,3
391,463,31.1,80.1,1634,5.998,0,3
391,463,31.1,80.1,1634,5.998,0,3
391,463,31.1,80.1,1634,5.998,0,3
391,463,31.1,80.1,1634,5.998,0,3
391,463,31.1,80.1,1634,5.998,0,3
391,463,31.1,80.1,1634,5.998,0,3
391,463,31.1,80.1,1634,5.998,0,3
391,463,31.1,80.1,1634,5.998,0,3
391,463,31.1,80.1,1634,5.998,0,3
391,463,31.1,80.1,1634,5.998,0,3
391,463,31.1,80.0,1635,5.998,0,3
391,463,31.1,80.0,1635,5.998,0,3
391,463,31.1,80.0,1635,5.998,0,3
391,463,31.1,80.0,1635,5.998,0,3
391,463,31.1,80.0,1635,5.998,0,3
391,463,31.1,80.0,1635,5.998,0,3
391,463,31.1,80.0,1635,5.998,0,3
391,463,31.1,80.0,1635,5.998,0,3
391,463,31.1,80.0,1635,5.998,0,3
391,463,31.1,80.0,1635,5.998,0,3
391,463,31.1,80.0,1635,5.998,0,3
391,463,31.1,80.0,1635,5.998,0,3
391,463,31.1,80.0,1636,6.005,0,3
391,463,31.1,80.0,1636,6.005,0,3
391,463,31.1,80.0,1636,6.005,0,3
391,463,31.1,80.0,1636,6.005,0,3
391,463,31.1,80.0,1636,6.005,0,3
391,463,31.1,80.0,1636,6.005,0,3
391,463,31.1,80.0,1636,6.005,0,3
391,463,31.1,80.0,1636,6.005,0,3
391,463,31.1,80.0,1636,6.005,0,3
391,463,31.1,80.0,1636,6.005,0,3
391,463,31.1,80.0,1636,6.005,0,3
391,463,31.1,80.0,1636,6.005,0,3
391,463,31.1,80.0,1637,6.005,0,3
391,462,31.1,80.0,1637,6.005,0,3
391,462,31.1,80.0,1637,6.005,0,3
391,462,31.1,80.0,1637,6.005,0,3
391,462,31.1,80.0,1637,6.005,0,3
391,462,31.1,80.0,1637,6.005,0,3
391,462,31.1,80.0,1637,6.005,0,3
391,462,31.1,80.0,1637,6.005,0,3
391,462,31.1,80.0,1637,6.005,0,3
391,462,31.1,80.0,1637,6.005,0,3
391,462,31.1,80.0,1637,6.005,0,3
391,462,31.1,79.9,1637,6.005,0,3
391,462,31.1,79.9,1638,6.005,0,3
391,462,31.1,79.9,1638,6.005,0,3
391,462,31.1,79.9,1638,6.005,0,3
391,462,31.1,79.9,1638,6.005,0,3
391,462,31.1,79.9,1638,6.005,0,3
391,462,31.1,79.9,1638,6.005,0,3
391,462,31.1,79.9,1638,6.005,0,3
391,462,31.1,79.9,1638,6.005,0,3
391,462,31.1,79.9,1638,6.005,0,3
391,462,31.1,79.9,1638,6.005,0,3
391,462,31.1,79.9,1638,6.005,0,3
391,462,31.1,79.9,1638,6.005,0,3
391,462,31.1,79.9,1639,6.005,0,3
391,462,31.1,79.9,1639,6.005,0,3
391,462,31.1,79.9,1639,6.005,0,3
391,462,31.1,79.9,1639,6.005,0,3
391,462,31.1,79.9,1639,6.005,0,3
391,462,31.1,79.9,1639,6.005,0,3
391,462,31.1,79.9,1639,6.005,0,3
391,462,31.1,79.9,1639,6.005,0,3
391,462,31.1,79.9,1639,6.005,0,3
390,462,31.1,79.9,1639,6.005,0,3
390,462,31.1,79.9,1639,6.005,0,3
390,462,31.1,79.9,1639,6.005,0,3
390,462,31.1,79.9,1640,6.005,0,3
390,462,31.1,79.9,1640,6.005,0,3
390,462,31.1,79.9,1640,6.005,0,3
390,462,31.0,79.9,1640,6.005,0,3
390,462,31.0,79.9,1640,6.005,0,3
390,462,31.0,79.9,1640,6.005,0,3
390,462,31.0,79.9,1640,6.005,0,3
390,462,31.0,79.9,1640,6.005,0,3
390,462,31.0,79.9,1640,6.005,0,3
390,462,31.0,79.9,1640,6.005,0,3
390,462,31.0,79.8,1640,6.005,0,3
390,462,31.0,79.8,1640,6.005,0,3
390,462,31.0,79.8,1641,6.005,0,3
390,462,31.0,79.8,1641,6.005,0,3
390,462,31.0,79.8,1641,6.005,0,3
390,462,31.0,79.8,1641,6.005,0,3
390,462,31.0,79.8,1641,6.005,0,3
390,462,31.0,79.8,1641,6.005,0,3
390,462,31.0,79.8,1641,6.005,0,3
390,462,31.0,79.8,1641,6.005,0,3
390,462,31.0,79.8,1641,6.005,0,3
390,462,31.0,79.8,1641,6.005,0,3
390,462,31.0,79.8,1641,6.005,0,3
390,462,31.0,79.8,1641,6.005,0,3
390,462,31.0,79.8,1642,6.005,0,3
390,462,31.0,79.8,1642,6.005,0,3
390,462,31.0,79.8,1642,6.005,0,3
390,462,31.0,79.8,1642,6.005,0,3
390,462,31.0,79.8,1642,6.005,0,3
390,462,31.0,79.8,1642,6.005,0,3
390,462,31.0,79.8,1642,6.005,0,3
390,462,31.0,79.8,1642,6.005,0,3
390,462,31.0,79.8,1642,6.005,0,3
390,462,31.0,79.8,1642,6.005,0,3
390,462,31.0,79.8,1642,6.005,0,3
390,462,31.0,79.8,1642,6.005,0,3
390,462,31.0,79.8,1643,6.005,0,3
390,462,31.0,79.8,1643,6.005,0,3
390,462,31.0,79.8,1643,6.005,0,3
390,462,31.0,79.8,1643,6.005,0,3
390,462,31.0,79.8,1643,6.005,0,3
390,462,31.0,79.8,1643,6.005,0,3
390,462,31.0,79.8,1643,6.005,0,3
390,462,31.0,79.8,1643,6.005,0,3
390,462,31.0,79.8,1643,6.005,0,3
390,462,31.0,79.8,1643,6.005,0,3
390,462,31.0,79.7,1643,6.005,0,3
390,462,31.0,79.7,1643,6.005,0,3
390,462,31.0,79.7,1644,6.005,0,3
390,462,31.0,79.7,1644,6.005,0,3
390,462,31.0,79.7,1644,6.005,0,3
393,470,31.1,80.5,1644,6.005,0,3
390,467,31.1,80.6,1644,6.005,0,3
385,459,31.1,80.6,1644,6.005,0,3
386,458,31.1,80.6,1644,6.005,0,3
387,456,31.1,80.6,1644,6.005,0,3
372,442,31.1,80.7,1644,6.005,0,3
370,438,31.1,80.7,1644,6.005,0,3
376,442,31.1,80.8,1644,6.005,0,3
375,439,31.1,81.0,1644,6.005,0,3
374,437,31.1,81.2,1645,6.005,0,3
375,441,31.1,81.3,1645,6.005,0,3
370,439,31.1,81.4,1645,6.005,0,3
375,437,31.1,81.5,1645,6.005,0,3
376,437,31.1,81.6,1645,6.005,0,3
375,438,31.1,81.8,1645,6.005,0,3
362,423,31.1,81.9,1645,6.005,0,3
361,425,31.2,81.9,1645,6.005,0,3
371,435,31.2,81.9,1645,6.005,0,3
366,429,31.1,81.8,1645,6.005,0,3
365,429,31.1,81.9,1645,6.005,0,3
365,429,31.2,81.9,1645,6.005,0,3
368,433,31.2,82.1,1646,6.103,0,3
369,433,31.2,82.2,1646,6.103,0,3
368,434,31.2,82.2,1646,6.103,0,3
368,432,31.2,82.3,1646,6.103,0,3
368,434,31.2,82.3,1646,6.103,0,3
370,424,31.2,82.5,1646,6.103,0,3
365,426,31.2,82.6,1646,6.103,0,3
363,423,31.2,82.7,1646,6.103,0,3
372,437,31.2,82.8,1646,6.103,0,3
370,436,31.2,82.7,1646,6.103,0,3
365,424,31.2,82.7,1646,6.103,0,3
366,424,31.2,82.6,1646,6.103,0,3
365,423,31.2,82.5,1647,6.103,0,3
366,424,31.2,82.4,1647,6.103,0,3
365,421,31.2,82.4,1647,6.103,0,3
367,421,31.2,82.6,1647,6.103,0,3
366,423,31.2,82.7,1647,6.103,0,3
369,424,31.2,83.0,1647,6.103,0,3
365,421,31.2,83.0,1647,6.103,0,3
362,424,31.2,83.0,1647,6.103,0,3
364,423,31.2,82.9,1647,6.103,0,3
378,428,31.3,82.6,1647,6.103,0,3
374,425,31.2,82.6,1647,6.103,0,3
371,423,31.3,82.5,1647,6.103,0,3
359,411,31.2,82.4,1648,6.103,0,3
357,408,31.2,82.3,1648,6.103,0,3
362,406,31.3,82.2,1648,6.103,0,3
361,405,31.3,82.0,1648,6.103,0,3
359,408,31.3,81.9,1648,6.103,0,3
354,397,31.3,81.8,1648,6.103,0,3
352,396,31.3,81.8,1648,6.103,0,3
362,409,31.3,81.9,1648,6.103,0,3
359,407,31.3,81.9,1648,6.103,0,3
373,411,31.3,81.9,1648,6.103,0,3
369,409,31.2,81.9,1648,6.103,0,3
362,406,31.2,82.0,1648,6.103,0,3
362,406,31.3,82.0,1649,6.103,0,3
361,406,31.3,81.9,1649,6.103,0,3
361,406,31.3,81.9,1649,6.103,0,3
360,405,31.3,81.9,1649,6.103,0,3
360,400,31.3,81.7,1649,6.103,0,3
359,399,31.3,81.6,1649,6.103,0,3
360,399,31.3,81.6,1649,6.103,0,3
349,387,31.3,81.6,1649,6.103,0,3
353,389,31.3,81.7,1649,6.103,0,3
370,399,31.3,81.7,1649,6.103,0,3
374,403,31.3,81.7,1649,6.103,0,3
374,398,31.3,81.7,1649,6.103,0,3
370,398,31.3,81.6,1650,6.103,0,3
364,398,31.3,81.5,1650,6.103,0,3
366,401,31.3,81.5,1650,6.103,0,3
366,397,31.3,81.4,1650,6.103,0,3
363,399,31.3,81.6,1650,6.103,0,3
362,397,31.3,81.8,1650,6.103,0,3
361,399,31.3,81.9,1650,6.103,0,3
363,399,31.3,82.0,1650,6.103,0,3
363,401,31.3,82.1,1650,6.103,0,3
363,405,31.3,82.1,1650,6.103,0,3
362,400,31.3,82.1,1650,6.103,0,3
369,406,31.3,82.2,1650,6.103,0,3
368,408,31.3,82.3,1651,6.103,0,3
366,407,31.3,82.3,1651,6.103,0,3
366,406,31.4,82.4,1651,6.103,0,3
364,406,31.3,82.4,1651,6.103,0,3
366,406,31.3,82.4,1651,6.103,0,3
366,407,31.4,82.5,1651,6.103,0,3
366,407,31.6,82.9,1651,6.103,0,3
370,409,31.7,83.0,1651,6.103,0,3
378,406,31.6,83.0,1651,6.103,0,3
395,421,31.7,83.0,1651,6.103,0,3
400,421,31.6,83.1,1651,6.103,0,3
387,417,31.6,83.1,1651,6.103,0,3
391,418,31.7,83.1,1652,6.103,0,3
390,411,31.7,83.2,1652,6.103,0,3
387,412,31.7,83.3,1652,6.103,0,3
389,421,31.7,83.3,1652,6.103,0,3
385,421,31.7,83.3,1652,6.103,0,3
377,409,31.7,83.2,1652,6.103,0,3
372,407,31.7,83.2,1652,6.103,0,3
376,408,31.7,83.2,1652,6.103,0,3
386,421,31.7,83.2,1652,6.103,0,3
390,421,31.7,83.1,1652,6.103,0,3
388,420,31.7,83.1,1652,6.103,0,3
393,421,31.7,83.0,1652,6.103,0,3
390,421,31.7,83.0,1653,6.103,0,3
390,421,31.7,82.9,1653,6.103,0,3
390,419,31.7,82.9,1653,6.103,0,3
386,415,31.7,82.8,1653,6.103,0,3
386,412,31.7,82.8,1653,6.103,0,3
384,416,31.7,82.8,1653,6.103,0,3
386,413,31.7,82.8,1653,6.103,0,3
383,412,31.7,82.9,1653,6.103,0,3
387,412,31.7,82.8,1653,6.103,0,3
384,412,31.7,82.9,1653,6.103,0,3
387,412,31.7,82.9,1653,6.103,0,3
387,412,31.7,82.9,1653,6.103,0,3
388,412,31.7,83.0,1654,6.103,0,3
391,421,31.7,83.0,1654,6.103,0,3
390,418,31.7,83.0,1654,6.103,0,3
390,418,31.7,83.0,1654,6.103,0,3
389,417,31.7,83.0,1654,6.103,0,3
387,404,31.7,83.0,1654,6.103,0,3
389,406,31.7,83.0,1654,6.103,0,3
389,416,31.7,83.0,1654,6.103,0,3
387,412,31.7,83.1,1654,6.103,0,3
385,420,31.7,83.1,1654,6.103,0,3
387,416,31.7,83.3,1654,6.103,0,3
376,403,31.7,83.4,1654,6.103,0,3
375,408,31.7,83.4,1655,6.103,0,3
386,406,31.7,83.4,1655,6.103,0,3
396,421,31.7,83.3,1655,6.103,0,3
393,421,31.7,83.3,1655,6.103,0,3
390,421,31.7,83.2,1655,6.103,0,3
378,405,31.7,83.1,1655,6.103,0,3
378,405,31.7,83.1,1655,6.103,0,3
389,416,31.7,83.1,1655,6.103,0,3
387,417,31.7,83.1,1655,6.103,0,3
387,416,31.7,83.1,1655,6.103,0,3
388,417,31.7,83.0,1655,6.103,0,3
385,416,31.7,83.1,1655,6.103,0,3
389,416,31.7,83.0,1656,6.103,0,3
395,414,31.7,83.0,1656,6.103,0,3
395,416,31.7,83.0,1656,6.103,0,3
391,419,31.7,83.0,1656,6.103,0,3
390,418,31.7,83.1,1656,6.103,0,3
380,405,31.7,83.1,1656,6.103,0,3
378,403,31.7,83.1,1656,6.103,0,3
390,404,31.7,83.1,1656,6.103,0,3
389,416,31.7,83.0,1656,6.103,0,3
389,413,31.7,83.1,1656,6.103,0,3
389,415,31.7,83.2,1656,6.103,0,3
390,410,31.7,83.3,1656,6.103,0,3
388,416,31.7,83.3,1657,6.103,0,3
389,417,31.7,83.4,1657,6.103,0,3
387,406,31.7,83.5,1657,6.103,0,3
384,407,31.8,83.6,1657,6.103,0,3
391,421,31.8,83.6,1657,6.103,0,3
392,421,31.8,83.7,1657,6.103,0,3
382,407,31.7,83.6,1657,6.103,0,3
380,406,31.7,83.6,1657,6.103,0,3
380,406,31.8,83.7,1657,6.103,0,3
383,405,31.8,83.6,1657,6.103,0,3
390,419,31.7,83.7,1657,6.103,0,3
395,421,31.7,83.9,1657,6.103,0,3
390,420,31.7,84.0,1658,6.103,0,3
390,420,31.7,84.1,1658,6.103,0,3
390,419,31.7,84.1,1658,6.103,0,3
385,409,31.8,84.0,1658,6.103,0,3
390,406,31.8,83.8,1658,6.103,0,3
390,406,31.8,83.6,1658,6.103,0,3
390,419,31.8,83.5,1658,6.103,0,3
392,416,31.8,83.3,1658,6.103,0,3
390,413,31.8,83.3,1658,6.103,0,3
390,415,31.8,83.1,1658,6.103,0,3
395,416,31.8,83.0,1658,6.103,0,3
400,417,31.8,83.0,1658,6.103,0,3
388,419,31.8,83.0,1659,6.103,0,3
393,414,31.8,83.0,1659,6.103,0,3
392,415,31.8,83.0,1659,6.103,0,3
391,416,31.8,83.0,1659,6.103,0,3
391,402,31.8,83.0,1659,6.103,0,3
387,398,31.8,83.1,1659,6.103,0,3
390,409,31.8,83.1,1659,6.103,0,3
380,399,31.8,83.2,1659,6.103,0,3
380,399,31.8,83.1,1659,6.103,0,3
390,411,31.8,83.1,1659,6.103,0,3
390,412,31.8,83.3,1659,6.103,0,3
395,416,31.8,83.6,1659,6.103,0,3
402,431,31.8,83.9,1660,6.103,0,3
399,428,31.8,84.4,1660,6.103,0,3
401,431,31.8,84.6,1660,6.103,0,3
403,435,31.8,85.1,1660,6.103,0,3
406,447,31.8,85.3,1660,6.103,0,3
405,450,31.8,85.3,1660,6.103,0,3
417,451,31.8,85.3,1660,6.103,0,3
416,453,31.8,85.0,1660,6.103,0,3
416,451,31.8,84.9,1660,6.103,0,3
408,448,31.8,84.7,1660,6.103,0,3
409,448,31.8,84.7,1660,6.103,0,3
405,435,31.8,84.7,1660,6.103,0,3
407,436,31.8,84.7,1661,6.103,0,3
407,448,31.8,84.6,1661,6.103,0,3
407,444,31.8,84.5,1661,6.103,0,3
404,444,31.8,84.4,1661,6.103,0,3
405,441,31.8,84.4,1661,6.103,0,3
390,431,31.8,84.4,1661,6.103,0,3
391,430,31.8,84.3,1661,6.103,0,3
405,443,31.8,84.0,1661,6.103,0,3
402,440,31.8,83.9,1661,6.103,0,3
411,452,31.8,83.9,1661,6.103,0,3
407,451,31.8,83.9,1661,6.103,0,3
395,436,31.8,83.9,1661,6.103,0,3
394,431,31.8,83.9,1662,6.103,0,3
405,427,31.8,83.8,1662,6.103,0,3
405,438,31.8,83.7,1662,6.103,0,3
405,437,31.8,83.8,1662,6.103,0,3
404,438,31.8,84.0,1662,6.103,0,3
405,440,31.8,84.0,1662,6.103,0,3
402,442,31.8,84.1,1662,6.103,0,3
405,439,31.8,84.2,1662,6.103,0,3
417,448,31.8,84.3,1662,6.103,0,3
413,452,31.8,84.4,1662,6.103,0,3
407,445,31.8,84.5,1662,6.103,0,3
408,450,31.8,84.6,1662,6.103,0,3
409,452,31.8,84.8,1663,6.103,0,3
409,452,31.9,84.8,1663,6.103,0,3
410,453,31.8,84.9,1663,6.103,0,3
406,453,31.8,84.7,1663,6.103,0,3
419,453,31.8,84.7,1663,6.103,0,3
421,455,31.9,84.6,1663,6.103,0,3
417,453,31.8,84.5,1663,6.103,0,3
411,440,31.9,84.4,1663,6.103,0,3
411,439,31.9,84.5,1663,6.103,0,3
412,452,31.8,84.4,1663,6.103,0,3
411,449,31.9,84.3,1663,6.103,0,3
410,446,31.9,84.3,1663,6.103,0,3
408,441,31.9,84.3,1664,6.103,0,3
406,441,31.8,84.0,1664,6.103,0,3
403,440,31.8,82.6,1664,6.103,0,3
408,438,31.8,82.7,1664,6.103,0,3
407,437,31.8,82.7,1664,6.103,0,3
407,436,31.8,82.8,1664,6.103,0,3
408,437,31.8,82.7,1664,6.103,0,3
406,436,31.8,82.8,1664,6.103,0,3
414,437,31.9,82.8,1664,6.103,0,3
419,435,31.8,83.0,1664,6.103,0,3
427,438,31.9,83.3,1664,6.103,0,3
433,451,31.8,83.5,1664,6.103,0,3
437,454,31.9,83.6,1665,6.103,0,3
434,453,31.9,83.8,1665,6.103,0,3
437,461,31.8,83.8,1665,6.103,0,3
432,457,31.9,83.9,1665,6.103,0,3
429,460,31.9,84.0,1665,6.103,0,3
444,463,31.9,84.2,1665,6.103,0,3
460,490,31.9,84.2,1665,6.103,0,3
459,491,31.9,84.2,1665,6.103,0,3
453,494,31.9,84.2,1665,6.103,0,3
454,515,31.9,84.4,1665,6.103,0,3
454,515,31.9,84.4,1665,6.103,0,3
454,514,31.9,84.5,1665,6.103,0,3
452,504,31.9,84.6,1666,6.103,0,3
454,515,31.9,84.7,1666,6.103,0,3
452,510,31.9,84.7,1666,6.103,0,3
436,499,31.9,84.7,1666,6.103,0,3
439,499,31.9,84.7,1666,6.103,0,3
440,499,31.9,84.8,1666,6.103,0,3
439,499,31.9,84.9,1666,6.103,0,3
441,497,31.9,85.0,1666,6.103,0,3
439,497,31.9,85.0,1666,6.103,0,3
437,494,31.9,85.1,1666,6.103,0,3
437,490,31.9,85.2,1666,6.103,0,3
438,491,31.9,85.2,1666,6.103,0,3
438,484,31.9,85.3,1667,6.103,0,3
439,484,31.9,85.3,1667,6.103,0,3
438,488,31.9,85.4,1667,6.103,0,3
437,485,31.9,85.4,1667,6.103,0,3
434,484,31.9,85.4,1667,6.103,0,3
435,484,31.9,85.4,1667,6.103,0,3
440,487,31.9,85.4,1667,6.103,0,3
437,485,31.9,85.4,1667,6.103,0,3
435,479,31.9,85.5,1667,6.103,0,3
433,480,31.9,85.5,1667,6.103,0,3
434,477,31.9,85.5,1667,6.103,0,3
434,476,31.9,85.4,1667,6.103,0,3
432,474,31.9,85.4,1668,6.103,0,3
431,471,31.9,85.4,1668,6.103,0,3
436,471,31.9,85.5,1668,6.103,0,3
431,469,31.9,85.5,1668,6.103,0,3
431,469,31.9,85.6,1668,6.103,0,3
433,470,31.9,85.5,1668,6.103,0,3
431,468,31.9,85.4,1668,6.103,0,3
441,470,31.9,85.4,1668,6.103,0,3
439,470,31.9,85.4,1668,6.103,0,3
434,471,31.9,85.3,1668,6.103,0,3
433,468,31.9,85.4,1668,6.103,0,3
434,469,31.9,85.4,1668,6.103,0,3
431,467,31.9,85.3,1669,6.103,0,3
428,463,31.9,85.2,1669,6.103,0,3
436,465,31.9,85.1,1669,6.103,0,3
437,464,31.9,85.1,1669,6.103,0,3
435,466,31.9,85.1,1669,6.103,0,3
433,466,31.9,85.0,1669,6.103,0,3
431,463,31.9,85.0,1669,6.103,0,3
430,459,31.9,84.9,1669,6.103,0,3
426,458,31.9,84.8,1669,6.103,0,3
424,459,31.9,84.7,1669,6.103,0,3
426,447,31.9,84.8,1669,6.103,0,3
426,452,31.9,84.8,1669,6.103,0,3
428,459,31.9,84.7,1670,6.103,0,3
428,458,31.9,84.8,1670,6.103,0,3
427,458,31.9,84.7,1670,6.103,0,3
424,453,31.9,84.6,1670,6.103,0,3
421,453,31.9,84.6,1670,6.103,0,3
423,453,31.9,84.7,1670,6.103,0,3
422,453,31.9,84.7,1670,6.103,0,3
421,437,31.9,84.7,1670,6.103,0,3
421,440,31.9,84.7,1670,6.103,0,3
433,452,31.9,84.7,1670,6.103,0,3
432,441,31.9,84.8,1670,6.103,0,3
422,443,32.0,84.8,1670,6.103,0,3
421,453,31.9,84.9,1671,6.103,0,3
425,450,32.0,84.9,1671,6.103,0,3
428,455,32.0,85.0,1671,6.103,0,3
420,445,31.9,85.0,1671,6.103,0,3
416,447,32.0,85.1,1671,6.103,0,3
428,458,31.9,85.0,1671,6.103,0,3
428,455,31.9,85.1,1671,6.103,0,3
426,458,31.9,85.1,1671,6.103,0,3
428,457,31.9,85.1,1671,6.103,0,3
430,458,31.9,85.2,1671,6.103,0,3
433,461,32.0,85.2,1671,6.103,0,3
438,467,32.0,85.2,1671,6.103,0,3
433,468,31.9,85.4,1672,6.103,0,3
435,467,31.9,85.5,1672,6.103,0,3
434,468,31.9,85.4,1672,6.103,0,3
431,463,32.0,85.3,1672,6.103,0,3
435,463,32.0,85.2,1672,6.103,0,3
432,463,32.0,85.1,1672,6.103,0,3
433,460,32.0,85.0,1672,6.103,0,3
432,460,31.9,85.0,1672,6.103,0,3
432,459,32.0,85.0,1672,6.103,0,3
435,459,31.9,85.0,1672,6.103,0,3
434,460,32.0,85.0,1672,6.103,0,3
442,463,31.9,85.0,1672,6.103,0,3
440,466,32.0,84.9,1673,6.103,0,3
435,459,32.0,84.8,1673,6.103,0,3
435,462,32.0,84.7,1673,6.103,0,3
434,460,32.0,84.6,1673,6.103,0,3
437,458,32.0,84.6,1673,6.103,0,3
423,444,32.0,84.6,1673,6.103,0,3
421,444,32.0,84.5,1673,6.103,0,3
428,455,32.0,84.5,1673,6.103,0,3
428,455,32.0,84.6,1673,6.103,0,3
428,456,32.0,84.7,1673,6.103,0,3
421,446,32.0,84.8,1673,6.103,0,3
421,448,31.9,84.9,1673,6.103,0,3
434,460,32.0,85.0,1674,6.103,0,3
444,465,32.0,85.1,1674,6.103,0,3
440,465,32.0,85.2,1674,6.103,0,3
437,465,32.0,85.4,1674,6.103,0,3
428,462,32.0,85.5,1674,6.103,0,3
432,463,32.0,85.6,1674,6.103,0,3
420,463,32.0,85.7,1674,6.103,0,3
421,461,32.0,85.7,1674,6.103,0,3
423,449,32.0,85.7,1674,6.103,0,3
430,448,32.0,85.7,1674,6.103,0,3
432,459,32.0,85.7,1674,6.103,0,3
429,460,32.0,85.6,1674,6.103,0,3
427,457,32.0,85.5,1675,6.103,0,3
423,446,32.0,85.3,1675,6.103,0,3
436,448,32.0,85.0,1675,6.103,0,3
436,451,32.0,84.9,1675,6.103,0,3
421,448,32.0,84.9,1675,6.103,0,3
421,447,32.0,85.0,1675,6.103,0,3
431,448,32.0,85.0,1675,6.103,0,3
432,448,32.0,85.0,1675,6.103,0,3
427,448,32.0,84.9,1675,6.103,0,3
427,448,32.0,84.8,1675,6.103,0,3
424,448,32.0,84.6,1675,6.103,0,3
427,447,32.0,84.7,1675,6.103,0,3
437,455,32.0,84.9,1676,6.103,0,3
434,456,31.9,85.1,1676,6.103,0,3
432,454,31.9,85.1,1676,6.103,0,3
432,456,32.0,85.2,1676,6.103,0,3
431,456,31.9,85.1,1676,6.103,0,3
431,452,32.0,85.2,1676,6.103,0,3
431,455,32.0,85.2,1676,6.103,0,3
428,454,32.0,85.2,1676,6.103,0,3
428,454,32.0,85.2,1676,6.103,0,3
430,451,32.0,85.1,1676,6.103,0,3
428,451,32.0,85.0,1676,6.103,0,3
437,458,32.0,84.9,1676,6.103,0,3
436,453,32.0,84.7,1677,6.103,0,3
428,438,32.0,84.5,1677,6.103,0,3
428,436,32.0,84.3,1677,6.103,0,3
426,434,32.0,84.2,1677,6.103,0,3
427,447,32.0,84.2,1677,6.103,0,3
424,444,32.0,84.1,1677,6.103,0,3
420,430,32.0,84.2,1677,6.103,0,3
419,431,32.0,84.0,1677,6.103,0,3
416,427,32.0,84.1,1677,6.103,0,3
422,442,32.0,84.2,1677,6.103,0,3
423,443,32.0,84.4,1677,6.103,0,3
422,441,32.0,84.7,1677,6.103,0,3
421,442,32.0,84.9,1678,6.103,0,3
421,443,32.0,85.1,1678,6.103,0,3
424,439,32.0,85.1,1678,6.103,0,3
443,443,32.0,85.1,1678,6.103,0,3
438,442,32.0,85.1,1678,6.103,0,3
424,444,32.0,85.1,1678,6.103,0,3
422,442,32.0,84.9,1678,6.103,0,3
422,438,32.0,84.8,1678,6.103,0,3
428,440,32.0,84.6,1678,6.103,0,3
424,440,32.0,84.5,1678,6.103,0,3
422,439,32.0,84.5,1678,6.103,0,3
422,438,32.0,84.5,1678,6.103,0,3
432,438,32.0,84.6,1679,6.103,0,3
433,437,32.0,84.7,1679,6.103,0,3
433,450,32.0,84.8,1679,6.103,0,3
439,452,32.0,85.1,1679,6.103,0,3
438,439,32.0,85.2,1679,6.103,0,3
437,439,32.0,85.2,1679,6.103,0,3
422,443,32.0,85.2,1679,6.103,0,3
421,439,32.0,85.2,1679,6.103,0,3
421,439,32.0,85.3,1679,6.103,0,3
421,437,32.0,85.3,1679,6.103,0,3
428,453,32.0,85.4,1679,6.103,0,3
428,453,32.0,85.4,1679,6.103,0,3
433,453,32.0,85.3,1680,6.103,0,3
437,453,32.0,85.3,1680,6.103,0,3
435,453,32.0,85.3,1680,6.103,0,3
435,453,32.0,85.4,1680,6.103,0,3
434,452,32.0,85.4,1680,6.103,0,3
421,437,32.0,85.4,1680,6.103,0,3
422,437,32.0,85.5,1680,6.103,0,3
434,451,32.0,85.5,1680,6.103,0,3
428,451,32.0,85.4,1680,6.103,0,3
427,451,32.0,85.5,1680,6.103,0,3
436,451,32.0,85.5,1680,6.103,0,3
443,457,32.0,85.5,1680,6.103,0,3
451,468,32.0,85.6,1681,6.234,0,3
453,464,32.0,85.7,1681,6.234,0,3
449,463,32.0,85.7,1681,6.234,0,3
453,479,32.0,85.7,1681,6.234,0,3
453,480,32.0,85.7,1681,6.234,0,3
453,466,32.0,85.7,1681,6.234,0,3
453,467,32.0,85.6,1681,6.234,0,3
452,467,32.0,85.5,1681,6.234,0,3
453,472,32.0,85.5,1681,6.234,0,3
452,467,32.0,85.5,1681,6.234,0,3
452,463,32.0,85.4,1681,6.234,0,3
452,463,32.0,85.4,1681,6.234,0,3
453,463,32.0,85.4,1682,6.234,0,3
438,459,32.0,85.4,1682,6.234,0,3
435,460,32.0,85.4,1682,6.234,0,3
451,463,32.0,85.4,1682,6.234,0,3
455,466,32.0,85.4,1682,6.234,0,3
453,477,32.0,85.4,1682,6.234,0,3
450,473,32.0,85.4,1682,6.234,0,3
449,470,32.0,85.4,1682,6.234,0,3
443,469,32.0,85.5,1682,6.234,0,3
444,467,32.0,85.6,1682,6.234,0,3
454,477,32.0,85.8,1682,6.234,0,3
450,474,32.0,86.0,1682,6.234,0,3
432,459,32.0,86.1,1683,6.234,0,3
432,459,32.0,86.1,1683,6.234,0,3
454,474,32.0,86.1,1683,6.234,0,3
452,475,32.1,86.1,1683,6.234,0,3
440,461,32.0,86.1,1683,6.234,0,3
437,459,32.0,86.0,1683,6.234,0,3
437,460,32.1,86.0,1683,6.234,0,3
443,465,32.1,86.0,1683,6.234,0,3
446,461,32.0,86.0,1683,6.234,0,3
440,474,32.0,86.0,1683,6.234,0,3
445,474,32.0,86.0,1683,6.234,0,3
434,455,32.0,86.0,1683,6.234,0,3
436,457,32.0,86.0,1684,6.234,0,3
447,469,32.0,86.1,1684,6.234,0,3
453,473,32.0,86.1,1684,6.234,0,3
453,478,32.1,86.1,1684,6.234,0,3
453,477,32.1,86.1,1684,6.234,0,3
437,460,32.1,86.0,1684,6.234,0,3
435,462,32.1,85.9,1684,6.234,0,3
446,469,32.0,85.8,1684,6.234,0,3
444,469,32.0,85.8,1684,6.234,0,3
452,468,32.1,85.8,1684,6.234,0,3
453,471,32.0,85.6,1684,6.234,0,3
450,468,32.1,85.5,1684,6.234,0,3
446,465,32.0,85.4,1685,6.234,0,3
444,467,32.0,85.4,1685,6.234,0,3
448,467,32.1,85.5,1685,6.234,0,3
454,467,32.0,85.5,1685,6.234,0,3
453,467,32.0,85.3,1685,6.234,0,3
444,466,32.0,85.3,1685,6.234,0,3
441,463,32.0,85.3,1685,6.234,0,3
446,449,32.0,85.3,1685,6.234,0,3
438,451,32.0,85.2,1685,6.234,0,3
440,460,32.0,85.3,1685,6.234,0,3
443,462,32.0,85.3,1685,6.234,0,3
443,461,32.1,85.5,1685,6.234,0,3
444,469,32.1,85.7,1686,6.234,0,3
444,470,32.1,85.9,1686,6.234,0,3
444,465,32.1,86.3,1686,6.234,0,3
444,468,32.1,86.5,1686,6.234,0,3
444,468,32.1,86.7,1686,6.234,0,3
447,470,32.1,86.8,1686,6.234,0,3
444,471,32.1,86.9,1686,6.234,0,3
442,473,32.1,86.8,1686,6.234,0,3
447,473,32.1,86.8,1686,6.234,0,3
447,479,32.1,86.6,1686,6.234,0,3
446,478,32.1,86.5,1686,6.234,0,3
456,479,32.0,86.1,1686,6.234,0,3
452,469,32.0,85.6,1687,6.234,0,3
446,463,32.0,85.6,1687,6.234,0,3
446,463,32.0,85.6,1687,6.234,0,3
449,469,32.0,85.8,1687,6.234,0,3
456,467,32.0,86.0,1687,6.234,0,3
453,476,32.1,86.3,1687,6.234,0,3
452,477,32.1,86.6,1687,6.234,0,3
437,467,32.1,86.7,1687,6.234,0,3
437,465,32.1,86.7,1687,6.234,0,3
455,484,32.0,87.0,1687,6.234,0,3
451,484,32.0,87.0,1687,6.234,0,3
450,484,32.0,87.0,1687,6.234,0,3
452,487,32.0,87.3,1688,6.234,0,3
456,488,32.0,87.3,1688,6.234,0,3
452,484,32.0,87.0,1688,6.234,0,3
451,482,32.0,86.7,1688,6.234,0,3
453,478,32.0,86.4,1688,6.234,0,3
454,475,32.0,86.1,1688,6.234,0,3
452,480,32.0,85.9,1688,6.234,0,3
450,478,32.0,85.9,1688,6.234,0,3
452,483,32.0,86.8,1688,6.234,0,3
452,481,32.0,86.9,1688,6.234,0,3
452,471,32.0,86.7,1688,6.234,0,3
452,477,32.1,86.5,1688,6.234,0,3
452,473,32.1,86.4,1689,6.234,0,3
452,459,32.1,86.2,1689,6.234,0,3
450,463,32.0,86.2,1689,6.234,0,3
455,475,32.1,86.1,1689,6.234,0,3
454,473,32.1,86.1,1689,6.234,0,3
452,469,32.1,86.0,1689,6.234,0,3
450,461,32.1,85.9,1689,6.234,0,3
450,462,32.1,85.8,1689,6.234,0,3
451,453,32.0,85.9,1689,6.234,0,3
439,456,32.1,86.1,1689,6.234,0,3
440,458,32.1,86.2,1689,6.234,0,3
449,461,32.1,86.4,1689,6.234,0,3
449,465,32.1,86.6,1690,6.234,0,3
455,460,32.1,86.6,1690,6.234,0,3
451,460,32.1,86.3,1690,6.234,0,3
440,454,32.1,86.2,1690,6.234,0,3
440,453,32.1,85.9,1690,6.234,0,3
443,455,32.1,85.7,1690,6.234,0,3
438,450,32.1,85.5,1690,6.234,0,3
439,449,32.1,85.3,1690,6.234,0,3
448,455,32.1,85.2,1690,6.234,0,3
450,453,32.1,85.1,1690,6.234,0,3
454,456,32.1,85.0,1690,6.234,0,3
455,456,32.1,84.9,1690,6.234,0,3
451,451,32.1,84.9,1691,6.234,0,3
453,449,32.1,85.0,1691,6.234,0,3
451,444,32.1,85.3,1691,6.234,0,3
453,456,32.1,85.5,1691,6.234,0,3
452,463,32.1,85.6,1691,6.234,0,3
451,463,32.1,85.6,1691,6.234,0,3
454,467,32.1,85.6,1691,6.234,0,3
463,469,32.1,85.6,1691,6.234,0,3
468,467,32.1,85.6,1691,6.234,0,3
452,466,32.1,85.6,1691,6.234,0,3
453,464,32.1,85.6,1691,6.234,0,3
459,479,32.1,85.6,1691,6.234,0,3
455,475,32.1,85.6,1692,6.234,0,3
453,472,32.1,85.5,1692,6.234,0,3
453,471,32.1,85.5,1692,6.234,0,3
454,471,32.1,85.5,1692,6.234,0,3
454,470,32.1,85.5,1692,6.234,0,3
454,471,32.1,85.5,1692,6.234,0,3
449,471,32.1,85.5,1692,6.234,0,3
466,471,32.1,85.6,1692,6.234,0,3
462,477,32.1,85.7,1692,6.234,0,3
455,478,32.1,85.8,1692,6.234,0,3
455,463,32.1,85.9,1692,6.234,0,3
457,462,32.1,85.9,1692,6.234,0,3
455,475,32.1,85.9,1693,6.234,0,3
455,478,32.1,85.8,1693,6.234,0,3
455,474,32.1,85.7,1693,6.234,0,3
453,459,32.1,85.7,1693,6.234,0,3
455,460,32.1,85.7,1693,6.234,0,3
455,469,32.1,85.7,1693,6.234,0,3
453,469,32.1,85.7,1693,6.234,0,3
453,466,32.1,85.7,1693,6.234,0,3
453,463,32.1,85.7,1693,6.234,0,3
454,460,32.1,85.6,1693,6.234,0,3
456,467,32.1,85.6,1693,6.234,0,3
451,458,32.1,85.6,1693,6.234,0,3
447,459,32.1,85.5,1694,6.234,0,3
451,468,32.1,85.4,1694,6.234,0,3
451,472,32.1,85.4,1694,6.234,0,3
451,474,32.1,85.4,1694,6.234,0,3
451,456,32.1,85.5,1694,6.234,0,3
447,455,32.1,85.5,1694,6.234,0,3
449,466,32.1,85.5,1694,6.234,0,3
443,467,32.1,85.5,1694,6.234,0,3
442,453,32.1,85.6,1694,6.234,0,3
446,453,32.1,85.5,1694,6.234,0,3
453,466,32.1,85.5,1694,6.234,0,3
456,465,32.1,85.5,1694,6.234,0,3
454,466,32.1,85.6,1695,6.234,0,3
460,471,32.1,85.5,1695,6.234,0,3
455,469,32.1,85.5,1695,6.234,0,3
453,466,32.1,85.5,1695,6.234,0,3
453,465,32.1,85.5,1695,6.234,0,3
453,461,32.1,85.5,1695,6.234,0,3
453,460,32.1,85.4,1695,6.234,0,3
453,462,32.1,85.3,1695,6.234,0,3
453,458,32.1,85.4,1695,6.234,0,3
440,449,32.1,85.4,1695,6.234,0,3
439,450,32.1,85.3,1695,6.234,0,3
453,459,32.2,85.4,1695,6.234,0,3
450,452,32.1,85.4,1696,6.234,0,3
446,454,32.1,85.5,1696,6.234,0,3
457,463,32.1,85.5,1696,6.234,0,3
453,464,32.1,85.5,1696,6.234,0,3
453,463,32.1,85.6,1696,6.234,0,3
453,463,32.1,85.5,1696,6.234,0,3
453,463,32.1,85.5,1696,6.234,0,3
453,466,32.1,85.5,1696,6.234,0,3
453,463,32.1,85.5,1696,6.234,0,3
453,462,32.2,85.5,1696,6.234,0,3
451,460,32.1,85.4,1696,6.234,0,3
451,463,32.1,85.3,1696,6.234,0,3
452,465,32.1,85.3,1697,6.234,0,3
453,465,32.1,85.3,1697,6.234,0,3
453,463,32.1,85.4,1697,6.234,0,3
443,452,32.1,85.5,1697,6.234,0,3
443,453,32.1,85.6,1697,6.234,0,3
453,465,32.1,85.6,1697,6.234,0,3
453,465,32.2,85.6,1697,6.234,0,3
453,453,32.2,85.6,1697,6.234,0,3
454,456,32.2,85.7,1697,6.234,0,3
453,458,32.2,85.6,1697,6.234,0,3
459,469,32.1,85.7,1697,6.234,0,3
456,467,32.1,85.8,1697,6.234,0,3
455,465,32.1,85.7,1698,6.234,0,3
447,453,32.2,85.8,1698,6.234,0,3
446,454,32.2,85.8,1698,6.234,0,3
454,466,32.2,85.8,1698,6.234,0,3
453,466,32.1,85.9,1698,6.234,0,3
454,465,32.1,85.9,1698,6.234,0,3
466,467,32.2,85.9,1698,6.234,0,3
463,471,32.2,86.0,1698,6.234,0,3
463,472,32.2,86.0,1698,6.234,0,3
456,466,32.2,86.1,1698,6.234,0,3
456,469,32.1,86.1,1698,6.234,0,3
456,469,32.2,86.1,1698,6.234,0,3
456,454,32.1,86.0,1699,6.234,0,3
455,453,32.2,85.9,1699,6.234,0,3
455,468,32.2,85.9,1699,6.234,0,3
456,469,32.2,85.9,1699,6.234,0,3
456,470,32.2,85.9,1699,6.234,0,3
463,471,32.2,85.9,1699,6.234,0,3
462,474,32.2,85.9,1699,6.234,0,3
460,469,32.2,85.8,1699,6.234,0,3
461,469,32.2,85.8,1699,6.234,0,3
459,467,32.1,85.9,1699,6.234,0,3
455,468,32.1,86.0,1699,6.234,0,3
470,469,32.1,86.0,1699,6.234,0,3
465,473,32.1,86.1,1700,6.234,0,3
456,471,32.1,86.2,1700,6.234,0,3
457,469,32.2,86.3,1700,6.234,0,3
457,469,32.2,86.3,1700,6.234,0,3
448,457,32.2,86.3,1700,6.234,0,3
448,457,32.1,86.3,1700,6.234,0,3
456,469,32.2,86.3,1700,6.234,0,3
458,470,32.2,86.3,1700,6.234,0,3
458,471,32.2,86.2,1700,6.234,0,3
458,470,32.2,86.2,1700,6.234,0,3
462,476,32.2,86.2,1700,6.234,0,3
462,474,32.2,86.1,1700,6.234,0,3
464,474,32.2,86.1,1701,6.234,0,3
458,470,32.2,86.1,1701,6.234,0,3
458,469,32.2,86.1,1701,6.234,0,3
458,475,32.2,86.0,1701,6.234,0,3
491,476,32.2,86.0,1701,6.234,0,3
494,479,32.1,86.0,1701,6.234,0,3
483,477,32.2,86.1,1701,6.234,0,3
483,481,32.2,86.1,1701,6.234,0,3
484,484,32.1,86.1,1701,6.234,0,3
480,484,32.2,86.1,1701,6.234,0,3
473,484,32.1,85.9,1701,6.234,0,3
470,483,32.2,86.2,1701,6.234,0,3
468,479,32.1,86.3,1702,6.234,0,3
472,482,32.2,86.1,1702,6.234,0,3
472,481,32.2,85.9,1702,6.234,0,3
465,479,32.2,85.9,1702,6.234,0,3
467,475,32.2,85.9,1702,6.234,0,3
483,480,32.2,85.9,1702,6.234,0,3
483,488,32.1,85.7,1702,6.234,0,3
477,484,32.2,85.7,1702,6.234,0,3
475,485,32.1,85.8,1702,6.234,0,3
476,484,32.2,85.9,1702,6.234,0,3
476,484,32.2,85.8,1702,6.234,0,3
481,484,32.2,85.7,1702,6.234,0,3
480,484,32.2,85.6,1703,6.234,0,3
469,484,32.2,85.6,1703,6.234,0,3
461,470,32.2,85.6,1703,6.234,0,3
460,471,32.2,85.8,1703,6.234,0,3
460,470,32.2,85.9,1703,6.234,0,3
468,482,32.2,86.0,1703,6.234,0,3
469,481,32.2,86.0,1703,6.234,0,3
467,479,32.2,85.9,1703,6.234,0,3
466,466,32.2,85.8,1703,6.234,0,3
463,468,32.2,85.7,1703,6.234,0,3
473,481,32.2,85.7,1703,6.234,0,3
470,480,32.2,85.7,1703,6.234,0,3
468,478,32.2,85.8,1704,6.234,0,3
467,474,32.2,85.9,1704,6.234,0,3
468,478,32.2,85.9,1704,6.234,0,3
454,465,32.2,85.9,1704,6.234,0,3
458,463,32.2,86.0,1704,6.234,0,3
468,477,32.2,85.9,1704,6.234,0,3
468,478,32.2,86.0,1704,6.234,0,3
480,483,32.2,86.0,1704,6.234,0,3
478,483,32.2,86.1,1704,6.234,0,3
467,476,32.2,86.2,1704,6.234,0,3
467,478,32.2,86.2,1704,6.234,0,3
461,468,32.2,86.2,1704,6.234,0,3
466,467,32.2,86.2,1705,6.234,0,3
466,479,32.2,86.2,1705,6.234,0,3
458,481,32.2,86.3,1705,6.234,0,3
457,476,32.2,86.4,1705,6.234,0,3
465,477,32.2,86.6,1705,6.234,0,3
465,475,32.2,86.6,1705,6.234,0,3
465,487,32.2,86.7,1705,6.234,0,3
463,485,32.2,86.6,1705,6.234,0,3
460,471,32.2,86.6,1705,6.234,0,3
456,471,32.2,86.5,1705,6.234,0,3
467,474,32.2,86.4,1705,6.234,0,3
463,470,32.2,86.3,1705,6.234,0,3
466,480,32.2,86.3,1706,6.234,0,3
475,484,32.2,86.2,1706,6.234,0,3
475,484,32.2,86.3,1706,6.234,0,3
468,480,32.2,86.5,1706,6.234,0,3
470,484,32.2,86.5,1706,6.234,0,3
471,484,32.2,86.5,1706,6.234,0,3
470,479,32.2,86.4,1706,6.234,0,3
468,479,32.2,86.4,1706,6.234,0,3
469,478,32.2,86.2,1706,6.234,0,3
466,474,32.2,86.0,1706,6.234,0,3
471,463,32.2,85.9,1706,6.234,0,3
466,463,32.2,85.8,1706,6.234,0,3
469,478,32.2,85.7,1707,6.234,0,3
460,475,32.2,85.7,1707,6.234,0,3
464,475,32.2,85.8,1707,6.234,0,3
469,473,32.2,85.7,1707,6.234,0,3
469,471,32.2,85.7,1707,6.234,0,3
468,456,32.2,85.6,1707,6.234,0,3
468,455,32.2,85.5,1707,6.234,0,3
466,463,32.2,85.4,1707,6.234,0,3
467,464,32.2,85.5,1707,6.234,0,3
467,473,32.2,85.5,1707,6.234,0,3
467,473,32.2,85.5,1707,6.234,0,3
457,460,32.2,85.5,1707,6.234,0,3
455,458,32.2,85.5,1708,6.234,0,3
456,454,32.2,85.5,1708,6.234,0,3
470,471,32.2,85.6,1708,6.234,0,3
465,470,32.2,85.6,1708,6.234,0,3
468,469,32.2,85.7,1708,6.234,0,3
468,463,32.2,85.7,1708,6.234,0,3
467,465,32.3,85.7,1708,6.234,0,3
476,479,32.2,85.7,1708,6.234,0,3
482,484,32.2,85.6,1708,6.234,0,3
485,479,32.2,85.6,1708,6.234,0,3
486,484,32.2,85.6,1708,6.234,0,3
497,484,32.3,85.6,1708,6.234,0,3
497,486,32.2,85.6,1709,6.234,0,3
499,499,32.2,85.7,1709,6.234,0,3
484,498,32.2,85.7,1709,6.234,0,3
481,493,32.2,86.0,1709,6.234,0,3
488,487,32.2,86.1,1709,6.234,0,3
484,489,32.3,86.2,1709,6.234,0,3
489,499,32.2,86.2,1709,6.234,0,3
495,497,32.2,86.0,1709,6.234,0,3
499,499,32.2,85.9,1709,6.234,0,3
490,497,32.2,85.9,1709,6.234,0,3
474,484,32.3,86.0,1709,6.234,0,3
470,484,32.3,86.1,1709,6.234,0,3
491,493,32.2,86.1,1710,6.234,0,3
493,491,32.2,86.1,1710,6.234,0,3
486,495,32.3,86.1,1710,6.234,0,3
484,494,32.2,86.1,1710,6.234,0,3
483,491,32.2,86.2,1710,6.234,0,3
484,490,32.2,86.2,1710,6.234,0,3
480,491,32.2,86.2,1710,6.234,0,3
483,490,32.3,86.1,1710,6.234,0,3
485,490,32.3,86.0,1710,6.234,0,3
483,487,32.3,85.9,1710,6.234,0,3
480,484,32.3,85.9,1710,6.234,0,3
482,486,32.3,85.9,1710,6.234,0,3
488,487,32.3,85.9,1711,6.234,0,3
483,488,32.2,86.0,1711,6.234,0,3
480,474,32.3,85.9,1711,6.234,0,3
477,471,32.3,85.9,1711,6.234,0,3
481,478,32.3,85.9,1711,6.234,0,3
479,475,32.2,86.2,1711,6.234,0,3
475,480,32.3,86.3,1711,6.234,0,3
474,475,32.3,86.2,1711,6.234,0,3
477,475,32.3,86.1,1711,6.234,0,3
478,469,32.3,85.9,1711,6.234,0,3
478,466,32.3,85.6,1711,6.234,0,3
478,479,32.3,85.4,1711,6.234,0,3
478,474,32.2,85.3,1712,6.234,0,3
479,474,32.3,85.3,1712,6.234,0,3
477,465,32.3,85.3,1712,6.234,0,3
472,465,32.3,85.4,1712,6.234,0,3
477,471,32.2,85.3,1712,6.234,0,3
475,471,32.3,85.2,1712,6.234,0,3
477,473,32.2,85.3,1712,6.234,0,3
473,471,32.3,85.3,1712,6.234,0,3
477,471,32.3,85.5,1712,6.234,0,3
484,477,32.2,85.7,1712,6.234,0,3
484,481,32.2,85.9,1712,6.234,0,3
481,481,32.2,86.0,1712,6.234,0,3
484,471,32.2,85.6,1713,6.234,0,3
484,467,32.2,85.3,1713,6.234,0,3
485,483,32.2,85.3,1713,6.234,0,3
485,487,32.2,85.4,1713,6.234,0,3
488,493,32.2,85.4,1713,6.234,0,3
488,493,32.2,85.4,1713,6.234,0,3
488,499,32.2,85.5,1713,6.234,0,3
489,499,32.2,85.6,1713,6.234,0,3
486,499,32.2,85.7,1713,6.234,0,3
484,485,32.2,85.7,1713,6.234,0,3
479,485,32.2,85.7,1713,6.234,0,3
487,485,32.2,85.7,1713,6.234,0,3
484,485,32.2,85.5,1714,6.234,0,3
486,484,32.2,85.4,1714,6.234,0,3
484,484,32.2,85.4,1714,6.234,0,3
483,483,32.2,85.6,1714,6.234,0,3
484,479,32.2,85.6,1714,6.234,0,3
489,485,32.2,85.8,1714,6.234,0,3
483,483,32.2,85.7,1714,6.234,0,3
482,477,32.2,85.6,1714,6.234,0,3
483,479,32.2,85.7,1714,6.234,0,3
483,481,32.2,85.9,1714,6.234,0,3
482,484,32.2,86.3,1714,6.234,0,3
482,484,32.2,86.7,1714,6.234,0,3
481,486,32.2,86.9,1715,6.234,0,3
484,485,32.2,86.9,1715,6.234,0,3
483,490,32.2,87.0,1715,6.234,0,3
484,499,32.2,87.0,1715,6.234,0,3
483,495,32.2,87.0,1715,6.234,0,3
483,494,32.2,87.0,1715,6.234,0,3
483,493,32.2,87.0,1715,6.234,0,3
482,484,32.2,86.9,1715,6.234,0,3
481,484,32.2,86.8,1715,6.234,0,3
484,490,32.2,86.7,1715,6.234,0,3
484,487,32.2,86.3,1715,6.234,0,3
484,485,32.2,86.2,1715,6.234,0,3
485,484,32.2,86.1,1716,6.314,0,3
485,485,32.2,86.2,1716,6.314,0,3
485,486,32.2,86.4,1716,6.314,0,3
490,489,32.2,86.6,1716,6.314,0,3
498,485,32.2,86.8,1716,6.314,0,3
495,492,32.2,86.8,1716,6.314,0,3
499,504,32.2,87.0,1716,6.314,0,3
499,522,32.2,87.0,1716,6.314,0,3
499,518,32.2,87.0,1716,6.314,0,3
498,515,32.2,86.9,1716,6.314,0,3
499,515,32.2,86.5,1716,6.314,0,3
499,513,32.2,86.3,1716,6.314,0,3
495,499,32.2,86.3,1717,6.314,0,3
491,497,32.2,86.2,1717,6.314,0,3
491,494,32.2,86.2,1717,6.314,0,3
491,494,32.2,86.2,1717,6.314,0,3
487,492,32.2,86.1,1717,6.314,0,3
491,487,32.2,86.2,1717,6.314,0,3
491,483,32.2,86.3,1717,6.314,0,3
477,482,32.2,86.4,1717,6.314,0,3
475,481,32.2,86.4,1717,6.314,0,3
489,481,32.2,86.5,1717,6.314,0,3
488,479,32.2,86.5,1717,6.314,0,3
499,497,32.2,86.6,1717,6.314,0,3
495,496,32.2,86.6,1718,6.314,0,3
490,495,32.2,86.7,1718,6.314,0,3
485,491,32.2,86.7,1718,6.314,0,3
484,496,32.2,86.6,1718,6.314,0,3
498,499,32.2,86.7,1718,6.314,0,3
497,499,32.2,86.6,1718,6.314,0,3
488,494,32.2,86.6,1718,6.314,0,3
486,497,32.2,86.6,1718,6.314,0,3
489,494,32.2,86.5,1718,6.314,0,3
487,491,32.3,86.5,1718,6.314,0,3
487,493,32.2,86.5,1718,6.314,0,3
486,496,32.2,86.4,1718,6.314,0,3
479,475,32.2,86.3,1719,6.314,0,3
477,478,32.2,86.3,1719,6.314,0,3
486,487,32.2,86.3,1719,6.314,0,3
486,485,32.2,86.5,1719,6.314,0,3
491,485,32.3,86.5,1719,6.314,0,3
491,489,32.3,86.5,1719,6.314,0,3
496,495,32.2,86.5,1719,6.314,0,3
498,505,32.2,86.7,1719,6.314,0,3
512,508,32.3,86.7,1719,6.314,0,3
527,505,32.3,86.7,1719,6.314,0,3
517,505,32.3,86.6,1719,6.314,0,3
514,511,32.2,86.6,1719,6.314,0,3
516,510,32.3,86.5,1720,6.314,0,3
515,498,32.3,86.9,1720,6.314,0,3
514,499,32.2,87.2,1720,6.314,0,3
512,532,32.3,87.4,1720,6.314,0,3
517,533,32.3,87.6,1720,6.314,0,3
515,530,32.3,87.7,1720,6.314,0,3
496,518,32.3,87.7,1720,6.314,0,3
491,521,32.3,87.6,1720,6.314,0,3
489,522,32.3,87.6,1720,6.314,0,3
490,521,32.3,87.4,1720,6.314,0,3
516,522,32.3,87.4,1720,6.314,0,3
513,522,32.3,87.2,1720,6.314,0,3
519,521,32.3,87.1,1721,6.314,0,3
514,520,32.3,87.0,1721,6.314,0,3
506,507,32.3,87.0,1721,6.314,0,3
506,507,32.3,87.0,1721,6.314,0,3
498,497,32.3,87.0,1721,6.314,0,3
497,499,32.3,86.9,1721,6.314,0,3
494,499,32.3,86.9,1721,6.314,0,3
494,499,32.3,86.9,1721,6.314,0,3
498,495,32.3,86.8,1721,6.314,0,3
499,511,32.3,86.8,1721,6.314,0,3
496,509,32.3,86.8,1721,6.314,0,3
517,513,32.3,87.0,1721,6.314,0,3
515,514,32.3,87.0,1722,6.314,0,3
518,515,32.3,87.2,1722,6.314,0,3
495,515,32.3,87.3,1722,6.314,0,3
491,515,32.3,87.4,1722,6.314,0,3
515,516,32.3,87.2,1722,6.314,0,3
515,518,32.3,86.9,1722,6.314,0,3
511,516,32.3,86.9,1722,6.314,0,3
499,516,32.3,87.3,1722,6.314,0,3
499,515,32.3,87.5,1722,6.314,0,3
499,515,32.3,87.5,1722,6.314,0,3
505,521,32.3,87.8,1722,6.314,0,3
505,522,32.3,87.9,1722,6.314,0,3
506,516,32.3,87.8,1723,6.314,0,3
513,517,32.3,87.8,1723,6.314,0,3
514,516,32.3,87.8,1723,6.314,0,3
514,515,32.3,87.9,1723,6.314,0,3
512,518,32.3,88.0,1723,6.314,0,3
516,538,32.3,88.0,1723,6.314,0,3
513,541,32.3,88.1,1723,6.314,0,3
517,543,32.3,88.2,1723,6.314,0,3
517,539,32.3,88.1,1723,6.314,0,3
513,539,32.3,87.9,1723,6.314,0,3
499,525,32.3,87.8,1723,6.314,0,3
498,521,32.3,87.7,1723,6.314,0,3
497,526,32.3,87.5,1724,6.314,0,3
499,530,32.3,87.4,1724,6.314,0,3
499,527,32.3,87.3,1724,6.314,0,3
499,522,32.3,87.4,1724,6.314,0,3
499,517,32.3,87.4,1724,6.314,0,3
497,515,32.3,87.4,1724,6.314,0,3
514,527,32.3,87.4,1724,6.314,0,3
512,526,32.3,87.4,1724,6.314,0,3
491,514,32.3,87.4,1724,6.314,0,3
487,511,32.3,87.4,1724,6.314,0,3
512,514,32.3,87.3,1724,6.314,0,3
513,533,32.3,87.3,1724,6.314,0,3
512,530,32.3,87.1,1725,6.314,0,3
511,521,32.3,87.1,1725,6.314,0,3
511,516,32.3,87.1,1725,6.314,0,3
511,516,32.3,87.0,1725,6.314,0,3
511,515,32.3,87.0,1725,6.314,0,3
499,514,32.3,87.1,1725,6.314,0,3
499,514,32.3,87.2,1725,6.314,0,3
497,515,32.3,87.4,1725,6.314,0,3
499,515,32.3,87.5,1725,6.314,0,3
499,515,32.3,87.5,1725,6.314,0,3
499,515,32.3,87.6,1725,6.314,0,3
499,515,32.3,87.7,1725,6.314,0,3
499,515,32.3,87.6,1726,6.314,0,3
499,515,32.3,87.4,1726,6.314,0,3
499,515,32.3,87.2,1726,6.314,0,3
499,514,32.3,86.9,1726,6.314,0,3
516,499,32.3,86.8,1726,6.314,0,3
514,499,32.3,86.6,1726,6.314,0,3
516,504,32.3,86.5,1726,6.314,0,3
520,517,32.3,86.6,1726,6.314,0,3
515,515,32.3,86.6,1726,6.314,0,3
491,497,32.3,86.6,1726,6.314,0,3
489,494,32.3,86.7,1726,6.314,0,3
487,493,32.3,86.8,1726,6.314,0,3
490,491,32.3,86.6,1727,6.314,0,3
499,499,32.3,86.2,1727,6.314,0,3
499,499,32.3,86.0,1727,6.314,0,3
499,495,32.3,86.1,1727,6.314,0,3
498,495,32.3,86.0,1727,6.314,0,3
499,481,32.3,86.1,1727,6.314,0,3
499,486,32.3,86.1,1727,6.314,0,3
499,495,32.3,86.1,1727,6.314,0,3
498,491,32.3,86.2,1727,6.314,0,3
497,494,32.3,86.4,1727,6.314,0,3
498,493,32.3,86.6,1727,6.314,0,3
498,495,32.3,86.7,1727,6.314,0,3
484,486,32.3,86.7,1728,6.314,0,3
485,485,32.3,86.8,1728,6.314,0,3
498,499,32.3,87.1,1728,6.314,0,3
497,499,32.3,87.2,1728,6.314,0,3
499,499,32.3,87.0,1728,6.314,0,3
511,499,32.3,87.0,1728,6.314,0,3
515,499,32.3,87.2,1728,6.314,0,3
510,498,32.3,87.3,1728,6.314,0,3
511,497,32.3,87.2,1728,6.314,0,3
511,511,32.3,87.2,1728,6.314,0,3
510,512,32.3,87.0,1728,6.314,0,3
515,499,32.3,86.9,1728,6.314,0,3
510,499,32.3,86.6,1729,6.314,0,3
504,498,32.3,86.5,1729,6.314,0,3
499,497,32.3,86.5,1729,6.314,0,3
499,496,32.3,86.4,1729,6.314,0,3
497,495,32.3,86.3,1729,6.314,0,3
515,499,32.3,86.4,1729,6.314,0,3
515,499,32.3,86.5,1729,6.314,0,3
510,499,32.3,86.6,1729,6.314,0,3
499,486,32.3,86.7,1729,6.314,0,3
488,487,32.3,86.7,1729,6.314,0,3
485,487,32.3,86.7,1729,6.314,0,3
485,487,32.3,86.7,1729,6.314,0,3
499,499,32.3,86.8,1730,6.314,0,3
497,498,32.3,86.7,1730,6.314,0,3
507,506,32.3,86.7,1730,6.314,0,3
519,551,32.3,87.0,1730,6.314,0,3
534,549,32.3,86.9,1730,6.314,0,3
530,547,32.3,86.9,1730,6.314,0,3
527,541,32.3,86.9,1730,6.314,0,3
527,546,32.3,86.8,1730,6.314,0,3
523,545,32.3,86.7,1730,6.314,0,3
524,535,32.3,86.7,1730,6.314,0,3
519,531,32.3,86.6,1730,6.314,0,3
516,528,32.3,86.7,1730,6.314,0,3
516,529,32.3,86.7,1731,6.314,0,3
520,528,32.3,86.7,1731,6.314,0,3
520,528,32.3,86.7,1731,6.314,0,3
520,528,32.3,86.6,1731,6.314,0,3
518,518,32.3,86.6,1731,6.314,0,3
518,515,32.3,86.7,1731,6.314,0,3
518,528,32.3,86.6,1731,6.314,0,3
515,528,32.3,86.6,1731,6.314,0,3
514,512,32.3,86.6,1731,6.314,0,3
512,509,32.3,86.6,1731,6.314,0,3
515,514,32.3,86.7,1731,6.314,0,3
515,513,32.3,86.6,1731,6.314,0,3
514,512,32.3,86.7,1732,6.314,0,3
512,513,32.3,86.8,1732,6.314,0,3
517,514,32.3,86.8,1732,6.314,0,3
516,512,32.3,86.8,1732,6.314,0,3
515,494,32.3,86.9,1732,6.314,0,3
515,490,32.3,86.8,1732,6.314,0,3
515,510,32.3,86.8,1732,6.314,0,3
515,512,32.3,86.9,1732,6.314,0,3
515,515,32.3,86.9,1732,6.314,0,3
515,517,32.3,87.2,1732,6.314,0,3
514,518,32.3,87.4,1732,6.314,0,3
514,513,32.3,87.2,1732,6.314,0,3
514,513,32.3,87.1,1733,6.314,0,3
516,512,32.3,87.0,1733,6.314,0,3
498,512,32.3,86.9,1733,6.314,0,3
498,512,32.3,86.9,1733,6.314,0,3
513,512,32.3,86.9,1733,6.314,0,3
518,510,32.3,86.8,1733,6.314,0,3
522,515,32.3,86.9,1733,6.314,0,3
531,526,32.3,86.8,1733,6.314,0,3
537,538,32.3,87.5,1733,6.314,0,3
537,542,32.3,88.2,1733,6.314,0,3
547,543,32.3,88.2,1733,6.314,0,3
544,543,32.3,87.6,1733,6.314,0,3
536,545,32.3,87.5,1734,6.314,0,3
535,538,32.3,87.4,1734,6.314,0,3
533,536,32.3,87.2,1734,6.314,0,3
535,529,32.3,87.0,1734,6.314,0,3
533,515,32.3,87.0,1734,6.314,0,3
522,515,32.3,87.1,1734,6.314,0,3
524,514,32.3,87.2,1734,6.314,0,3
536,517,32.3,87.2,1734,6.314,0,3
531,518,32.3,87.2,1734,6.314,0,3
528,517,32.3,87.4,1734,6.314,0,3
529,517,32.3,87.5,1734,6.314,0,3
516,514,32.3,87.4,1734,6.314,0,3
512,517,32.3,87.4,1735,6.314,0,3
534,522,32.3,87.5,1735,6.314,0,3
529,518,32.3,87.5,1735,6.314,0,3
524,515,32.3,87.5,1735,6.314,0,3
527,520,32.3,87.5,1735,6.314,0,3
529,521,32.3,87.5,1735,6.314,0,3
541,515,32.3,87.4,1735,6.314,0,3
